Return_ID,Order_ID,Return_Date,Return_Reason,Product_ID,Category
400001,310050,2024-03-25,Quality Issue,20084,Electronics
400002,327909,2024-03-09,Size Issue,20074,Electronics
400003,331251,2026-07-03,Damaged,20383,Beauty
400004,326489,2025-09-23,Size Issue,20448,Beauty
400005,357925,2025-03-17,Size Issue,20181,Fashion
400006,314763,2026-02-04,Size Issue,20078,Electronics
400007,318706,2025-08-18,Size Issue,20163,Fashion
400008,349699,2025-07-24,Late Delivery,20206,Fashion
400009,346865,2026-07-26,Changed Mind,20152,Fashion
400010,315849,2026-07-05,Late Delivery,20544,Sports
400011,345542,2025-12-15,Wrong Item,20032,Electronics
400012,330602,2024-10-26,Damaged,20576,Sports
400013,334277,2025-12-12,Size Issue,20074,Electronics
400014,353672,2025-10-29,Quality Issue,20330,Home
400015,339288,2025-12-17,Quality Issue,20319,Home
400016,307006,2024-08-07,Damaged,20004,Electronics
400017,315284,2024-05-08,Wrong Item,20173,Fashion
400018,315776,2024-12-26,Quality Issue,20476,Beauty
400019,350037,2025-07-23,Changed Mind,20440,Beauty
400020,306624,2026-03-18,Late Delivery,20285,Home
400021,309748,2024-10-30,Size Issue,20458,Beauty
400022,302304,2026-04-14,Quality Issue,20116,Electronics
400023,311380,2024-01-20,Size Issue,20031,Electronics
400024,311445,2025-08-01,Damaged,20527,Sports
400025,320743,2025-06-05,Changed Mind,20225,Fashion
400026,324121,2024-10-06,Damaged,20265,Home
400027,359419,2024-10-09,Changed Mind,20591,Sports
400028,356665,2025-01-27,Size Issue,20335,Home
400029,348456,2026-03-10,Late Delivery,20306,Home
400030,330975,2025-05-27,Quality Issue,20558,Sports
400031,313263,2025-08-08,Size Issue,20436,Beauty
400032,324550,2024-06-08,Late Delivery,20526,Sports
400033,311759,2026-04-15,Damaged,20592,Sports
400034,339408,2024-08-05,Size Issue,20112,Electronics
400035,342335,2024-11-05,Late Delivery,20327,Home
400036,345020,2025-10-07,Damaged,20066,Electronics
400037,355286,2025-04-19,Quality Issue,20383,Beauty
400038,331134,2026-08-09,Size Issue,20491,Sports
400039,343196,2026-02-09,Quality Issue,20022,Electronics
400040,315712,2024-02-23,Wrong Item,20028,Electronics
400041,331292,2025-04-19,Damaged,20421,Beauty
400042,307047,2026-04-10,Changed Mind,20149,Fashion
400043,354045,2024-05-13,Size Issue,20177,Fashion
400044,340676,2025-11-17,Damaged,20496,Sports
400045,332486,2026-07-28,Quality Issue,20414,Beauty
400046,310030,2026-05-28,Changed Mind,20173,Fashion
400047,313109,2025-02-06,Wrong Item,20502,Sports
400048,354411,2025-08-14,Damaged,20292,Home
400049,305698,2024-10-05,Size Issue,20135,Fashion
400050,320542,2025-11-29,Size Issue,20587,Sports
400051,341414,2024-04-04,Size Issue,20570,Sports
400052,341450,2026-06-07,Size Issue,20368,Beauty
400053,310805,2024-12-20,Damaged,20190,Fashion
400054,316287,2025-02-20,Damaged,20446,Beauty
400055,309740,2024-06-22,Damaged,20116,Electronics
400056,315293,2026-03-31,Changed Mind,20416,Beauty
400057,317498,2026-06-21,Quality Issue,20042,Electronics
400058,313928,2025-10-27,Quality Issue,20052,Electronics
400059,319378,2026-01-15,Quality Issue,20282,Home
400060,357310,2024-05-24,Size Issue,20535,Sports
400061,350804,2025-08-03,Wrong Item,20175,Fashion
400062,320282,2026-05-29,Size Issue,20089,Electronics
400063,316181,2026-09-26,Quality Issue,20235,Fashion
400064,307005,2026-06-24,Damaged,20408,Beauty
400065,312668,2025-07-17,Damaged,20051,Electronics
400066,318219,2024-05-21,Damaged,20368,Beauty
400067,345762,2026-01-22,Wrong Item,20092,Electronics
400068,335809,2024-04-19,Damaged,20251,Home
400069,352304,2025-03-12,Size Issue,20526,Sports
400070,349873,2025-05-09,Quality Issue,20402,Beauty
400071,310383,2024-03-04,Size Issue,20232,Fashion
400072,317643,2024-06-05,Size Issue,20467,Beauty
400073,347940,2026-05-09,Changed Mind,20402,Beauty
400074,347642,2024-04-05,Quality Issue,20037,Electronics
400075,344918,2024-12-16,Quality Issue,20327,Home
400076,325842,2025-06-09,Wrong Item,20183,Fashion
400077,300730,2026-08-02,Wrong Item,20242,Home
400078,346056,2026-07-22,Late Delivery,20332,Home
400079,309642,2026-07-01,Late Delivery,20013,Electronics
400080,307295,2026-02-19,Late Delivery,20572,Sports
400081,321033,2024-05-28,Size Issue,20295,Home
400082,357562,2025-06-30,Damaged,20365,Beauty
400083,342993,2024-07-21,Late Delivery,20167,Fashion
400084,333365,2024-05-30,Damaged,20002,Electronics
400085,321747,2026-09-22,Size Issue,20439,Beauty
400086,347937,2026-07-12,Size Issue,20509,Sports
400087,313139,2025-04-09,Damaged,20304,Home
400088,329580,2026-03-19,Damaged,20014,Electronics
400089,306084,2025-06-30,Size Issue,20334,Home
400090,357756,2024-04-30,Late Delivery,20144,Fashion
400091,300384,2025-08-22,Size Issue,20582,Sports
400092,335548,2025-07-28,Damaged,20445,Beauty
400093,311031,2025-02-16,Damaged,20417,Beauty
400094,301120,2025-01-08,Late Delivery,20325,Home
400095,325948,2025-07-23,Quality Issue,20185,Fashion
400096,346650,2025-11-21,Changed Mind,20505,Sports
400097,322522,2025-08-04,Wrong Item,20527,Sports
400098,304212,2024-11-20,Changed Mind,20437,Beauty
400099,332127,2025-01-05,Damaged,20237,Fashion
400100,355035,2025-07-19,Wrong Item,20365,Beauty
400101,353161,2024-11-20,Late Delivery,20056,Electronics
400102,328910,2024-09-12,Damaged,20335,Home
400103,318621,2024-10-15,Changed Mind,20065,Electronics
400104,350796,2024-05-16,Damaged,20558,Sports
400105,327708,2024-11-11,Late Delivery,20258,Home
400106,346759,2025-09-04,Quality Issue,20049,Electronics
400107,333505,2025-02-18,Damaged,20098,Electronics
400108,323871,2024-08-27,Quality Issue,20533,Sports
400109,354230,2024-10-13,Size Issue,20266,Home
400110,308077,2024-02-12,Size Issue,20455,Beauty
400111,331552,2025-07-28,Size Issue,20411,Beauty
400112,310930,2025-11-21,Damaged,20195,Fashion
400113,319771,2026-08-02,Damaged,20064,Electronics
400114,311666,2026-04-02,Changed Mind,20443,Beauty
400115,357639,2026-07-10,Changed Mind,20368,Beauty
400116,349006,2026-05-08,Damaged,20168,Fashion
400117,319682,2024-08-12,Wrong Item,20138,Fashion
400118,306131,2026-06-27,Late Delivery,20118,Electronics
400119,310012,2025-02-23,Damaged,20570,Sports
400120,313154,2025-02-23,Size Issue,20092,Electronics
400121,322742,2025-05-04,Changed Mind,20118,Electronics
400122,353427,2026-04-13,Damaged,20512,Sports
400123,328239,2025-09-02,Damaged,20425,Beauty
400124,327606,2024-09-06,Changed Mind,20560,Sports
400125,313213,2024-12-02,Damaged,20170,Fashion
400126,308590,2026-03-02,Quality Issue,20437,Beauty
400127,301403,2026-06-20,Wrong Item,20505,Sports
400128,303263,2024-07-31,Late Delivery,20210,Fashion
400129,301009,2024-08-03,Changed Mind,20534,Sports
400130,305112,2025-04-13,Late Delivery,20166,Fashion
400131,344721,2026-07-29,Wrong Item,20157,Fashion
400132,325402,2024-02-14,Wrong Item,20591,Sports
400133,335472,2026-08-09,Wrong Item,20568,Sports
400134,337612,2024-11-22,Size Issue,20561,Sports
400135,346322,2024-12-15,Damaged,20498,Sports
400136,326086,2026-06-12,Quality Issue,20354,Home
400137,302415,2026-03-31,Quality Issue,20274,Home
400138,302374,2026-05-09,Damaged,20389,Beauty
400139,346707,2025-01-19,Damaged,20089,Electronics
400140,312742,2025-01-27,Wrong Item,20039,Electronics
400141,315008,2026-08-26,Wrong Item,20323,Home
400142,315918,2024-10-17,Damaged,20460,Beauty
400143,355960,2024-03-31,Late Delivery,20285,Home
400144,312974,2024-10-04,Wrong Item,20366,Beauty
400145,347085,2026-03-11,Late Delivery,20144,Fashion
400146,301024,2025-08-27,Damaged,20374,Beauty
400147,309485,2024-07-15,Changed Mind,20263,Home
400148,313839,2026-05-11,Damaged,20369,Beauty
400149,353251,2024-06-02,Quality Issue,20285,Home
400150,337561,2025-06-08,Quality Issue,20055,Electronics
400151,313654,2026-06-30,Quality Issue,20390,Beauty
400152,338732,2025-11-26,Damaged,20079,Electronics
400153,305673,2026-03-24,Changed Mind,20508,Sports
400154,343652,2024-11-26,Damaged,20325,Home
400155,331103,2025-08-18,Late Delivery,20110,Electronics
400156,352739,2025-11-09,Late Delivery,20519,Sports
400157,335551,2024-03-17,Size Issue,20247,Home
400158,353799,2025-05-16,Late Delivery,20460,Beauty
400159,328006,2024-12-30,Late Delivery,20265,Home
400160,328906,2024-06-18,Wrong Item,20413,Beauty
400161,300651,2025-07-20,Changed Mind,20300,Home
400162,358704,2025-02-14,Late Delivery,20250,Home
400163,323057,2025-08-04,Damaged,20372,Beauty
400164,333119,2026-05-29,Late Delivery,20455,Beauty
400165,330591,2026-01-12,Size Issue,20547,Sports
400166,326245,2026-04-14,Late Delivery,20351,Home
400167,334360,2024-10-09,Size Issue,20210,Fashion
400168,359071,2026-02-01,Damaged,20275,Home
400169,322576,2025-03-25,Size Issue,20072,Electronics
400170,327832,2024-12-02,Wrong Item,20173,Fashion
400171,342253,2025-06-01,Late Delivery,20390,Beauty
400172,341309,2025-11-16,Damaged,20359,Home
400173,318461,2025-09-05,Damaged,20311,Home
400174,300133,2025-03-26,Quality Issue,20035,Electronics
400175,353113,2026-01-17,Size Issue,20333,Home
400176,338752,2025-07-12,Quality Issue,20400,Beauty
400177,322838,2025-08-03,Changed Mind,20116,Electronics
400178,304322,2024-08-11,Quality Issue,20332,Home
400179,343985,2025-01-11,Wrong Item,20026,Electronics
400180,331093,2026-05-20,Size Issue,20094,Electronics
400181,307671,2026-01-19,Quality Issue,20518,Sports
400182,327418,2025-10-29,Wrong Item,20342,Home
400183,351735,2026-09-01,Changed Mind,20137,Fashion
400184,322491,2024-03-26,Wrong Item,20113,Electronics
400185,347080,2024-09-15,Damaged,20568,Sports
400186,331253,2025-07-13,Size Issue,20153,Fashion
400187,316484,2025-11-23,Late Delivery,20422,Beauty
400188,355073,2026-07-14,Wrong Item,20292,Home
400189,310998,2026-06-10,Quality Issue,20407,Beauty
400190,334056,2026-02-28,Damaged,20478,Beauty
400191,334350,2025-12-13,Late Delivery,20496,Sports
400192,352762,2024-03-18,Wrong Item,20336,Home
400193,327640,2026-07-12,Changed Mind,20301,Home
400194,340185,2025-09-25,Wrong Item,20338,Home
400195,311937,2026-07-02,Size Issue,20242,Home
400196,326183,2024-02-25,Damaged,20212,Fashion
400197,355628,2026-08-02,Wrong Item,20473,Beauty
400198,337003,2025-11-05,Damaged,20067,Electronics
400199,309086,2026-02-07,Size Issue,20270,Home
400200,358281,2024-10-06,Late Delivery,20024,Electronics
400201,351058,2024-12-13,Changed Mind,20308,Home
400202,300757,2026-02-19,Changed Mind,20479,Beauty
400203,326290,2025-06-07,Damaged,20233,Fashion
400204,347319,2026-05-10,Quality Issue,20200,Fashion
400205,354496,2026-05-25,Size Issue,20248,Home
400206,304266,2024-03-05,Late Delivery,20287,Home
400207,316118,2026-05-30,Damaged,20139,Fashion
400208,338727,2024-11-04,Late Delivery,20204,Fashion
400209,332111,2024-05-29,Wrong Item,20130,Fashion
400210,324492,2025-12-13,Damaged,20481,Sports
400211,332137,2026-07-08,Damaged,20260,Home
400212,336581,2025-09-17,Changed Mind,20270,Home
400213,333422,2025-06-24,Quality Issue,20311,Home
400214,336202,2025-12-07,Quality Issue,20213,Fashion
400215,354062,2025-08-29,Quality Issue,20224,Fashion
400216,344785,2025-08-21,Size Issue,20227,Fashion
400217,302353,2025-03-25,Wrong Item,20381,Beauty
400218,314603,2025-02-02,Wrong Item,20266,Home
400219,305513,2026-04-28,Wrong Item,20107,Electronics
400220,313071,2024-07-13,Quality Issue,20393,Beauty
400221,326866,2024-12-26,Changed Mind,20370,Beauty
400222,349587,2024-11-02,Late Delivery,20178,Fashion
400223,314797,2025-02-18,Size Issue,20038,Electronics
400224,354994,2025-11-21,Quality Issue,20576,Sports
400225,339552,2026-06-27,Wrong Item,20054,Electronics
400226,333580,2025-04-06,Quality Issue,20148,Fashion
400227,336109,2025-04-05,Quality Issue,20264,Home
400228,329420,2025-12-05,Late Delivery,20030,Electronics
400229,320106,2025-03-31,Damaged,20465,Beauty
400230,348060,2026-09-02,Changed Mind,20007,Electronics
400231,326331,2026-04-15,Wrong Item,20592,Sports
400232,344993,2024-02-04,Quality Issue,20372,Beauty
400233,359006,2025-05-11,Damaged,20371,Beauty
400234,304396,2024-10-02,Quality Issue,20374,Beauty
400235,321610,2024-04-11,Damaged,20229,Fashion
400236,323175,2024-08-27,Wrong Item,20121,Fashion
400237,331800,2026-06-11,Late Delivery,20445,Beauty
400238,322289,2025-11-15,Late Delivery,20558,Sports
400239,358149,2025-06-14,Size Issue,20408,Beauty
400240,342644,2025-06-09,Wrong Item,20047,Electronics
400241,339454,2025-05-08,Size Issue,20373,Beauty
400242,322688,2025-02-18,Quality Issue,20045,Electronics
400243,341226,2024-08-13,Late Delivery,20315,Home
400244,324654,2024-10-02,Damaged,20332,Home
400245,305495,2026-09-02,Changed Mind,20312,Home
400246,342775,2026-04-04,Size Issue,20005,Electronics
400247,326354,2025-06-08,Size Issue,20398,Beauty
400248,336503,2025-11-12,Late Delivery,20018,Electronics
400249,336649,2025-07-05,Quality Issue,20015,Electronics
400250,345487,2026-04-29,Quality Issue,20035,Electronics
400251,358951,2024-03-24,Wrong Item,20041,Electronics
400252,340921,2025-03-06,Wrong Item,20350,Home
400253,352864,2024-05-03,Size Issue,20188,Fashion
400254,307615,2024-07-20,Late Delivery,20065,Electronics
400255,340660,2026-07-14,Size Issue,20124,Fashion
400256,323797,2025-10-01,Quality Issue,20436,Beauty
400257,331859,2026-04-27,Wrong Item,20122,Fashion
400258,358536,2026-03-23,Damaged,20041,Electronics
400259,338977,2024-06-20,Quality Issue,20511,Sports
400260,324477,2024-07-25,Size Issue,20474,Beauty
400261,357222,2026-05-07,Wrong Item,20093,Electronics
400262,313739,2026-05-11,Size Issue,20208,Fashion
400263,331430,2025-10-29,Quality Issue,20114,Electronics
400264,307288,2024-09-29,Changed Mind,20217,Fashion
400265,348940,2026-03-13,Damaged,20352,Home
400266,347746,2024-11-21,Size Issue,20269,Home
400267,334481,2025-11-17,Size Issue,20161,Fashion
400268,353255,2025-09-21,Late Delivery,20597,Sports
400269,328395,2025-08-05,Changed Mind,20362,Beauty
400270,300295,2025-10-07,Quality Issue,20079,Electronics
400271,348052,2024-04-19,Quality Issue,20156,Fashion
400272,343903,2025-01-22,Size Issue,20253,Home
400273,339346,2024-07-15,Changed Mind,20489,Sports
400274,309794,2026-06-19,Size Issue,20455,Beauty
400275,308152,2024-03-02,Late Delivery,20479,Beauty
400276,305325,2026-04-28,Quality Issue,20279,Home
400277,318381,2024-04-04,Quality Issue,20291,Home
400278,343303,2024-03-26,Damaged,20332,Home
400279,328088,2024-06-01,Changed Mind,20588,Sports
400280,304601,2026-05-22,Quality Issue,20578,Sports
400281,325761,2026-04-30,Late Delivery,20555,Sports
400282,352620,2025-04-21,Quality Issue,20554,Sports
400283,347823,2026-01-21,Changed Mind,20376,Beauty
400284,337963,2026-08-16,Size Issue,20594,Sports
400285,328865,2025-06-12,Wrong Item,20318,Home
400286,329783,2025-11-11,Quality Issue,20069,Electronics
400287,316027,2024-03-22,Wrong Item,20017,Electronics
400288,343511,2025-05-11,Changed Mind,20571,Sports
400289,327948,2024-05-03,Damaged,20203,Fashion
400290,345790,2024-07-02,Quality Issue,20281,Home
400291,317644,2024-10-12,Wrong Item,20036,Electronics
400292,333621,2024-12-11,Late Delivery,20132,Fashion
400293,314609,2024-04-30,Size Issue,20563,Sports
400294,314907,2024-06-10,Size Issue,20353,Home
400295,301150,2025-11-12,Damaged,20490,Sports
400296,328722,2024-10-27,Size Issue,20572,Sports
400297,353245,2026-09-07,Quality Issue,20191,Fashion
400298,329555,2026-08-30,Quality Issue,20103,Electronics
400299,304796,2026-02-09,Late Delivery,20136,Fashion
400300,354768,2025-04-11,Size Issue,20359,Home
400301,326092,2026-01-30,Late Delivery,20346,Home
400302,339373,2025-04-07,Wrong Item,20555,Sports
400303,341944,2024-09-14,Quality Issue,20290,Home
400304,343849,2026-05-23,Quality Issue,20407,Beauty
400305,355239,2026-05-01,Changed Mind,20156,Fashion
400306,344914,2026-05-10,Changed Mind,20137,Fashion
400307,353341,2026-05-15,Wrong Item,20263,Home
400308,350132,2026-07-05,Late Delivery,20187,Fashion
400309,325839,2024-03-12,Quality Issue,20276,Home
400310,319539,2024-09-10,Damaged,20194,Fashion
400311,300928,2026-05-16,Changed Mind,20105,Electronics
400312,319400,2025-07-26,Quality Issue,20096,Electronics
400313,309184,2026-07-15,Quality Issue,20539,Sports
400314,303964,2025-04-05,Size Issue,20534,Sports
400315,306812,2025-02-28,Size Issue,20321,Home
400316,335904,2026-03-24,Quality Issue,20444,Beauty
400317,323177,2024-04-06,Damaged,20073,Electronics
400318,304775,2024-08-09,Damaged,20368,Beauty
400319,355282,2025-05-18,Changed Mind,20073,Electronics
400320,324036,2026-03-09,Wrong Item,20451,Beauty
400321,337440,2026-05-16,Damaged,20489,Sports
400322,328504,2025-10-06,Late Delivery,20347,Home
400323,343220,2024-11-15,Changed Mind,20113,Electronics
400324,350083,2026-06-20,Damaged,20039,Electronics
400325,312256,2026-04-20,Late Delivery,20254,Home
400326,302805,2026-05-02,Damaged,20409,Beauty
400327,353734,2025-10-03,Quality Issue,20472,Beauty
400328,331794,2026-08-01,Size Issue,20238,Fashion
400329,306337,2026-09-04,Size Issue,20342,Home
400330,351483,2024-03-27,Damaged,20593,Sports
400331,349050,2026-03-24,Late Delivery,20355,Home
400332,344251,2024-11-24,Size Issue,20542,Sports
400333,313035,2026-07-12,Damaged,20226,Fashion
400334,332880,2025-09-28,Damaged,20560,Sports
400335,322210,2026-09-22,Wrong Item,20264,Home
400336,353598,2026-09-01,Changed Mind,20346,Home
400337,329414,2025-07-26,Late Delivery,20207,Fashion
400338,325512,2024-09-08,Quality Issue,20021,Electronics
400339,327064,2026-09-15,Changed Mind,20384,Beauty
400340,329924,2026-01-18,Late Delivery,20028,Electronics
400341,308020,2025-04-24,Changed Mind,20060,Electronics
400342,323777,2025-11-27,Wrong Item,20115,Electronics
400343,353710,2025-07-31,Quality Issue,20505,Sports
400344,302256,2024-04-11,Damaged,20069,Electronics
400345,354366,2024-12-07,Changed Mind,20477,Beauty
400346,303899,2025-06-16,Quality Issue,20010,Electronics
400347,338954,2025-05-20,Changed Mind,20214,Fashion
400348,353475,2025-01-21,Wrong Item,20412,Beauty
400349,312525,2025-08-07,Size Issue,20293,Home
400350,356056,2026-01-26,Quality Issue,20262,Home
400351,301015,2026-04-19,Late Delivery,20388,Beauty
400352,347308,2025-01-12,Changed Mind,20250,Home
400353,316924,2025-06-02,Changed Mind,20065,Electronics
400354,347345,2026-09-06,Damaged,20478,Beauty
400355,324012,2024-01-20,Wrong Item,20054,Electronics
400356,304378,2024-11-29,Size Issue,20176,Fashion
400357,328107,2025-08-22,Quality Issue,20294,Home
400358,346659,2026-09-10,Size Issue,20537,Sports
400359,359717,2026-01-17,Quality Issue,20100,Electronics
400360,305701,2026-02-23,Wrong Item,20472,Beauty
400361,347124,2026-02-15,Quality Issue,20281,Home
400362,319193,2025-10-31,Wrong Item,20188,Fashion
400363,332350,2026-04-17,Quality Issue,20282,Home
400364,316746,2024-06-26,Quality Issue,20197,Fashion
400365,334337,2025-12-26,Quality Issue,20160,Fashion
400366,304704,2026-06-25,Late Delivery,20494,Sports
400367,357734,2025-08-01,Size Issue,20373,Beauty
400368,315015,2025-12-01,Changed Mind,20083,Electronics
400369,357046,2026-09-14,Quality Issue,20521,Sports
400370,327981,2026-09-27,Size Issue,20465,Beauty
400371,341731,2026-08-15,Quality Issue,20315,Home
400372,305093,2025-05-01,Size Issue,20554,Sports
400373,359116,2026-09-13,Late Delivery,20477,Beauty
400374,327038,2025-12-18,Size Issue,20519,Sports
400375,341814,2025-07-02,Changed Mind,20488,Sports
400376,350165,2024-04-14,Quality Issue,20389,Beauty
400377,342480,2025-10-06,Wrong Item,20171,Fashion
400378,358937,2026-06-02,Changed Mind,20082,Electronics
400379,313038,2026-06-04,Size Issue,20091,Electronics
400380,324539,2026-08-22,Size Issue,20221,Fashion
400381,350201,2025-02-14,Late Delivery,20490,Sports
400382,336139,2025-11-25,Damaged,20564,Sports
400383,337437,2026-06-23,Quality Issue,20283,Home
400384,337709,2024-04-16,Damaged,20139,Fashion
400385,303334,2025-10-10,Damaged,20467,Beauty
400386,358746,2025-12-16,Quality Issue,20414,Beauty
400387,341526,2025-12-24,Damaged,20140,Fashion
400388,344137,2025-11-22,Quality Issue,20394,Beauty
400389,314098,2026-04-09,Size Issue,20549,Sports
400390,346310,2024-07-01,Size Issue,20257,Home
400391,350621,2024-10-15,Size Issue,20196,Fashion
400392,322743,2026-06-01,Late Delivery,20595,Sports
400393,303248,2024-08-04,Late Delivery,20374,Beauty
400394,333918,2024-05-12,Quality Issue,20106,Electronics
400395,356478,2026-01-26,Size Issue,20217,Fashion
400396,342397,2026-07-31,Late Delivery,20448,Beauty
400397,321952,2025-02-03,Size Issue,20148,Fashion
400398,338998,2025-05-27,Size Issue,20368,Beauty
400399,347058,2026-07-16,Size Issue,20506,Sports
400400,329718,2026-05-15,Late Delivery,20241,Home
400401,349753,2026-02-15,Size Issue,20593,Sports
400402,312515,2024-09-11,Wrong Item,20495,Sports
400403,355094,2024-05-09,Changed Mind,20543,Sports
400404,307114,2024-09-10,Changed Mind,20434,Beauty
400405,328282,2026-04-28,Damaged,20124,Fashion
400406,345937,2026-01-13,Size Issue,20412,Beauty
400407,353614,2024-06-13,Wrong Item,20496,Sports
400408,324178,2025-05-18,Quality Issue,20284,Home
400409,330738,2025-10-04,Size Issue,20034,Electronics
400410,332859,2024-07-07,Quality Issue,20294,Home
400411,352349,2026-01-16,Size Issue,20199,Fashion
400412,313161,2026-01-21,Changed Mind,20488,Sports
400413,354284,2024-10-23,Quality Issue,20434,Beauty
400414,353007,2026-08-12,Changed Mind,20148,Fashion
400415,306200,2025-08-11,Changed Mind,20382,Beauty
400416,321440,2025-03-21,Changed Mind,20592,Sports
400417,312777,2026-05-29,Quality Issue,20374,Beauty
400418,317165,2024-07-07,Quality Issue,20577,Sports
400419,323634,2025-08-28,Changed Mind,20315,Home
400420,346831,2024-04-10,Changed Mind,20353,Home
400421,312109,2024-06-30,Quality Issue,20036,Electronics
400422,325496,2025-05-10,Wrong Item,20250,Home
400423,357951,2026-06-07,Late Delivery,20416,Beauty
400424,332503,2025-03-07,Quality Issue,20056,Electronics
400425,346543,2025-08-15,Quality Issue,20016,Electronics
400426,325801,2025-05-14,Wrong Item,20332,Home
400427,346380,2025-08-01,Wrong Item,20543,Sports
400428,301861,2025-01-26,Quality Issue,20479,Beauty
400429,315637,2025-06-11,Late Delivery,20051,Electronics
400430,346472,2024-11-10,Quality Issue,20389,Beauty
400431,353417,2025-08-11,Late Delivery,20354,Home
400432,339676,2026-01-31,Size Issue,20431,Beauty
400433,353349,2026-04-07,Changed Mind,20201,Fashion
400434,315989,2025-10-28,Quality Issue,20022,Electronics
400435,317097,2026-05-01,Quality Issue,20561,Sports
400436,325994,2026-06-18,Size Issue,20562,Sports
400437,310892,2025-11-24,Quality Issue,20139,Fashion
400438,339604,2025-02-25,Quality Issue,20260,Home
400439,302250,2026-06-14,Damaged,20243,Home
400440,350596,2025-03-06,Late Delivery,20500,Sports
400441,301554,2025-07-15,Wrong Item,20192,Fashion
400442,355175,2024-07-07,Quality Issue,20573,Sports
400443,341761,2024-05-17,Damaged,20115,Electronics
400444,344557,2026-02-27,Size Issue,20438,Beauty
400445,322496,2025-12-23,Size Issue,20434,Beauty
400446,350131,2026-09-06,Size Issue,20386,Beauty
400447,344167,2026-07-03,Late Delivery,20312,Home
400448,308987,2024-04-07,Quality Issue,20585,Sports
400449,335841,2026-07-19,Damaged,20281,Home
400450,345754,2025-04-13,Size Issue,20513,Sports
400451,329971,2024-10-29,Wrong Item,20038,Electronics
400452,325955,2024-06-25,Wrong Item,20529,Sports
400453,353111,2026-04-09,Changed Mind,20560,Sports
400454,322580,2026-06-08,Damaged,20090,Electronics
400455,313939,2026-03-02,Quality Issue,20077,Electronics
400456,358530,2026-07-24,Size Issue,20008,Electronics
400457,319207,2026-02-09,Size Issue,20129,Fashion
400458,336595,2025-06-09,Changed Mind,20048,Electronics
400459,352669,2024-02-28,Damaged,20065,Electronics
400460,312819,2025-03-24,Size Issue,20225,Fashion
400461,344128,2025-05-30,Wrong Item,20307,Home
400462,315527,2025-07-04,Quality Issue,20410,Beauty
400463,327120,2024-04-22,Changed Mind,20224,Fashion
400464,349610,2025-07-23,Size Issue,20365,Beauty
400465,308835,2026-07-15,Size Issue,20549,Sports
400466,348419,2026-01-11,Late Delivery,20047,Electronics
400467,325986,2024-12-30,Changed Mind,20304,Home
400468,330152,2024-06-16,Changed Mind,20161,Fashion
400469,325326,2026-09-17,Damaged,20582,Sports
400470,359415,2024-03-16,Late Delivery,20470,Beauty
400471,339074,2026-05-20,Quality Issue,20546,Sports
400472,300704,2026-06-07,Changed Mind,20537,Sports
400473,334569,2025-09-09,Damaged,20406,Beauty
400474,300376,2026-09-21,Late Delivery,20497,Sports
400475,328259,2025-11-22,Quality Issue,20203,Fashion
400476,337350,2026-04-12,Damaged,20052,Electronics
400477,334552,2025-02-21,Wrong Item,20477,Beauty
400478,301870,2026-05-04,Changed Mind,20426,Beauty
400479,332613,2024-04-17,Quality Issue,20304,Home
400480,329444,2025-01-08,Changed Mind,20276,Home
400481,333784,2025-10-05,Wrong Item,20433,Beauty
400482,306692,2024-08-06,Quality Issue,20157,Fashion
400483,351113,2026-03-25,Changed Mind,20276,Home
400484,358092,2025-05-02,Wrong Item,20350,Home
400485,323954,2024-06-22,Quality Issue,20545,Sports
400486,330798,2026-09-16,Quality Issue,20079,Electronics
400487,337455,2024-09-09,Late Delivery,20106,Electronics
400488,306741,2025-06-30,Wrong Item,20230,Fashion
400489,305500,2024-03-01,Size Issue,20571,Sports
400490,334566,2024-06-27,Wrong Item,20496,Sports
400491,319115,2024-05-22,Quality Issue,20140,Fashion
400492,313951,2024-08-15,Quality Issue,20393,Beauty
400493,341365,2024-10-01,Wrong Item,20581,Sports
400494,317858,2024-11-27,Size Issue,20566,Sports
400495,313513,2026-08-29,Damaged,20413,Beauty
400496,359835,2026-01-13,Changed Mind,20121,Fashion
400497,329175,2024-09-02,Changed Mind,20129,Fashion
400498,356494,2025-05-13,Damaged,20250,Home
400499,345541,2024-08-03,Damaged,20213,Fashion
400500,323597,2025-02-13,Late Delivery,20210,Fashion
400501,325636,2024-03-15,Quality Issue,20309,Home
400502,348622,2026-01-02,Quality Issue,20004,Electronics
400503,323293,2026-03-28,Damaged,20210,Fashion
400504,327411,2026-02-16,Size Issue,20303,Home
400505,324354,2026-09-16,Late Delivery,20054,Electronics
400506,301666,2026-05-11,Damaged,20340,Home
400507,302512,2025-03-22,Changed Mind,20053,Electronics
400508,324392,2026-08-10,Damaged,20239,Fashion
400509,304566,2024-06-07,Damaged,20274,Home
400510,308961,2026-05-28,Size Issue,20491,Sports
400511,331201,2026-06-24,Damaged,20301,Home
400512,344511,2025-03-11,Wrong Item,20118,Electronics
400513,335319,2025-09-17,Quality Issue,20193,Fashion
400514,327746,2026-07-11,Late Delivery,20286,Home
400515,346388,2025-01-02,Changed Mind,20582,Sports
400516,320505,2024-12-28,Changed Mind,20126,Fashion
400517,327894,2024-09-03,Wrong Item,20574,Sports
400518,321324,2025-01-07,Changed Mind,20340,Home
400519,328186,2026-07-06,Wrong Item,20333,Home
400520,335581,2024-02-15,Damaged,20336,Home
400521,339978,2025-06-16,Wrong Item,20508,Sports
400522,340438,2026-02-08,Damaged,20377,Beauty
400523,339163,2026-06-08,Size Issue,20255,Home
400524,322469,2024-11-23,Wrong Item,20334,Home
400525,313179,2026-04-25,Size Issue,20596,Sports
400526,320064,2024-05-28,Changed Mind,20407,Beauty
400527,316066,2024-02-12,Late Delivery,20175,Fashion
400528,308268,2024-11-28,Quality Issue,20557,Sports
400529,342150,2026-08-04,Quality Issue,20180,Fashion
400530,339863,2025-01-06,Damaged,20352,Home
400531,333471,2024-09-05,Size Issue,20068,Electronics
400532,317977,2025-09-24,Quality Issue,20430,Beauty
400533,316089,2024-05-28,Quality Issue,20513,Sports
400534,336059,2026-01-09,Damaged,20073,Electronics
400535,319246,2026-06-30,Size Issue,20329,Home
400536,355238,2025-03-06,Quality Issue,20298,Home
400537,348069,2026-03-03,Damaged,20435,Beauty
400538,318388,2026-03-09,Quality Issue,20217,Fashion
400539,353502,2024-07-09,Changed Mind,20232,Fashion
400540,346893,2026-09-14,Late Delivery,20578,Sports
400541,346327,2026-05-15,Wrong Item,20207,Fashion
400542,332173,2025-09-20,Late Delivery,20401,Beauty
400543,330044,2025-07-12,Late Delivery,20086,Electronics
400544,328279,2024-06-18,Size Issue,20517,Sports
400545,356116,2026-09-12,Changed Mind,20542,Sports
400546,322333,2025-06-12,Wrong Item,20077,Electronics
400547,321216,2024-02-05,Quality Issue,20445,Beauty
400548,357245,2024-06-28,Damaged,20059,Electronics
400549,321198,2025-05-07,Size Issue,20372,Beauty
400550,315363,2024-10-23,Quality Issue,20224,Fashion
400551,322384,2025-02-07,Late Delivery,20433,Beauty
400552,314443,2025-03-05,Wrong Item,20309,Home
400553,356866,2025-11-14,Late Delivery,20143,Fashion
400554,300594,2024-07-02,Late Delivery,20593,Sports
400555,328614,2025-02-10,Damaged,20525,Sports
400556,305900,2026-01-03,Quality Issue,20213,Fashion
400557,316414,2025-10-27,Size Issue,20466,Beauty
400558,354645,2024-09-06,Quality Issue,20404,Beauty
400559,357759,2024-07-12,Wrong Item,20158,Fashion
400560,340046,2026-08-20,Damaged,20311,Home
400561,315690,2025-04-03,Damaged,20529,Sports
400562,318799,2025-03-04,Quality Issue,20570,Sports
400563,320518,2026-06-27,Late Delivery,20230,Fashion
400564,345490,2026-08-27,Damaged,20055,Electronics
400565,357433,2026-07-09,Changed Mind,20274,Home
400566,329550,2026-06-10,Quality Issue,20484,Sports
400567,310254,2025-05-05,Late Delivery,20116,Electronics
400568,312150,2025-12-02,Changed Mind,20590,Sports
400569,302828,2026-03-20,Size Issue,20357,Home
400570,309329,2024-04-11,Late Delivery,20550,Sports
400571,340801,2024-11-18,Damaged,20318,Home
400572,340886,2025-06-14,Quality Issue,20494,Sports
400573,332964,2025-09-16,Wrong Item,20418,Beauty
400574,342090,2026-03-13,Quality Issue,20397,Beauty
400575,322070,2026-09-14,Damaged,20389,Beauty
400576,357337,2024-05-29,Size Issue,20557,Sports
400577,305135,2025-04-17,Quality Issue,20534,Sports
400578,305259,2026-05-19,Size Issue,20561,Sports
400579,335206,2025-03-02,Size Issue,20202,Fashion
400580,336504,2024-10-28,Quality Issue,20285,Home
400581,334540,2025-05-01,Late Delivery,20064,Electronics
400582,356727,2026-03-02,Wrong Item,20538,Sports
400583,320120,2025-07-25,Changed Mind,20033,Electronics
400584,334000,2024-12-31,Wrong Item,20231,Fashion
400585,341387,2025-09-29,Wrong Item,20432,Beauty
400586,302942,2025-01-04,Late Delivery,20015,Electronics
400587,335011,2024-11-22,Late Delivery,20154,Fashion
400588,301948,2025-11-15,Changed Mind,20096,Electronics
400589,313353,2024-11-12,Quality Issue,20131,Fashion
400590,346620,2026-07-28,Changed Mind,20100,Electronics
400591,325992,2026-04-27,Damaged,20553,Sports
400592,322726,2024-07-21,Wrong Item,20254,Home
400593,350345,2024-03-03,Quality Issue,20112,Electronics
400594,339973,2024-06-18,Quality Issue,20260,Home
400595,333967,2025-06-04,Quality Issue,20104,Electronics
400596,313701,2025-01-12,Wrong Item,20550,Sports
400597,347252,2025-02-04,Quality Issue,20092,Electronics
400598,320008,2025-05-06,Quality Issue,20326,Home
400599,340136,2026-06-25,Damaged,20399,Beauty
400600,353783,2026-06-16,Size Issue,20281,Home
400601,313454,2024-05-08,Wrong Item,20246,Home
400602,306898,2026-07-29,Changed Mind,20346,Home
400603,325881,2025-01-13,Late Delivery,20217,Fashion
400604,332570,2025-01-04,Wrong Item,20232,Fashion
400605,302761,2024-09-02,Damaged,20501,Sports
400606,301384,2025-03-17,Quality Issue,20374,Beauty
400607,317073,2025-08-11,Damaged,20514,Sports
400608,344394,2024-08-16,Wrong Item,20597,Sports
400609,312606,2024-08-10,Size Issue,20091,Electronics
400610,343931,2024-03-08,Wrong Item,20556,Sports
400611,322669,2025-08-01,Damaged,20499,Sports
400612,326941,2026-05-14,Size Issue,20005,Electronics
400613,354856,2026-02-04,Wrong Item,20200,Fashion
400614,343592,2024-11-29,Damaged,20092,Electronics
400615,300741,2025-03-22,Size Issue,20103,Electronics
400616,300448,2025-03-09,Damaged,20569,Sports
400617,329180,2025-09-10,Size Issue,20212,Fashion
400618,305637,2024-09-22,Wrong Item,20063,Electronics
400619,348718,2026-08-20,Quality Issue,20059,Electronics
400620,333225,2026-01-01,Quality Issue,20150,Fashion
400621,308969,2025-01-18,Wrong Item,20363,Beauty
400622,305688,2026-09-07,Changed Mind,20247,Home
400623,312124,2024-01-14,Damaged,20527,Sports
400624,325133,2026-06-29,Size Issue,20300,Home
400625,337684,2026-09-13,Size Issue,20469,Beauty
400626,307455,2024-03-29,Late Delivery,20353,Home
400627,304524,2025-10-14,Damaged,20281,Home
400628,311098,2024-09-15,Quality Issue,20466,Beauty
400629,323213,2025-09-26,Damaged,20229,Fashion
400630,326065,2025-11-05,Wrong Item,20556,Sports
400631,329889,2024-06-17,Damaged,20012,Electronics
400632,334506,2024-12-01,Late Delivery,20204,Fashion
400633,310091,2024-06-18,Changed Mind,20196,Fashion
400634,328506,2025-09-19,Damaged,20265,Home
400635,321281,2025-08-14,Late Delivery,20430,Beauty
400636,310218,2024-05-05,Wrong Item,20256,Home
400637,329806,2024-09-19,Wrong Item,20131,Fashion
400638,303258,2026-09-07,Wrong Item,20495,Sports
400639,304017,2024-06-20,Late Delivery,20095,Electronics
400640,325938,2026-04-09,Changed Mind,20585,Sports
400641,352127,2025-04-09,Damaged,20556,Sports
400642,326559,2024-05-11,Changed Mind,20416,Beauty
400643,310624,2025-12-03,Damaged,20491,Sports
400644,358331,2025-12-20,Wrong Item,20043,Electronics
400645,333618,2026-07-15,Changed Mind,20393,Beauty
400646,331526,2024-10-09,Changed Mind,20289,Home
400647,330201,2024-03-27,Quality Issue,20434,Beauty
400648,354359,2024-08-27,Late Delivery,20236,Fashion
400649,338033,2025-11-27,Quality Issue,20109,Electronics
400650,357616,2025-07-11,Quality Issue,20587,Sports
400651,331895,2024-10-21,Quality Issue,20060,Electronics
400652,331660,2025-12-08,Late Delivery,20236,Fashion
400653,306870,2024-12-31,Late Delivery,20447,Beauty
400654,332426,2025-04-18,Late Delivery,20591,Sports
400655,321753,2026-02-16,Damaged,20259,Home
400656,312438,2024-11-09,Size Issue,20382,Beauty
400657,304387,2024-05-08,Quality Issue,20280,Home
400658,310949,2026-04-14,Quality Issue,20600,Sports
400659,352262,2025-12-03,Damaged,20475,Beauty
400660,348216,2026-05-07,Size Issue,20523,Sports
400661,353230,2024-08-29,Wrong Item,20093,Electronics
400662,319570,2025-05-31,Damaged,20407,Beauty
400663,329166,2025-05-01,Late Delivery,20536,Sports
400664,317278,2026-08-28,Size Issue,20342,Home
400665,348065,2024-12-06,Changed Mind,20099,Electronics
400666,357171,2026-01-31,Wrong Item,20125,Fashion
400667,332156,2025-09-22,Quality Issue,20479,Beauty
400668,353380,2024-02-02,Quality Issue,20420,Beauty
400669,322788,2026-05-13,Changed Mind,20348,Home
400670,311123,2024-03-14,Late Delivery,20299,Home
400671,341998,2025-07-26,Late Delivery,20182,Fashion
400672,356803,2024-04-16,Damaged,20187,Fashion
400673,354250,2025-07-07,Damaged,20148,Fashion
400674,324762,2025-09-08,Quality Issue,20080,Electronics
400675,304802,2026-09-26,Quality Issue,20280,Home
400676,319349,2024-06-17,Damaged,20324,Home
400677,350549,2026-05-19,Late Delivery,20183,Fashion
400678,341323,2025-08-03,Late Delivery,20445,Beauty
400679,356353,2026-09-12,Damaged,20574,Sports
400680,351184,2025-01-08,Wrong Item,20376,Beauty
400681,351237,2024-10-21,Damaged,20287,Home
400682,317941,2026-05-23,Changed Mind,20022,Electronics
400683,313707,2026-02-12,Damaged,20456,Beauty
400684,353028,2026-07-23,Damaged,20112,Electronics
400685,336755,2026-05-29,Damaged,20547,Sports
400686,323372,2026-07-14,Wrong Item,20265,Home
400687,316524,2026-07-11,Size Issue,20237,Fashion
400688,335272,2025-10-23,Changed Mind,20106,Electronics
400689,352703,2025-04-20,Quality Issue,20573,Sports
400690,322609,2025-11-14,Quality Issue,20082,Electronics
400691,334150,2026-04-17,Wrong Item,20440,Beauty
400692,307287,2026-09-05,Quality Issue,20312,Home
400693,310467,2025-01-13,Late Delivery,20489,Sports
400694,358892,2024-09-24,Size Issue,20302,Home
400695,311109,2026-01-06,Wrong Item,20269,Home
400696,334641,2025-06-29,Size Issue,20550,Sports
400697,309916,2024-05-05,Late Delivery,20346,Home
400698,325709,2024-11-19,Size Issue,20477,Beauty
400699,315310,2025-12-27,Quality Issue,20449,Beauty
400700,338650,2026-03-21,Damaged,20447,Beauty
400701,326406,2025-12-30,Quality Issue,20367,Beauty
400702,334105,2024-09-16,Wrong Item,20528,Sports
400703,306082,2024-06-16,Late Delivery,20101,Electronics
400704,328498,2025-05-21,Wrong Item,20095,Electronics
400705,328117,2026-02-17,Changed Mind,20354,Home
400706,303756,2026-07-15,Damaged,20280,Home
400707,315740,2025-03-13,Size Issue,20555,Sports
400708,325511,2026-09-25,Size Issue,20117,Electronics
400709,344273,2026-03-25,Quality Issue,20196,Fashion
400710,332562,2025-04-01,Quality Issue,20297,Home
400711,354952,2025-12-07,Damaged,20420,Beauty
400712,341018,2026-02-15,Quality Issue,20416,Beauty
400713,307935,2024-05-20,Size Issue,20128,Fashion
400714,300373,2025-06-06,Quality Issue,20543,Sports
400715,327607,2026-08-16,Damaged,20175,Fashion
400716,352768,2026-05-21,Damaged,20490,Sports
400717,342957,2026-04-27,Quality Issue,20453,Beauty
400718,321688,2024-10-26,Changed Mind,20585,Sports
400719,341311,2026-09-09,Late Delivery,20027,Electronics
400720,347199,2025-02-28,Changed Mind,20273,Home
400721,304243,2025-09-15,Changed Mind,20122,Fashion
400722,346043,2025-09-18,Damaged,20050,Electronics
400723,333211,2026-05-29,Quality Issue,20023,Electronics
400724,321164,2026-08-07,Quality Issue,20285,Home
400725,346937,2024-04-27,Late Delivery,20367,Beauty
400726,353789,2024-12-01,Size Issue,20491,Sports
400727,336189,2025-03-11,Late Delivery,20498,Sports
400728,304820,2026-02-12,Quality Issue,20190,Fashion
400729,341679,2026-08-09,Late Delivery,20558,Sports
400730,349309,2026-04-18,Size Issue,20176,Fashion
400731,306938,2025-11-20,Size Issue,20118,Electronics
400732,339406,2024-11-25,Late Delivery,20481,Sports
400733,340368,2026-04-30,Damaged,20481,Sports
400734,346064,2024-12-27,Size Issue,20459,Beauty
400735,330485,2025-01-26,Quality Issue,20002,Electronics
400736,335966,2026-04-14,Quality Issue,20534,Sports
400737,322587,2025-03-30,Damaged,20115,Electronics
400738,349574,2024-07-11,Quality Issue,20315,Home
400739,330447,2026-05-03,Damaged,20581,Sports
400740,322447,2024-12-15,Size Issue,20395,Beauty
400741,316469,2024-10-20,Changed Mind,20509,Sports
400742,306672,2026-03-26,Damaged,20219,Fashion
400743,306050,2024-05-31,Changed Mind,20315,Home
400744,306443,2026-08-03,Changed Mind,20268,Home
400745,350301,2025-08-02,Damaged,20379,Beauty
400746,355808,2024-06-21,Changed Mind,20374,Beauty
400747,350032,2025-01-24,Late Delivery,20585,Sports
400748,313059,2025-01-14,Size Issue,20333,Home
400749,329728,2025-01-17,Damaged,20415,Beauty
400750,336973,2025-06-03,Late Delivery,20278,Home
400751,358508,2025-07-01,Damaged,20400,Beauty
400752,337828,2026-04-17,Size Issue,20247,Home
400753,341810,2026-04-05,Wrong Item,20236,Fashion
400754,342601,2024-11-10,Wrong Item,20152,Fashion
400755,352551,2025-03-24,Damaged,20192,Fashion
400756,344432,2024-05-12,Changed Mind,20386,Beauty
400757,323209,2025-07-09,Changed Mind,20566,Sports
400758,300506,2024-12-14,Late Delivery,20467,Beauty
400759,359233,2024-04-01,Wrong Item,20130,Fashion
400760,355929,2026-09-06,Wrong Item,20156,Fashion
400761,315337,2026-02-09,Size Issue,20573,Sports
400762,354506,2026-01-04,Size Issue,20485,Sports
400763,346391,2025-05-24,Changed Mind,20310,Home
400764,319999,2025-10-28,Wrong Item,20396,Beauty
400765,359182,2024-04-22,Late Delivery,20409,Beauty
400766,343233,2026-01-14,Size Issue,20159,Fashion
400767,301587,2024-06-03,Damaged,20124,Fashion
400768,314243,2025-09-22,Quality Issue,20147,Fashion
400769,349573,2026-06-14,Wrong Item,20417,Beauty
400770,333358,2026-07-03,Quality Issue,20550,Sports
400771,347456,2024-02-07,Damaged,20392,Beauty
400772,302762,2026-01-07,Changed Mind,20164,Fashion
400773,305440,2024-07-04,Damaged,20291,Home
400774,347354,2025-04-03,Wrong Item,20407,Beauty
400775,303785,2024-04-03,Size Issue,20587,Sports
400776,301906,2025-10-05,Quality Issue,20514,Sports
400777,323131,2024-12-05,Size Issue,20313,Home
400778,327834,2026-02-11,Size Issue,20315,Home
400779,347357,2026-09-08,Wrong Item,20223,Fashion
400780,311871,2026-05-22,Changed Mind,20164,Fashion
400781,353625,2024-01-24,Quality Issue,20311,Home
400782,357088,2026-05-18,Damaged,20487,Sports
400783,348676,2025-06-24,Damaged,20141,Fashion
400784,301933,2026-05-01,Quality Issue,20160,Fashion
400785,303532,2024-08-27,Quality Issue,20316,Home
400786,318283,2026-06-30,Changed Mind,20274,Home
400787,342076,2024-03-01,Quality Issue,20581,Sports
400788,355638,2025-12-15,Late Delivery,20059,Electronics
400789,302343,2024-02-07,Changed Mind,20557,Sports
400790,333454,2026-05-01,Late Delivery,20528,Sports
400791,349841,2025-01-03,Changed Mind,20221,Fashion
400792,357691,2026-01-18,Late Delivery,20399,Beauty
400793,358031,2024-03-27,Wrong Item,20120,Electronics
400794,351376,2025-11-12,Changed Mind,20471,Beauty
400795,335666,2026-08-10,Wrong Item,20114,Electronics
400796,314445,2025-10-09,Changed Mind,20457,Beauty
400797,339416,2025-04-25,Wrong Item,20473,Beauty
400798,352598,2025-09-16,Late Delivery,20374,Beauty
400799,334588,2026-04-06,Damaged,20409,Beauty
400800,319888,2025-03-05,Damaged,20114,Electronics
400801,307445,2026-05-29,Quality Issue,20520,Sports
400802,352901,2025-11-19,Wrong Item,20076,Electronics
400803,316078,2024-03-06,Late Delivery,20365,Beauty
400804,320251,2026-07-19,Size Issue,20599,Sports
400805,351610,2025-02-14,Wrong Item,20096,Electronics
400806,355886,2025-08-26,Damaged,20342,Home
400807,326381,2025-06-13,Wrong Item,20489,Sports
400808,328827,2025-04-10,Size Issue,20355,Home
400809,334677,2026-04-28,Size Issue,20117,Electronics
400810,340965,2025-02-19,Damaged,20571,Sports
400811,310877,2026-09-22,Changed Mind,20574,Sports
400812,323254,2025-11-17,Size Issue,20260,Home
400813,314003,2025-07-13,Damaged,20160,Fashion
400814,308502,2025-07-25,Damaged,20048,Electronics
400815,334283,2026-06-16,Changed Mind,20388,Beauty
400816,323072,2024-10-14,Late Delivery,20284,Home
400817,324047,2024-10-24,Damaged,20072,Electronics
400818,348978,2025-12-10,Wrong Item,20109,Electronics
400819,352997,2025-10-27,Quality Issue,20479,Beauty
400820,330261,2024-06-21,Size Issue,20378,Beauty
400821,301268,2025-07-15,Quality Issue,20030,Electronics
400822,303049,2025-03-21,Size Issue,20173,Fashion
400823,358553,2026-02-03,Changed Mind,20179,Fashion
400824,303247,2024-11-05,Size Issue,20217,Fashion
400825,317972,2024-02-03,Late Delivery,20534,Sports
400826,345124,2026-07-30,Quality Issue,20535,Sports
400827,343134,2025-06-10,Wrong Item,20075,Electronics
400828,347852,2024-12-17,Damaged,20056,Electronics
400829,303315,2025-08-20,Wrong Item,20248,Home
400830,350717,2025-01-04,Quality Issue,20505,Sports
400831,341147,2025-08-07,Damaged,20114,Electronics
400832,317453,2026-04-15,Wrong Item,20544,Sports
400833,329825,2025-08-28,Quality Issue,20188,Fashion
400834,339893,2024-10-01,Damaged,20551,Sports
400835,326017,2024-03-13,Changed Mind,20069,Electronics
400836,333173,2025-08-10,Changed Mind,20227,Fashion
400837,334490,2025-04-06,Damaged,20398,Beauty
400838,349752,2025-05-28,Damaged,20552,Sports
400839,335858,2024-07-31,Damaged,20023,Electronics
400840,306665,2025-07-09,Quality Issue,20290,Home
400841,306446,2026-09-02,Wrong Item,20242,Home
400842,337462,2026-01-16,Changed Mind,20070,Electronics
400843,344045,2025-06-07,Damaged,20411,Beauty
400844,313819,2024-04-07,Changed Mind,20406,Beauty
400845,349553,2026-06-07,Damaged,20282,Home
400846,319710,2026-06-28,Size Issue,20343,Home
400847,318490,2025-10-05,Damaged,20095,Electronics
400848,342800,2025-07-24,Size Issue,20377,Beauty
400849,304309,2024-05-02,Quality Issue,20460,Beauty
400850,354034,2026-07-10,Wrong Item,20423,Beauty
400851,349591,2025-05-03,Damaged,20500,Sports
400852,317058,2025-05-27,Wrong Item,20462,Beauty
400853,327505,2025-04-05,Damaged,20031,Electronics
400854,330634,2024-05-02,Quality Issue,20077,Electronics
400855,337329,2025-10-03,Late Delivery,20097,Electronics
400856,305999,2024-04-24,Size Issue,20548,Sports
400857,308040,2024-11-08,Changed Mind,20477,Beauty
400858,326850,2026-02-28,Late Delivery,20216,Fashion
400859,322445,2026-04-07,Size Issue,20194,Fashion
400860,304872,2024-11-10,Size Issue,20208,Fashion
400861,351531,2024-12-04,Wrong Item,20291,Home
400862,326951,2025-12-27,Wrong Item,20059,Electronics
400863,352521,2024-02-16,Quality Issue,20499,Sports
400864,328307,2024-09-25,Size Issue,20236,Fashion
400865,359556,2026-04-17,Wrong Item,20113,Electronics
400866,356570,2024-08-26,Damaged,20531,Sports
400867,347316,2024-08-29,Wrong Item,20431,Beauty
400868,352411,2025-09-11,Size Issue,20365,Beauty
400869,335292,2025-09-03,Damaged,20456,Beauty
400870,358807,2025-11-22,Quality Issue,20226,Fashion
400871,335358,2025-10-08,Damaged,20002,Electronics
400872,310195,2024-07-01,Late Delivery,20360,Home
400873,327770,2026-08-11,Wrong Item,20580,Sports
400874,344789,2024-09-13,Damaged,20494,Sports
400875,326478,2024-12-11,Quality Issue,20539,Sports
400876,335141,2024-04-01,Quality Issue,20323,Home
400877,353765,2026-07-06,Size Issue,20587,Sports
400878,333894,2024-10-09,Size Issue,20533,Sports
400879,338545,2024-12-18,Damaged,20053,Electronics
400880,306006,2024-08-23,Changed Mind,20550,Sports
400881,300176,2025-03-03,Changed Mind,20558,Sports
400882,309443,2026-05-13,Damaged,20591,Sports
400883,331401,2024-11-30,Size Issue,20507,Sports
400884,305771,2026-07-08,Wrong Item,20388,Beauty
400885,318642,2026-09-22,Changed Mind,20090,Electronics
400886,348423,2026-07-10,Changed Mind,20600,Sports
400887,326536,2026-01-13,Changed Mind,20557,Sports
400888,324922,2025-07-16,Damaged,20294,Home
400889,309044,2024-10-30,Wrong Item,20370,Beauty
400890,340247,2025-10-07,Late Delivery,20185,Fashion
400891,344253,2024-10-10,Quality Issue,20001,Electronics
400892,327377,2026-03-29,Size Issue,20051,Electronics
400893,350774,2025-06-07,Size Issue,20490,Sports
400894,337398,2024-07-01,Quality Issue,20295,Home
400895,312675,2025-03-19,Wrong Item,20262,Home
400896,349325,2026-08-08,Size Issue,20032,Electronics
400897,321300,2025-01-24,Quality Issue,20127,Fashion
400898,338683,2026-04-15,Quality Issue,20593,Sports
400899,315045,2026-08-17,Quality Issue,20410,Beauty
400900,338006,2024-03-20,Size Issue,20105,Electronics
400901,331198,2024-12-28,Wrong Item,20331,Home
400902,317749,2024-03-02,Size Issue,20169,Fashion
400903,350142,2024-03-30,Quality Issue,20531,Sports
400904,327496,2024-06-21,Late Delivery,20561,Sports
400905,301921,2025-11-25,Late Delivery,20402,Beauty
400906,342265,2025-01-07,Quality Issue,20068,Electronics
400907,340350,2026-04-01,Quality Issue,20448,Beauty
400908,318614,2025-12-13,Wrong Item,20592,Sports
400909,324309,2026-03-02,Late Delivery,20296,Home
400910,316055,2025-11-14,Late Delivery,20381,Beauty
400911,341689,2025-05-13,Wrong Item,20553,Sports
400912,323867,2024-11-04,Wrong Item,20224,Fashion
400913,336167,2025-11-17,Quality Issue,20251,Home
400914,343085,2025-12-31,Damaged,20457,Beauty
400915,338638,2024-07-01,Changed Mind,20525,Sports
400916,329864,2025-07-20,Changed Mind,20192,Fashion
400917,343977,2025-02-12,Size Issue,20538,Sports
400918,309049,2026-09-02,Changed Mind,20277,Home
400919,344030,2024-06-13,Quality Issue,20328,Home
400920,322202,2025-07-28,Size Issue,20441,Beauty
400921,316856,2025-12-10,Late Delivery,20204,Fashion
400922,301999,2024-07-04,Changed Mind,20389,Beauty
400923,351389,2026-08-29,Wrong Item,20143,Fashion
400924,352393,2024-07-04,Late Delivery,20523,Sports
400925,347577,2025-06-27,Size Issue,20443,Beauty
400926,303904,2026-08-03,Size Issue,20103,Electronics
400927,359086,2024-09-05,Quality Issue,20016,Electronics
400928,326223,2026-03-08,Damaged,20329,Home
400929,350718,2025-10-23,Wrong Item,20454,Beauty
400930,343608,2024-05-30,Quality Issue,20204,Fashion
400931,350202,2026-04-12,Changed Mind,20159,Fashion
400932,354303,2025-05-11,Late Delivery,20213,Fashion
400933,359007,2024-04-29,Size Issue,20597,Sports
400934,325016,2026-08-26,Late Delivery,20438,Beauty
400935,331713,2024-10-29,Late Delivery,20133,Fashion
400936,349334,2025-01-02,Quality Issue,20389,Beauty
400937,308810,2024-03-31,Damaged,20462,Beauty
400938,305317,2025-08-09,Quality Issue,20474,Beauty
400939,359028,2026-05-23,Changed Mind,20586,Sports
400940,306432,2025-08-30,Changed Mind,20190,Fashion
400941,320828,2024-05-03,Damaged,20450,Beauty
400942,353609,2024-08-04,Late Delivery,20132,Fashion
400943,310985,2025-04-02,Damaged,20329,Home
400944,353912,2025-04-22,Quality Issue,20518,Sports
400945,314831,2025-12-08,Wrong Item,20068,Electronics
400946,332945,2025-02-21,Damaged,20555,Sports
400947,343155,2024-04-07,Quality Issue,20315,Home
400948,343514,2025-10-06,Changed Mind,20096,Electronics
400949,339865,2026-02-24,Wrong Item,20248,Home
400950,316431,2026-05-08,Damaged,20410,Beauty
400951,307045,2025-11-19,Late Delivery,20046,Electronics
400952,325275,2026-05-10,Wrong Item,20306,Home
400953,302215,2025-02-07,Changed Mind,20537,Sports
400954,304573,2026-04-24,Wrong Item,20485,Sports
400955,353779,2024-04-19,Quality Issue,20317,Home
400956,336419,2026-09-21,Damaged,20318,Home
400957,354306,2026-03-24,Changed Mind,20426,Beauty
400958,321806,2025-12-29,Quality Issue,20337,Home
400959,347820,2025-06-11,Quality Issue,20210,Fashion
400960,334396,2026-06-06,Changed Mind,20598,Sports
400961,330326,2024-09-28,Changed Mind,20575,Sports
400962,340658,2026-04-23,Wrong Item,20256,Home
400963,347670,2025-01-29,Late Delivery,20286,Home
400964,339487,2025-12-07,Changed Mind,20400,Beauty
400965,351586,2025-01-28,Damaged,20481,Sports
400966,359956,2025-02-14,Damaged,20463,Beauty
400967,344784,2026-02-13,Wrong Item,20493,Sports
400968,315931,2024-03-30,Size Issue,20049,Electronics
400969,308854,2025-12-26,Size Issue,20292,Home
400970,300896,2025-10-11,Damaged,20215,Fashion
400971,302623,2026-05-11,Late Delivery,20424,Beauty
400972,315864,2025-05-29,Damaged,20219,Fashion
400973,323237,2024-02-28,Damaged,20162,Fashion
400974,333516,2025-08-06,Wrong Item,20109,Electronics
400975,346581,2026-01-10,Wrong Item,20412,Beauty
400976,319593,2025-06-04,Damaged,20241,Home
400977,359710,2024-08-07,Quality Issue,20343,Home
400978,306580,2026-08-25,Size Issue,20196,Fashion
400979,303437,2026-05-03,Late Delivery,20136,Fashion
400980,349759,2025-11-01,Damaged,20578,Sports
400981,300489,2024-09-27,Late Delivery,20220,Fashion
400982,336331,2024-03-13,Size Issue,20319,Home
400983,357844,2026-08-21,Damaged,20559,Sports
400984,346334,2025-09-23,Size Issue,20470,Beauty
400985,346851,2024-02-27,Wrong Item,20149,Fashion
400986,338598,2025-04-05,Changed Mind,20496,Sports
400987,322845,2024-02-29,Changed Mind,20035,Electronics
400988,357427,2026-01-07,Wrong Item,20566,Sports
400989,334933,2024-12-28,Quality Issue,20553,Sports
400990,345339,2026-02-25,Wrong Item,20320,Home
400991,308334,2024-07-22,Damaged,20395,Beauty
400992,325360,2024-10-28,Quality Issue,20497,Sports
400993,342059,2024-08-11,Changed Mind,20005,Electronics
400994,337102,2025-12-30,Size Issue,20582,Sports
400995,310919,2025-01-04,Size Issue,20477,Beauty
400996,348135,2024-08-15,Changed Mind,20368,Beauty
400997,337179,2024-07-25,Quality Issue,20058,Electronics
400998,342500,2026-09-14,Size Issue,20023,Electronics
400999,359385,2026-06-16,Quality Issue,20100,Electronics
401000,321634,2024-07-19,Wrong Item,20596,Sports
401001,333353,2025-01-19,Quality Issue,20190,Fashion
401002,320294,2024-09-02,Late Delivery,20553,Sports
401003,335562,2025-02-23,Damaged,20363,Beauty
401004,354078,2026-03-08,Quality Issue,20487,Sports
401005,334764,2026-03-18,Quality Issue,20174,Fashion
401006,317450,2024-10-24,Changed Mind,20010,Electronics
401007,358846,2025-10-14,Late Delivery,20071,Electronics
401008,310188,2026-06-03,Size Issue,20406,Beauty
401009,344395,2025-04-29,Late Delivery,20314,Home
401010,357336,2025-05-12,Damaged,20272,Home
401011,322715,2025-04-29,Quality Issue,20149,Fashion
401012,326157,2025-12-16,Wrong Item,20277,Home
401013,350867,2026-04-13,Late Delivery,20011,Electronics
401014,344899,2025-06-07,Quality Issue,20554,Sports
401015,302136,2025-11-08,Wrong Item,20367,Beauty
401016,310827,2025-04-21,Changed Mind,20419,Beauty
401017,326800,2026-01-15,Late Delivery,20484,Sports
401018,318582,2024-10-07,Changed Mind,20405,Beauty
401019,345591,2026-09-08,Damaged,20422,Beauty
401020,303193,2024-03-14,Changed Mind,20160,Fashion
401021,346459,2025-06-12,Changed Mind,20298,Home
401022,309923,2024-08-29,Wrong Item,20081,Electronics
401023,355149,2025-05-04,Wrong Item,20053,Electronics
401024,320109,2026-09-12,Damaged,20200,Fashion
401025,300264,2025-09-05,Damaged,20511,Sports
401026,326549,2024-10-15,Damaged,20219,Fashion
401027,346881,2025-06-26,Changed Mind,20257,Home
401028,345867,2025-03-11,Wrong Item,20471,Beauty
401029,318297,2024-05-08,Size Issue,20397,Beauty
401030,311472,2026-07-05,Size Issue,20118,Electronics
401031,310281,2026-08-14,Quality Issue,20585,Sports
401032,352782,2025-04-08,Late Delivery,20356,Home
401033,332753,2025-02-12,Quality Issue,20548,Sports
401034,316707,2026-04-15,Wrong Item,20181,Fashion
401035,335711,2025-03-23,Damaged,20002,Electronics
401036,348125,2026-09-25,Quality Issue,20535,Sports
401037,346301,2024-03-27,Late Delivery,20122,Fashion
401038,328538,2025-01-13,Damaged,20270,Home
401039,308671,2024-11-11,Late Delivery,20131,Fashion
401040,357900,2025-05-28,Changed Mind,20381,Beauty
401041,305190,2025-06-29,Quality Issue,20375,Beauty
401042,343495,2024-03-29,Size Issue,20374,Beauty
401043,318505,2025-11-30,Size Issue,20365,Beauty
401044,343202,2024-09-19,Late Delivery,20556,Sports
401045,337067,2024-05-31,Quality Issue,20427,Beauty
401046,333487,2024-04-03,Late Delivery,20312,Home
401047,345884,2026-08-02,Wrong Item,20072,Electronics
401048,321018,2024-09-13,Size Issue,20051,Electronics
401049,349894,2025-04-28,Size Issue,20576,Sports
401050,349082,2026-09-06,Late Delivery,20575,Sports
401051,332850,2024-04-18,Damaged,20355,Home
401052,337857,2026-03-29,Damaged,20198,Fashion
401053,302142,2025-12-03,Size Issue,20297,Home
401054,313332,2026-02-13,Late Delivery,20073,Electronics
401055,346254,2024-04-27,Size Issue,20021,Electronics
401056,318135,2026-07-20,Damaged,20389,Beauty
401057,301504,2026-06-06,Wrong Item,20161,Fashion
401058,325241,2024-11-17,Late Delivery,20299,Home
401059,348775,2026-04-02,Size Issue,20517,Sports
401060,338104,2026-08-03,Late Delivery,20506,Sports
401061,306702,2025-03-23,Quality Issue,20553,Sports
401062,302460,2024-02-16,Late Delivery,20112,Electronics
401063,358527,2025-07-01,Quality Issue,20545,Sports
401064,329335,2025-08-07,Wrong Item,20198,Fashion
401065,309269,2026-08-27,Damaged,20512,Sports
401066,319994,2026-06-05,Wrong Item,20188,Fashion
401067,351630,2025-04-17,Quality Issue,20188,Fashion
401068,319677,2025-05-25,Wrong Item,20483,Sports
401069,309179,2026-09-10,Late Delivery,20036,Electronics
401070,324664,2025-11-04,Late Delivery,20237,Fashion
401071,326215,2025-11-15,Late Delivery,20558,Sports
401072,339448,2025-04-27,Quality Issue,20396,Beauty
401073,344748,2025-08-31,Damaged,20188,Fashion
401074,357445,2025-01-09,Wrong Item,20354,Home
401075,304984,2026-02-04,Quality Issue,20012,Electronics
401076,322208,2025-10-25,Size Issue,20451,Beauty
401077,308999,2025-09-19,Wrong Item,20374,Beauty
401078,341223,2025-02-28,Quality Issue,20470,Beauty
401079,325545,2024-12-14,Wrong Item,20553,Sports
401080,311626,2025-07-27,Changed Mind,20017,Electronics
401081,331598,2025-05-06,Changed Mind,20368,Beauty
401082,358683,2026-07-09,Wrong Item,20320,Home
401083,351995,2026-08-09,Wrong Item,20441,Beauty
401084,311878,2026-07-14,Damaged,20432,Beauty
401085,351540,2024-09-19,Size Issue,20416,Beauty
401086,326214,2025-04-18,Quality Issue,20394,Beauty
401087,345731,2025-08-30,Wrong Item,20501,Sports
401088,313626,2025-09-03,Quality Issue,20274,Home
401089,353442,2024-04-20,Changed Mind,20341,Home
401090,313570,2025-07-12,Damaged,20311,Home
401091,335870,2025-03-16,Size Issue,20142,Fashion
401092,342860,2024-08-09,Changed Mind,20068,Electronics
401093,357693,2026-03-17,Wrong Item,20580,Sports
401094,327803,2024-10-15,Quality Issue,20239,Fashion
401095,313306,2026-09-08,Changed Mind,20262,Home
401096,310716,2024-04-26,Size Issue,20552,Sports
401097,356245,2024-03-03,Quality Issue,20449,Beauty
401098,309535,2025-02-06,Damaged,20278,Home
401099,310290,2025-08-21,Changed Mind,20135,Fashion
401100,359168,2025-07-29,Damaged,20237,Fashion
401101,354507,2026-05-05,Late Delivery,20155,Fashion
401102,356234,2024-03-08,Changed Mind,20102,Electronics
401103,344972,2025-09-03,Quality Issue,20223,Fashion
401104,321784,2026-02-19,Wrong Item,20533,Sports
401105,358157,2026-01-23,Damaged,20362,Beauty
401106,357020,2024-05-04,Wrong Item,20118,Electronics
401107,307107,2026-02-11,Quality Issue,20136,Fashion
401108,301023,2026-02-16,Wrong Item,20522,Sports
401109,313906,2026-04-04,Damaged,20492,Sports
401110,320649,2024-03-14,Quality Issue,20402,Beauty
401111,310978,2024-11-28,Changed Mind,20347,Home
401112,349508,2026-09-14,Changed Mind,20292,Home
401113,332247,2025-03-14,Size Issue,20067,Electronics
401114,301164,2026-06-14,Late Delivery,20393,Beauty
401115,334861,2025-10-28,Wrong Item,20213,Fashion
401116,335194,2025-09-24,Size Issue,20092,Electronics
401117,359913,2025-12-31,Quality Issue,20214,Fashion
401118,309169,2025-07-29,Damaged,20006,Electronics
401119,326674,2025-10-16,Quality Issue,20364,Beauty
401120,337892,2026-06-03,Damaged,20523,Sports
401121,358866,2024-08-21,Size Issue,20382,Beauty
401122,316787,2025-11-29,Size Issue,20248,Home
401123,335948,2025-07-05,Size Issue,20125,Fashion
401124,344777,2026-02-14,Late Delivery,20407,Beauty
401125,302849,2024-10-07,Wrong Item,20417,Beauty
401126,315213,2025-08-18,Size Issue,20236,Fashion
401127,304049,2025-08-01,Quality Issue,20245,Home
401128,318285,2026-09-17,Wrong Item,20502,Sports
401129,325724,2024-09-26,Size Issue,20409,Beauty
401130,313064,2026-07-29,Size Issue,20551,Sports
401131,341691,2025-01-24,Damaged,20354,Home
401132,348904,2024-02-07,Size Issue,20234,Fashion
401133,357475,2024-09-09,Size Issue,20201,Fashion
401134,332565,2025-06-30,Wrong Item,20361,Beauty
401135,346979,2026-08-03,Wrong Item,20317,Home
401136,338416,2026-03-30,Quality Issue,20309,Home
401137,341495,2026-08-19,Late Delivery,20585,Sports
401138,315051,2025-10-14,Quality Issue,20468,Beauty
401139,347314,2025-05-06,Changed Mind,20529,Sports
401140,336436,2025-11-20,Quality Issue,20448,Beauty
401141,331528,2024-07-25,Quality Issue,20089,Electronics
401142,352369,2026-09-23,Changed Mind,20314,Home
401143,307225,2025-05-11,Late Delivery,20055,Electronics
401144,331894,2025-08-26,Late Delivery,20290,Home
401145,359462,2025-12-19,Damaged,20170,Fashion
401146,316221,2024-06-06,Late Delivery,20188,Fashion
401147,352101,2026-08-30,Late Delivery,20595,Sports
401148,339425,2025-03-08,Size Issue,20044,Electronics
401149,301471,2026-08-05,Changed Mind,20197,Fashion
401150,355072,2025-04-23,Damaged,20339,Home
401151,319523,2025-12-28,Quality Issue,20251,Home
401152,356136,2026-05-16,Damaged,20109,Electronics
401153,357411,2026-07-21,Wrong Item,20510,Sports
401154,337611,2025-08-14,Changed Mind,20287,Home
401155,330275,2025-05-05,Wrong Item,20114,Electronics
401156,323579,2024-09-06,Size Issue,20502,Sports
401157,348147,2025-04-18,Size Issue,20228,Fashion
401158,322120,2024-01-22,Late Delivery,20168,Fashion
401159,317597,2024-04-09,Wrong Item,20339,Home
401160,334874,2025-05-20,Damaged,20533,Sports
401161,335240,2025-01-29,Changed Mind,20237,Fashion
401162,336358,2024-08-03,Size Issue,20174,Fashion
401163,356771,2024-03-28,Wrong Item,20157,Fashion
401164,329356,2025-03-27,Size Issue,20572,Sports
401165,309177,2025-08-05,Size Issue,20540,Sports
401166,331782,2025-11-15,Wrong Item,20535,Sports
401167,357712,2025-11-17,Changed Mind,20186,Fashion
401168,340873,2026-05-12,Changed Mind,20441,Beauty
401169,353570,2024-04-07,Quality Issue,20590,Sports
401170,358891,2025-06-17,Quality Issue,20524,Sports
401171,331954,2024-10-30,Late Delivery,20320,Home
401172,346891,2026-05-21,Late Delivery,20319,Home
401173,359764,2025-09-23,Late Delivery,20414,Beauty
401174,301746,2024-02-29,Changed Mind,20339,Home
401175,358531,2026-01-18,Quality Issue,20413,Beauty
401176,310906,2025-09-18,Changed Mind,20106,Electronics
401177,310083,2026-04-21,Wrong Item,20412,Beauty
401178,330391,2025-05-08,Changed Mind,20302,Home
401179,357134,2024-09-15,Size Issue,20171,Fashion
401180,303135,2026-01-12,Size Issue,20384,Beauty
401181,312983,2024-02-24,Size Issue,20190,Fashion
401182,301631,2024-08-05,Quality Issue,20298,Home
401183,333155,2026-05-26,Quality Issue,20089,Electronics
401184,324893,2024-03-20,Damaged,20107,Electronics
401185,335594,2024-12-22,Quality Issue,20271,Home
401186,329676,2025-05-15,Damaged,20281,Home
401187,335531,2024-06-02,Size Issue,20315,Home
401188,314308,2024-07-28,Damaged,20314,Home
401189,306855,2025-10-02,Damaged,20043,Electronics
401190,349237,2025-02-04,Size Issue,20009,Electronics
401191,357519,2024-06-14,Damaged,20130,Fashion
401192,352572,2026-05-30,Quality Issue,20019,Electronics
401193,347269,2025-03-08,Size Issue,20322,Home
401194,314664,2024-02-09,Late Delivery,20470,Beauty
401195,345797,2026-05-13,Quality Issue,20221,Fashion
401196,352354,2025-03-28,Size Issue,20326,Home
401197,314318,2024-05-14,Changed Mind,20249,Home
401198,317879,2024-11-14,Quality Issue,20408,Beauty
401199,342834,2025-06-28,Late Delivery,20157,Fashion
401200,352476,2024-07-07,Quality Issue,20469,Beauty
401201,318473,2025-05-12,Changed Mind,20339,Home
401202,354703,2024-12-08,Damaged,20396,Beauty
401203,352023,2025-06-19,Late Delivery,20081,Electronics
401204,338090,2025-09-09,Quality Issue,20225,Fashion
401205,307024,2026-06-07,Damaged,20589,Sports
401206,327681,2025-07-13,Damaged,20148,Fashion
401207,344594,2026-09-08,Quality Issue,20540,Sports
401208,315465,2026-03-23,Quality Issue,20140,Fashion
401209,336247,2025-10-25,Damaged,20183,Fashion
401210,343574,2025-05-22,Damaged,20460,Beauty
401211,316137,2026-03-14,Size Issue,20125,Fashion
401212,347361,2025-01-30,Late Delivery,20593,Sports
401213,303489,2025-11-20,Late Delivery,20586,Sports
401214,309955,2024-11-13,Size Issue,20366,Beauty
401215,345947,2026-02-03,Size Issue,20444,Beauty
401216,322198,2024-06-25,Quality Issue,20051,Electronics
401217,321697,2025-05-06,Size Issue,20529,Sports
401218,349950,2026-05-09,Wrong Item,20366,Beauty
401219,357368,2025-11-16,Late Delivery,20370,Beauty
401220,347003,2024-10-21,Damaged,20207,Fashion
401221,346747,2025-10-27,Size Issue,20321,Home
401222,307453,2025-07-16,Quality Issue,20274,Home
401223,354102,2026-07-02,Size Issue,20386,Beauty
401224,322953,2024-10-22,Late Delivery,20472,Beauty
401225,356280,2025-08-06,Wrong Item,20131,Fashion
401226,352016,2025-10-29,Damaged,20509,Sports
401227,337256,2025-06-07,Quality Issue,20164,Fashion
401228,354377,2025-07-25,Damaged,20468,Beauty
401229,357559,2024-07-15,Damaged,20207,Fashion
401230,359243,2026-09-23,Quality Issue,20105,Electronics
401231,325558,2024-07-23,Size Issue,20446,Beauty
401232,356595,2025-11-19,Damaged,20440,Beauty
401233,336944,2026-03-31,Changed Mind,20165,Fashion
401234,344005,2024-02-06,Size Issue,20061,Electronics
401235,304862,2025-06-22,Size Issue,20464,Beauty
401236,349672,2025-09-19,Quality Issue,20070,Electronics
401237,351416,2026-06-26,Late Delivery,20152,Fashion
401238,357160,2024-01-28,Damaged,20423,Beauty
401239,342684,2025-07-23,Changed Mind,20239,Fashion
401240,345523,2024-07-25,Changed Mind,20418,Beauty
401241,334595,2026-06-10,Late Delivery,20311,Home
401242,341141,2024-03-30,Late Delivery,20111,Electronics
401243,312268,2025-08-05,Changed Mind,20207,Fashion
401244,316463,2025-07-13,Size Issue,20032,Electronics
401245,350770,2026-07-18,Changed Mind,20236,Fashion
401246,354193,2025-03-20,Size Issue,20188,Fashion
401247,344566,2026-07-03,Damaged,20135,Fashion
401248,333571,2025-10-27,Size Issue,20252,Home
401249,357460,2024-09-23,Changed Mind,20023,Electronics
401250,343832,2025-05-28,Wrong Item,20038,Electronics
401251,327961,2025-08-15,Late Delivery,20323,Home
401252,325106,2025-10-29,Changed Mind,20311,Home
401253,346953,2024-09-03,Quality Issue,20013,Electronics
401254,326434,2025-04-03,Quality Issue,20473,Beauty
401255,348392,2025-10-16,Late Delivery,20447,Beauty
401256,345036,2025-07-05,Damaged,20359,Home
401257,359516,2026-02-06,Quality Issue,20160,Fashion
401258,348286,2026-01-15,Damaged,20340,Home
401259,326657,2024-08-25,Quality Issue,20484,Sports
401260,346456,2025-05-20,Quality Issue,20485,Sports
401261,323171,2025-06-28,Wrong Item,20258,Home
401262,317317,2024-06-02,Size Issue,20261,Home
401263,342561,2026-05-29,Wrong Item,20112,Electronics
401264,335482,2025-06-09,Late Delivery,20035,Electronics
401265,346082,2025-11-17,Damaged,20444,Beauty
401266,357049,2025-10-04,Size Issue,20014,Electronics
401267,353516,2025-06-09,Wrong Item,20429,Beauty
401268,320254,2026-02-02,Size Issue,20187,Fashion
401269,353483,2025-08-13,Wrong Item,20187,Fashion
401270,343177,2024-08-07,Late Delivery,20496,Sports
401271,345968,2025-01-14,Damaged,20194,Fashion
401272,344989,2026-02-03,Size Issue,20349,Home
401273,319324,2025-10-16,Quality Issue,20097,Electronics
401274,333935,2026-08-21,Quality Issue,20283,Home
401275,335702,2024-09-30,Damaged,20455,Beauty
401276,354858,2026-09-29,Quality Issue,20282,Home
401277,308129,2024-10-09,Quality Issue,20068,Electronics
401278,313964,2025-12-17,Quality Issue,20517,Sports
401279,354940,2024-10-25,Wrong Item,20399,Beauty
401280,340445,2025-08-15,Late Delivery,20103,Electronics
401281,347178,2024-11-20,Quality Issue,20167,Fashion
401282,324642,2026-08-11,Quality Issue,20386,Beauty
401283,353400,2025-12-12,Size Issue,20535,Sports
401284,349812,2026-01-10,Late Delivery,20366,Beauty
401285,347698,2025-05-27,Quality Issue,20569,Sports
401286,307153,2025-02-10,Damaged,20531,Sports
401287,308387,2026-09-14,Late Delivery,20017,Electronics
401288,301020,2024-06-05,Damaged,20042,Electronics
401289,315254,2026-07-28,Wrong Item,20223,Fashion
401290,303716,2026-06-10,Changed Mind,20427,Beauty
401291,319216,2025-08-18,Damaged,20327,Home
401292,324105,2024-05-30,Quality Issue,20138,Fashion
401293,314647,2026-05-29,Late Delivery,20017,Electronics
401294,321752,2024-03-26,Late Delivery,20252,Home
401295,301301,2025-02-24,Size Issue,20411,Beauty
401296,321128,2026-04-18,Quality Issue,20254,Home
401297,328719,2024-08-07,Quality Issue,20321,Home
401298,304598,2024-02-26,Size Issue,20137,Fashion
401299,356587,2026-09-03,Late Delivery,20084,Electronics
401300,341909,2025-09-23,Size Issue,20353,Home
401301,359109,2025-03-27,Damaged,20545,Sports
401302,330797,2026-08-12,Late Delivery,20108,Electronics
401303,302914,2024-06-17,Wrong Item,20455,Beauty
401304,329367,2024-03-25,Wrong Item,20554,Sports
401305,344778,2025-07-23,Wrong Item,20154,Fashion
401306,302470,2024-03-02,Changed Mind,20171,Fashion
401307,356701,2026-06-14,Size Issue,20540,Sports
401308,355459,2025-05-19,Late Delivery,20417,Beauty
401309,357705,2024-05-07,Changed Mind,20475,Beauty
401310,307306,2026-01-16,Quality Issue,20128,Fashion
401311,336763,2025-04-09,Size Issue,20583,Sports
401312,325800,2025-10-30,Size Issue,20274,Home
401313,303774,2025-06-25,Changed Mind,20555,Sports
401314,313146,2026-06-23,Quality Issue,20376,Beauty
401315,302906,2025-05-05,Size Issue,20132,Fashion
401316,302947,2026-01-11,Size Issue,20526,Sports
401317,332838,2026-05-04,Quality Issue,20428,Beauty
401318,357104,2024-08-29,Size Issue,20043,Electronics
401319,334610,2024-10-11,Size Issue,20448,Beauty
401320,341259,2025-04-07,Quality Issue,20543,Sports
401321,308450,2025-09-24,Late Delivery,20204,Fashion
401322,331818,2026-02-05,Late Delivery,20576,Sports
401323,328111,2024-04-15,Damaged,20539,Sports
401324,338923,2025-11-14,Wrong Item,20269,Home
401325,319047,2025-03-21,Size Issue,20411,Beauty
401326,317045,2024-04-05,Late Delivery,20077,Electronics
401327,308942,2025-07-03,Wrong Item,20217,Fashion
401328,318233,2024-05-10,Size Issue,20165,Fashion
401329,325505,2026-02-06,Late Delivery,20337,Home
401330,324725,2026-04-15,Size Issue,20274,Home
401331,339236,2025-07-16,Late Delivery,20333,Home
401332,331914,2025-07-19,Damaged,20600,Sports
401333,309368,2025-04-03,Wrong Item,20294,Home
401334,311808,2025-09-27,Quality Issue,20536,Sports
401335,306544,2026-08-13,Wrong Item,20418,Beauty
401336,341756,2025-11-08,Size Issue,20485,Sports
401337,342666,2026-09-11,Late Delivery,20405,Beauty
401338,355605,2025-08-05,Damaged,20156,Fashion
401339,342640,2026-08-14,Quality Issue,20524,Sports
401340,310460,2024-05-21,Quality Issue,20289,Home
401341,337045,2024-03-07,Late Delivery,20396,Beauty
401342,355995,2024-12-02,Size Issue,20288,Home
401343,302148,2026-08-03,Quality Issue,20551,Sports
401344,319001,2026-04-15,Late Delivery,20154,Fashion
401345,306271,2025-03-24,Quality Issue,20221,Fashion
401346,338673,2024-12-26,Damaged,20081,Electronics
401347,301442,2024-08-14,Damaged,20074,Electronics
401348,319433,2026-04-14,Changed Mind,20243,Home
401349,300980,2025-01-29,Damaged,20022,Electronics
401350,316740,2026-06-13,Late Delivery,20231,Fashion
401351,309137,2026-01-16,Wrong Item,20399,Beauty
401352,329201,2024-06-24,Wrong Item,20153,Fashion
401353,354649,2024-11-08,Damaged,20085,Electronics
401354,328809,2024-08-15,Damaged,20589,Sports
401355,302323,2026-09-26,Damaged,20401,Beauty
401356,357843,2026-07-22,Quality Issue,20600,Sports
401357,343198,2025-09-27,Changed Mind,20137,Fashion
401358,304523,2026-08-26,Changed Mind,20091,Electronics
401359,323740,2024-07-29,Size Issue,20240,Fashion
401360,320733,2026-08-31,Quality Issue,20452,Beauty
401361,321716,2025-01-07,Size Issue,20431,Beauty
401362,326345,2024-08-08,Damaged,20386,Beauty
401363,317446,2026-08-22,Damaged,20302,Home
401364,318970,2024-09-01,Size Issue,20387,Beauty
401365,347720,2024-05-08,Late Delivery,20162,Fashion
401366,350959,2025-06-21,Quality Issue,20488,Sports
401367,303089,2025-05-27,Size Issue,20454,Beauty
401368,315101,2025-11-02,Wrong Item,20552,Sports
401369,337174,2026-01-07,Changed Mind,20580,Sports
401370,300334,2024-07-15,Changed Mind,20372,Beauty
401371,353774,2026-07-07,Wrong Item,20389,Beauty
401372,304046,2025-07-10,Damaged,20380,Beauty
401373,310816,2025-11-30,Quality Issue,20476,Beauty
401374,342953,2026-07-28,Wrong Item,20565,Sports
401375,328418,2026-05-12,Size Issue,20304,Home
401376,345138,2024-05-07,Late Delivery,20072,Electronics
401377,305732,2025-05-31,Quality Issue,20582,Sports
401378,307082,2024-06-12,Damaged,20132,Fashion
401379,305600,2024-01-22,Changed Mind,20270,Home
401380,336862,2026-08-05,Damaged,20362,Beauty
401381,320113,2025-04-11,Wrong Item,20577,Sports
401382,356251,2025-07-28,Late Delivery,20066,Electronics
401383,323551,2024-04-29,Changed Mind,20045,Electronics
401384,315340,2024-02-29,Quality Issue,20491,Sports
401385,325327,2024-04-28,Size Issue,20117,Electronics
401386,334621,2025-05-03,Quality Issue,20160,Fashion
401387,323865,2026-08-24,Quality Issue,20318,Home
401388,304814,2024-12-13,Damaged,20121,Fashion
401389,326752,2024-06-03,Late Delivery,20236,Fashion
401390,351076,2026-08-30,Wrong Item,20158,Fashion
401391,315082,2025-07-22,Quality Issue,20445,Beauty
401392,337218,2026-08-01,Wrong Item,20094,Electronics
401393,326195,2026-02-27,Changed Mind,20358,Home
401394,337503,2026-06-26,Damaged,20196,Fashion
401395,308630,2026-06-15,Quality Issue,20597,Sports
401396,303073,2026-05-11,Wrong Item,20202,Fashion
401397,354184,2025-03-15,Damaged,20515,Sports
401398,340216,2024-04-15,Late Delivery,20592,Sports
401399,332054,2025-03-27,Changed Mind,20222,Fashion
401400,319720,2024-03-15,Late Delivery,20404,Beauty
401401,356718,2026-04-06,Quality Issue,20190,Fashion
401402,349853,2025-04-01,Late Delivery,20199,Fashion
401403,320569,2025-04-19,Damaged,20039,Electronics
401404,331666,2024-05-24,Damaged,20053,Electronics
401405,355572,2024-09-28,Damaged,20504,Sports
401406,303239,2026-06-04,Damaged,20497,Sports
401407,331079,2024-06-13,Size Issue,20130,Fashion
401408,315222,2025-12-09,Quality Issue,20234,Fashion
401409,336181,2025-05-30,Size Issue,20368,Beauty
401410,353384,2026-03-24,Changed Mind,20522,Sports
401411,330296,2025-07-24,Damaged,20597,Sports
401412,302940,2024-07-07,Wrong Item,20030,Electronics
401413,315270,2026-05-19,Damaged,20368,Beauty
401414,350101,2024-02-14,Quality Issue,20137,Fashion
401415,306850,2026-04-12,Changed Mind,20036,Electronics
401416,341787,2026-02-05,Size Issue,20545,Sports
401417,339653,2025-05-07,Size Issue,20418,Beauty
401418,343930,2025-07-12,Quality Issue,20232,Fashion
401419,319765,2025-08-21,Damaged,20142,Fashion
401420,338913,2024-10-19,Late Delivery,20150,Fashion
401421,315571,2024-03-23,Late Delivery,20496,Sports
401422,314436,2026-08-21,Quality Issue,20373,Beauty
401423,334525,2025-07-29,Wrong Item,20201,Fashion
401424,330071,2024-12-08,Wrong Item,20073,Electronics
401425,312399,2026-02-27,Quality Issue,20108,Electronics
401426,319923,2026-09-12,Size Issue,20080,Electronics
401427,328669,2026-01-04,Size Issue,20494,Sports
401428,334674,2025-05-06,Wrong Item,20553,Sports
401429,319531,2024-12-18,Changed Mind,20572,Sports
401430,339096,2025-06-22,Size Issue,20370,Beauty
401431,319235,2026-05-20,Changed Mind,20320,Home
401432,354240,2024-04-24,Damaged,20200,Fashion
401433,344208,2024-01-26,Quality Issue,20056,Electronics
401434,321168,2025-08-13,Wrong Item,20422,Beauty
401435,344297,2026-02-24,Late Delivery,20010,Electronics
401436,358394,2026-08-09,Wrong Item,20151,Fashion
401437,339806,2025-10-13,Quality Issue,20038,Electronics
401438,315416,2024-09-05,Damaged,20366,Beauty
401439,303008,2024-12-08,Late Delivery,20404,Beauty
401440,328313,2025-11-01,Late Delivery,20289,Home
401441,330105,2024-04-09,Changed Mind,20064,Electronics
401442,314525,2026-01-12,Late Delivery,20160,Fashion
401443,304678,2026-02-24,Wrong Item,20482,Sports
401444,359063,2026-05-08,Quality Issue,20565,Sports
401445,355373,2026-05-12,Size Issue,20087,Electronics
401446,330626,2024-05-29,Late Delivery,20437,Beauty
401447,313826,2026-02-22,Wrong Item,20507,Sports
401448,321251,2026-08-25,Damaged,20224,Fashion
401449,321146,2025-04-24,Damaged,20600,Sports
401450,314502,2026-07-27,Late Delivery,20310,Home
401451,317276,2026-07-06,Size Issue,20229,Fashion
401452,327666,2024-03-22,Wrong Item,20026,Electronics
401453,300954,2026-07-12,Changed Mind,20240,Fashion
401454,311018,2026-02-13,Damaged,20373,Beauty
401455,308946,2025-04-14,Wrong Item,20476,Beauty
401456,311982,2025-09-23,Damaged,20352,Home
401457,324825,2025-04-25,Size Issue,20148,Fashion
401458,302580,2025-07-01,Quality Issue,20120,Electronics
401459,355032,2025-09-11,Damaged,20501,Sports
401460,314323,2025-07-15,Quality Issue,20211,Fashion
401461,307977,2024-03-04,Damaged,20405,Beauty
401462,320330,2026-03-03,Quality Issue,20294,Home
401463,316323,2025-12-15,Quality Issue,20342,Home
401464,313805,2025-02-05,Damaged,20325,Home
401465,344529,2024-09-08,Wrong Item,20560,Sports
401466,301938,2024-05-24,Size Issue,20577,Sports
401467,357487,2025-12-04,Damaged,20308,Home
401468,319995,2024-09-28,Wrong Item,20059,Electronics
401469,300494,2026-04-17,Size Issue,20469,Beauty
401470,338630,2025-07-22,Size Issue,20083,Electronics
401471,326209,2026-04-07,Changed Mind,20373,Beauty
401472,344702,2026-01-03,Wrong Item,20141,Fashion
401473,306214,2026-06-16,Quality Issue,20491,Sports
401474,308326,2025-06-25,Quality Issue,20521,Sports
401475,350428,2026-04-07,Quality Issue,20530,Sports
401476,303821,2025-12-15,Quality Issue,20118,Electronics
401477,315221,2025-07-08,Wrong Item,20189,Fashion
401478,308937,2024-11-09,Size Issue,20382,Beauty
401479,354372,2024-06-05,Wrong Item,20472,Beauty
401480,357920,2025-11-28,Quality Issue,20057,Electronics
401481,356379,2025-11-27,Damaged,20537,Sports
401482,349790,2024-11-05,Size Issue,20590,Sports
401483,331217,2026-08-30,Wrong Item,20126,Fashion
401484,345793,2026-04-20,Quality Issue,20060,Electronics
401485,329547,2026-05-15,Late Delivery,20014,Electronics
401486,319350,2024-08-05,Quality Issue,20035,Electronics
401487,349645,2024-09-30,Late Delivery,20425,Beauty
401488,357038,2026-08-17,Late Delivery,20201,Fashion
401489,328101,2024-07-15,Changed Mind,20293,Home
401490,355620,2024-07-01,Quality Issue,20029,Electronics
401491,303273,2025-03-12,Size Issue,20401,Beauty
401492,309930,2024-10-26,Size Issue,20304,Home
401493,334908,2024-10-02,Size Issue,20200,Fashion
401494,314960,2026-02-27,Late Delivery,20330,Home
401495,316278,2024-09-26,Size Issue,20015,Electronics
401496,305960,2026-02-09,Size Issue,20084,Electronics
401497,332991,2025-03-01,Damaged,20574,Sports
401498,322781,2025-11-14,Wrong Item,20184,Fashion
401499,341352,2025-06-10,Size Issue,20142,Fashion
401500,326222,2024-12-05,Changed Mind,20076,Electronics
401501,331358,2026-02-18,Damaged,20377,Beauty
401502,320780,2024-02-03,Size Issue,20255,Home
401503,347903,2026-06-12,Size Issue,20060,Electronics
401504,334475,2026-06-30,Changed Mind,20269,Home
401505,350525,2026-04-07,Damaged,20452,Beauty
401506,344460,2025-09-02,Wrong Item,20435,Beauty
401507,340819,2026-07-08,Changed Mind,20519,Sports
401508,338868,2026-04-28,Quality Issue,20489,Sports
401509,348377,2025-01-28,Size Issue,20154,Fashion
401510,301942,2025-03-16,Changed Mind,20597,Sports
401511,317586,2024-03-17,Wrong Item,20430,Beauty
401512,321671,2026-07-05,Size Issue,20518,Sports
401513,346481,2026-09-27,Size Issue,20394,Beauty
401514,332060,2026-06-15,Changed Mind,20433,Beauty
401515,309728,2025-12-19,Quality Issue,20265,Home
401516,328801,2024-06-22,Wrong Item,20494,Sports
401517,341883,2025-05-03,Wrong Item,20116,Electronics
401518,357687,2025-12-12,Changed Mind,20083,Electronics
401519,334228,2025-10-18,Wrong Item,20313,Home
401520,308351,2025-10-04,Late Delivery,20543,Sports
401521,304108,2026-02-24,Damaged,20104,Electronics
401522,306440,2024-01-22,Damaged,20199,Fashion
401523,324707,2024-07-26,Wrong Item,20385,Beauty
401524,301056,2025-09-15,Size Issue,20079,Electronics
401525,330962,2024-05-18,Changed Mind,20169,Fashion
401526,349400,2025-11-21,Damaged,20405,Beauty
401527,341197,2026-09-01,Damaged,20220,Fashion
401528,358172,2025-07-16,Size Issue,20454,Beauty
401529,322076,2026-01-17,Size Issue,20021,Electronics
401530,358024,2024-07-14,Changed Mind,20571,Sports
401531,338842,2026-03-03,Damaged,20483,Sports
401532,347408,2025-04-19,Changed Mind,20152,Fashion
401533,311476,2024-04-05,Wrong Item,20003,Electronics
401534,304696,2025-05-08,Size Issue,20255,Home
401535,338064,2026-06-11,Late Delivery,20447,Beauty
401536,346795,2026-05-20,Changed Mind,20215,Fashion
401537,315553,2025-05-06,Damaged,20427,Beauty
401538,342437,2026-04-30,Size Issue,20553,Sports
401539,356114,2024-02-12,Quality Issue,20501,Sports
401540,310554,2026-05-17,Size Issue,20030,Electronics
401541,358443,2026-05-26,Quality Issue,20445,Beauty
401542,312065,2024-07-24,Damaged,20565,Sports
401543,317744,2024-11-20,Late Delivery,20523,Sports
401544,358262,2024-10-25,Quality Issue,20584,Sports
401545,310495,2025-05-05,Damaged,20187,Fashion
401546,330952,2025-10-08,Size Issue,20503,Sports
401547,310015,2024-04-01,Changed Mind,20104,Electronics
401548,332803,2026-08-09,Damaged,20172,Fashion
401549,302928,2025-08-06,Quality Issue,20507,Sports
401550,331328,2026-03-08,Wrong Item,20012,Electronics
401551,307063,2026-05-01,Quality Issue,20504,Sports
401552,331989,2025-09-28,Wrong Item,20163,Fashion
401553,330330,2024-04-07,Late Delivery,20025,Electronics
401554,329458,2025-10-01,Wrong Item,20163,Fashion
401555,314304,2025-08-25,Damaged,20340,Home
401556,352057,2024-12-30,Wrong Item,20454,Beauty
401557,312183,2025-11-25,Size Issue,20224,Fashion
401558,339118,2025-11-21,Wrong Item,20341,Home
401559,310266,2026-05-21,Damaged,20407,Beauty
401560,311357,2025-09-18,Size Issue,20543,Sports
401561,318786,2026-05-07,Late Delivery,20433,Beauty
401562,351569,2026-01-06,Changed Mind,20003,Electronics
401563,340608,2025-08-31,Size Issue,20112,Electronics
401564,327902,2025-12-08,Changed Mind,20150,Fashion
401565,309633,2025-03-27,Late Delivery,20265,Home
401566,347524,2026-02-25,Quality Issue,20403,Beauty
401567,314498,2026-04-07,Late Delivery,20377,Beauty
401568,350310,2025-02-06,Changed Mind,20345,Home
401569,351672,2024-04-05,Size Issue,20355,Home
401570,312490,2025-08-02,Wrong Item,20086,Electronics
401571,348986,2025-01-29,Quality Issue,20540,Sports
401572,326741,2024-05-02,Wrong Item,20158,Fashion
401573,318960,2025-03-30,Damaged,20142,Fashion
401574,355861,2025-05-21,Size Issue,20478,Beauty
401575,348827,2026-06-28,Wrong Item,20304,Home
401576,354725,2026-06-08,Quality Issue,20507,Sports
401577,312084,2024-07-28,Late Delivery,20216,Fashion
401578,301208,2025-03-14,Changed Mind,20040,Electronics
401579,300339,2024-09-06,Late Delivery,20155,Fashion
401580,321873,2025-12-30,Wrong Item,20491,Sports
401581,352510,2024-09-24,Size Issue,20101,Electronics
401582,351600,2026-05-28,Quality Issue,20323,Home
401583,348205,2026-08-17,Changed Mind,20212,Fashion
401584,357668,2026-08-28,Size Issue,20047,Electronics
401585,337538,2024-02-04,Wrong Item,20463,Beauty
401586,313888,2026-07-09,Quality Issue,20259,Home
401587,356818,2025-10-08,Wrong Item,20480,Beauty
401588,317704,2025-06-17,Wrong Item,20221,Fashion
401589,310526,2024-08-02,Quality Issue,20589,Sports
401590,329317,2025-05-14,Wrong Item,20209,Fashion
401591,356244,2025-08-13,Damaged,20476,Beauty
401592,313995,2026-01-07,Damaged,20507,Sports
401593,332851,2026-06-10,Late Delivery,20583,Sports
401594,316074,2026-05-27,Size Issue,20402,Beauty
401595,338920,2024-11-13,Late Delivery,20260,Home
401596,321997,2025-04-05,Quality Issue,20524,Sports
401597,322244,2024-08-30,Quality Issue,20526,Sports
401598,330844,2026-05-30,Changed Mind,20126,Fashion
401599,340628,2026-02-03,Wrong Item,20343,Home
401600,311531,2024-09-13,Damaged,20246,Home
401601,334752,2026-07-18,Damaged,20574,Sports
401602,329740,2024-09-26,Damaged,20267,Home
401603,346418,2025-01-26,Quality Issue,20410,Beauty
401604,354024,2026-02-24,Size Issue,20268,Home
401605,356459,2026-09-13,Wrong Item,20109,Electronics
401606,342134,2026-06-10,Size Issue,20042,Electronics
401607,353798,2026-03-22,Changed Mind,20026,Electronics
401608,349541,2024-10-16,Damaged,20172,Fashion
401609,342512,2024-01-25,Quality Issue,20483,Sports
401610,335287,2025-06-15,Quality Issue,20471,Beauty
401611,316553,2024-08-29,Damaged,20068,Electronics
401612,320803,2024-10-27,Size Issue,20313,Home
401613,307440,2026-07-18,Wrong Item,20086,Electronics
401614,302621,2025-04-21,Damaged,20593,Sports
401615,334814,2025-03-15,Damaged,20573,Sports
401616,341928,2024-12-22,Quality Issue,20407,Beauty
401617,302554,2026-03-10,Damaged,20174,Fashion
401618,324462,2025-05-18,Changed Mind,20485,Sports
401619,308820,2025-10-05,Quality Issue,20571,Sports
401620,307813,2026-02-05,Quality Issue,20599,Sports
401621,340710,2025-11-02,Wrong Item,20569,Sports
401622,340468,2024-10-03,Wrong Item,20354,Home
401623,308231,2025-06-15,Quality Issue,20324,Home
401624,324985,2025-10-07,Late Delivery,20458,Beauty
401625,322606,2026-01-26,Size Issue,20032,Electronics
401626,322878,2026-05-09,Changed Mind,20073,Electronics
401627,308528,2026-08-12,Size Issue,20458,Beauty
401628,318584,2025-07-20,Damaged,20495,Sports
401629,340560,2026-06-17,Changed Mind,20134,Fashion
401630,327755,2025-07-11,Size Issue,20461,Beauty
401631,301853,2026-09-27,Late Delivery,20316,Home
401632,305216,2025-12-19,Changed Mind,20244,Home
401633,359024,2025-05-23,Changed Mind,20351,Home
401634,308506,2024-03-21,Changed Mind,20237,Fashion
401635,304258,2025-09-11,Quality Issue,20472,Beauty
401636,311393,2026-04-10,Size Issue,20518,Sports
401637,319273,2024-08-18,Quality Issue,20003,Electronics
401638,354523,2025-05-24,Late Delivery,20381,Beauty
401639,308543,2024-04-24,Quality Issue,20429,Beauty
401640,324459,2024-04-28,Wrong Item,20181,Fashion
401641,355058,2026-01-27,Quality Issue,20021,Electronics
401642,312583,2025-12-11,Wrong Item,20034,Electronics
401643,304230,2024-06-24,Wrong Item,20161,Fashion
401644,337620,2025-06-03,Changed Mind,20119,Electronics
401645,333440,2024-09-18,Size Issue,20403,Beauty
401646,337261,2025-12-15,Size Issue,20214,Fashion
401647,349247,2026-05-04,Wrong Item,20280,Home
401648,314510,2025-04-24,Size Issue,20541,Sports
401649,338559,2025-01-22,Changed Mind,20516,Sports
401650,342903,2026-06-19,Damaged,20108,Electronics
401651,318899,2024-10-21,Late Delivery,20446,Beauty
401652,353996,2026-02-09,Wrong Item,20161,Fashion
401653,326163,2026-06-21,Quality Issue,20488,Sports
401654,323653,2024-09-05,Quality Issue,20487,Sports
401655,326841,2024-04-30,Wrong Item,20292,Home
401656,352458,2025-12-27,Late Delivery,20424,Beauty
401657,342355,2025-06-19,Size Issue,20213,Fashion
401658,318158,2024-12-16,Changed Mind,20236,Fashion
401659,350330,2026-07-09,Damaged,20327,Home
401660,342544,2024-02-04,Late Delivery,20076,Electronics
401661,353088,2026-06-16,Changed Mind,20200,Fashion
401662,308382,2024-11-03,Quality Issue,20463,Beauty
401663,317692,2025-04-11,Quality Issue,20188,Fashion
401664,312063,2024-10-17,Wrong Item,20281,Home
401665,322677,2026-01-20,Quality Issue,20367,Beauty
401666,305255,2024-07-25,Damaged,20071,Electronics
401667,340020,2024-08-30,Size Issue,20022,Electronics
401668,348470,2026-07-10,Late Delivery,20363,Beauty
401669,344366,2025-04-28,Damaged,20485,Sports
401670,345319,2026-03-21,Damaged,20551,Sports
401671,341346,2026-01-25,Quality Issue,20196,Fashion
401672,328922,2025-05-13,Damaged,20562,Sports
401673,342336,2024-03-18,Wrong Item,20372,Beauty
401674,352082,2025-12-15,Damaged,20539,Sports
401675,316612,2024-06-04,Late Delivery,20131,Fashion
401676,302814,2026-07-11,Changed Mind,20307,Home
401677,351424,2025-12-02,Quality Issue,20379,Beauty
401678,301466,2025-11-19,Changed Mind,20514,Sports
401679,313370,2024-03-24,Size Issue,20578,Sports
401680,333807,2025-09-07,Quality Issue,20393,Beauty
401681,302952,2024-08-16,Quality Issue,20113,Electronics
401682,313983,2025-09-05,Late Delivery,20513,Sports
401683,349657,2024-10-13,Changed Mind,20153,Fashion
401684,303075,2026-06-01,Size Issue,20322,Home
401685,322605,2025-05-30,Size Issue,20284,Home
401686,326236,2025-04-02,Wrong Item,20026,Electronics
401687,330089,2024-11-23,Size Issue,20082,Electronics
401688,344033,2024-05-13,Wrong Item,20190,Fashion
401689,329342,2025-05-21,Damaged,20010,Electronics
401690,346767,2025-04-07,Damaged,20571,Sports
401691,315907,2025-10-28,Size Issue,20290,Home
401692,320730,2025-07-25,Changed Mind,20316,Home
401693,326204,2026-06-11,Wrong Item,20471,Beauty
401694,345212,2025-07-21,Wrong Item,20145,Fashion
401695,304581,2024-12-26,Quality Issue,20283,Home
401696,317903,2026-08-03,Size Issue,20565,Sports
401697,334683,2025-01-19,Quality Issue,20082,Electronics
401698,301248,2026-03-21,Wrong Item,20094,Electronics
401699,358487,2025-07-13,Quality Issue,20199,Fashion
401700,324396,2024-10-29,Quality Issue,20050,Electronics
401701,300691,2024-07-23,Damaged,20395,Beauty
401702,358558,2026-07-28,Size Issue,20481,Sports
401703,322376,2024-12-12,Changed Mind,20216,Fashion
401704,307774,2024-09-28,Changed Mind,20089,Electronics
401705,334622,2025-12-04,Size Issue,20153,Fashion
401706,331874,2025-02-02,Size Issue,20296,Home
401707,352542,2024-11-19,Wrong Item,20194,Fashion
401708,305068,2024-09-27,Wrong Item,20180,Fashion
401709,339757,2024-12-08,Damaged,20326,Home
401710,345986,2025-07-14,Damaged,20066,Electronics
401711,344644,2024-05-15,Late Delivery,20501,Sports
401712,314790,2025-04-02,Wrong Item,20405,Beauty
401713,345533,2026-05-30,Size Issue,20360,Home
401714,345785,2025-03-19,Changed Mind,20298,Home
401715,356553,2025-12-30,Changed Mind,20053,Electronics
401716,311522,2025-01-27,Size Issue,20313,Home
401717,334769,2026-05-15,Size Issue,20533,Sports
401718,339849,2025-01-07,Quality Issue,20271,Home
401719,316305,2026-09-12,Changed Mind,20425,Beauty
401720,353259,2026-07-27,Damaged,20526,Sports
401721,344980,2025-08-26,Damaged,20234,Fashion
401722,319785,2026-04-16,Quality Issue,20479,Beauty
401723,325575,2025-04-01,Size Issue,20442,Beauty
401724,335402,2025-08-16,Wrong Item,20046,Electronics
401725,354333,2025-04-19,Damaged,20431,Beauty
401726,304317,2024-04-21,Damaged,20189,Fashion
401727,327472,2026-09-21,Quality Issue,20360,Home
401728,312710,2026-06-03,Changed Mind,20229,Fashion
401729,353493,2025-01-19,Size Issue,20195,Fashion
401730,339718,2024-09-11,Damaged,20402,Beauty
401731,346315,2025-04-26,Late Delivery,20548,Sports
401732,319293,2025-08-23,Wrong Item,20279,Home
401733,340624,2024-06-04,Changed Mind,20108,Electronics
401734,320762,2024-09-01,Wrong Item,20007,Electronics
401735,357121,2025-12-06,Wrong Item,20568,Sports
401736,316430,2026-07-10,Wrong Item,20346,Home
401737,307902,2026-07-02,Late Delivery,20098,Electronics
401738,348037,2024-03-23,Quality Issue,20386,Beauty
401739,321508,2025-05-25,Damaged,20200,Fashion
401740,304290,2025-12-17,Quality Issue,20244,Home
401741,355697,2025-09-18,Late Delivery,20122,Fashion
401742,325560,2025-12-01,Wrong Item,20149,Fashion
401743,329207,2026-02-03,Changed Mind,20074,Electronics
401744,327531,2025-03-07,Damaged,20168,Fashion
401745,312811,2026-03-25,Quality Issue,20194,Fashion
401746,311168,2024-11-12,Size Issue,20017,Electronics
401747,314383,2024-11-20,Wrong Item,20056,Electronics
401748,345070,2024-04-29,Quality Issue,20182,Fashion
401749,349125,2026-05-07,Changed Mind,20107,Electronics
401750,359325,2026-06-22,Changed Mind,20231,Fashion
401751,305183,2026-05-05,Wrong Item,20411,Beauty
401752,310063,2024-03-03,Wrong Item,20416,Beauty
401753,300202,2025-09-20,Wrong Item,20277,Home
401754,328742,2026-01-13,Quality Issue,20528,Sports
401755,317307,2025-07-10,Changed Mind,20473,Beauty
401756,308680,2026-09-01,Quality Issue,20107,Electronics
401757,336044,2026-05-14,Size Issue,20110,Electronics
401758,302922,2026-03-11,Wrong Item,20548,Sports
401759,357295,2025-03-14,Wrong Item,20600,Sports
401760,324294,2025-02-23,Size Issue,20106,Electronics
401761,340385,2026-01-18,Wrong Item,20102,Electronics
401762,305585,2025-12-11,Quality Issue,20079,Electronics
401763,349138,2025-11-20,Size Issue,20594,Sports
401764,348050,2024-05-24,Quality Issue,20457,Beauty
401765,343819,2024-06-13,Late Delivery,20172,Fashion
401766,352087,2024-03-26,Size Issue,20277,Home
401767,347806,2024-07-14,Late Delivery,20540,Sports
401768,349930,2024-12-23,Late Delivery,20474,Beauty
401769,309892,2026-04-18,Changed Mind,20430,Beauty
401770,311178,2026-08-03,Changed Mind,20228,Fashion
401771,311984,2025-12-11,Damaged,20397,Beauty
401772,357831,2026-08-30,Late Delivery,20484,Sports
401773,322311,2026-03-19,Damaged,20113,Electronics
401774,340052,2025-07-16,Size Issue,20480,Beauty
401775,328401,2025-10-19,Damaged,20242,Home
401776,306906,2026-02-07,Changed Mind,20324,Home
401777,306086,2025-06-04,Quality Issue,20035,Electronics
401778,330715,2025-05-02,Late Delivery,20345,Home
401779,331500,2025-11-24,Damaged,20187,Fashion
401780,310482,2024-12-09,Late Delivery,20478,Beauty
401781,332477,2025-10-22,Quality Issue,20352,Home
401782,352456,2024-07-07,Size Issue,20510,Sports
401783,302060,2026-07-31,Changed Mind,20354,Home
401784,321175,2026-09-24,Size Issue,20302,Home
401785,321327,2025-04-08,Quality Issue,20350,Home
401786,306945,2025-12-18,Changed Mind,20324,Home
401787,349683,2025-04-08,Quality Issue,20278,Home
401788,355097,2026-02-01,Wrong Item,20209,Fashion
401789,304147,2025-12-18,Size Issue,20314,Home
401790,329737,2026-07-19,Quality Issue,20235,Fashion
401791,330220,2025-03-04,Size Issue,20440,Beauty
401792,323728,2024-02-29,Changed Mind,20501,Sports
401793,342311,2025-09-16,Size Issue,20076,Electronics
401794,351977,2024-04-22,Size Issue,20402,Beauty
401795,308697,2024-12-15,Wrong Item,20190,Fashion
401796,347203,2024-05-20,Late Delivery,20570,Sports
401797,328097,2025-12-19,Wrong Item,20539,Sports
401798,316867,2025-04-10,Quality Issue,20435,Beauty
401799,315909,2025-11-22,Size Issue,20567,Sports
401800,331271,2026-09-03,Changed Mind,20413,Beauty
401801,352625,2025-03-13,Late Delivery,20557,Sports
401802,327368,2025-10-23,Late Delivery,20394,Beauty
401803,319973,2026-08-24,Changed Mind,20395,Beauty
401804,314269,2026-03-11,Changed Mind,20375,Beauty
401805,326431,2026-02-11,Late Delivery,20169,Fashion
401806,322204,2026-04-23,Damaged,20035,Electronics
401807,346959,2024-05-12,Size Issue,20037,Electronics
401808,334285,2025-12-06,Damaged,20572,Sports
401809,337293,2025-05-09,Quality Issue,20255,Home
401810,317326,2024-06-23,Size Issue,20072,Electronics
401811,325719,2026-01-15,Changed Mind,20076,Electronics
401812,318782,2025-05-22,Quality Issue,20002,Electronics
401813,316956,2026-03-06,Changed Mind,20420,Beauty
401814,307384,2026-05-07,Wrong Item,20588,Sports
401815,356559,2026-08-24,Quality Issue,20267,Home
401816,314465,2026-01-02,Damaged,20522,Sports
401817,353471,2025-08-24,Late Delivery,20198,Fashion
401818,329075,2024-11-04,Size Issue,20024,Electronics
401819,349520,2026-04-13,Wrong Item,20063,Electronics
401820,326858,2025-05-16,Quality Issue,20324,Home
401821,354901,2026-04-20,Changed Mind,20488,Sports
401822,333246,2024-05-05,Late Delivery,20038,Electronics
401823,326391,2024-06-24,Changed Mind,20392,Beauty
401824,315274,2024-05-06,Late Delivery,20242,Home
401825,305572,2026-01-22,Late Delivery,20428,Beauty
401826,353405,2025-05-07,Late Delivery,20465,Beauty
401827,317174,2025-03-07,Late Delivery,20452,Beauty
401828,355113,2025-12-23,Quality Issue,20482,Sports
401829,326412,2024-10-08,Changed Mind,20014,Electronics
401830,315678,2026-02-21,Wrong Item,20211,Fashion
401831,328420,2025-01-28,Changed Mind,20547,Sports
401832,357852,2025-11-11,Late Delivery,20249,Home
401833,352826,2026-08-09,Size Issue,20231,Fashion
401834,304089,2025-02-15,Quality Issue,20004,Electronics
401835,329744,2026-06-08,Quality Issue,20239,Fashion
401836,353950,2026-06-01,Quality Issue,20481,Sports
401837,343599,2025-03-21,Quality Issue,20199,Fashion
401838,312013,2024-08-10,Size Issue,20426,Beauty
401839,332720,2025-12-21,Changed Mind,20276,Home
401840,353956,2026-09-14,Quality Issue,20428,Beauty
401841,306116,2025-08-11,Size Issue,20178,Fashion
401842,324911,2025-09-04,Damaged,20348,Home
401843,330335,2025-08-22,Changed Mind,20554,Sports
401844,340849,2026-06-22,Late Delivery,20332,Home
401845,319628,2025-01-15,Quality Issue,20228,Fashion
401846,325344,2024-09-10,Quality Issue,20161,Fashion
401847,356173,2024-11-09,Late Delivery,20223,Fashion
401848,353633,2026-04-12,Damaged,20308,Home
401849,354543,2026-02-21,Late Delivery,20526,Sports
401850,347836,2024-12-02,Changed Mind,20318,Home
401851,306675,2025-12-03,Size Issue,20313,Home
401852,326753,2025-08-15,Quality Issue,20465,Beauty
401853,328840,2024-03-06,Quality Issue,20218,Fashion
401854,309126,2025-09-13,Changed Mind,20100,Electronics
401855,328286,2024-03-06,Quality Issue,20382,Beauty
401856,317131,2025-10-28,Wrong Item,20330,Home
401857,342145,2026-04-12,Size Issue,20298,Home
401858,349423,2025-07-23,Damaged,20341,Home
401859,330699,2024-10-12,Damaged,20334,Home
401860,343693,2024-06-05,Wrong Item,20101,Electronics
401861,358512,2025-06-11,Changed Mind,20166,Fashion
401862,324593,2026-04-19,Late Delivery,20014,Electronics
401863,349968,2026-01-31,Size Issue,20427,Beauty
401864,305173,2024-12-31,Damaged,20025,Electronics
401865,335138,2024-06-11,Changed Mind,20443,Beauty
401866,335828,2025-08-09,Wrong Item,20121,Fashion
401867,318989,2024-07-27,Damaged,20453,Beauty
401868,322036,2026-07-01,Quality Issue,20173,Fashion
401869,354495,2024-08-09,Wrong Item,20397,Beauty
401870,352876,2025-06-09,Changed Mind,20265,Home
401871,306427,2024-06-03,Damaged,20187,Fashion
401872,320510,2024-03-17,Wrong Item,20435,Beauty
401873,331994,2026-04-02,Quality Issue,20176,Fashion
401874,336761,2024-05-28,Changed Mind,20462,Beauty
401875,307081,2024-04-19,Quality Issue,20518,Sports
401876,309946,2025-07-21,Wrong Item,20053,Electronics
401877,313796,2024-05-02,Damaged,20486,Sports
401878,330167,2025-12-22,Late Delivery,20496,Sports
401879,342948,2026-06-02,Quality Issue,20442,Beauty
401880,352688,2024-09-05,Damaged,20014,Electronics
401881,353886,2025-11-20,Damaged,20098,Electronics
401882,340219,2025-02-03,Changed Mind,20524,Sports
401883,300629,2025-07-28,Quality Issue,20013,Electronics
401884,349575,2024-03-18,Wrong Item,20412,Beauty
401885,318953,2026-03-05,Wrong Item,20334,Home
401886,302755,2024-04-16,Quality Issue,20455,Beauty
401887,312820,2025-08-01,Late Delivery,20066,Electronics
401888,309765,2025-10-30,Size Issue,20518,Sports
401889,331957,2025-09-03,Late Delivery,20382,Beauty
401890,334306,2025-02-03,Size Issue,20081,Electronics
401891,353823,2025-12-15,Wrong Item,20160,Fashion
401892,338458,2026-08-30,Quality Issue,20167,Fashion
401893,332488,2025-03-18,Size Issue,20006,Electronics
401894,334849,2025-10-05,Wrong Item,20518,Sports
401895,307970,2024-11-20,Size Issue,20247,Home
401896,351192,2024-03-30,Wrong Item,20065,Electronics
401897,330378,2026-02-15,Size Issue,20233,Fashion
401898,310567,2025-08-16,Late Delivery,20131,Fashion
401899,359058,2025-07-20,Changed Mind,20175,Fashion
401900,355764,2025-11-15,Size Issue,20074,Electronics
401901,336324,2026-07-14,Late Delivery,20399,Beauty
401902,309320,2026-05-20,Changed Mind,20003,Electronics
401903,307299,2025-02-17,Damaged,20434,Beauty
401904,347613,2025-12-15,Damaged,20187,Fashion
401905,356125,2024-06-20,Late Delivery,20151,Fashion
401906,300512,2025-08-26,Size Issue,20018,Electronics
401907,329140,2025-03-21,Wrong Item,20581,Sports
401908,307743,2025-07-13,Size Issue,20145,Fashion
401909,339692,2024-02-04,Changed Mind,20444,Beauty
401910,332470,2026-08-23,Late Delivery,20514,Sports
401911,320684,2026-04-25,Size Issue,20428,Beauty
401912,346492,2024-02-09,Late Delivery,20015,Electronics
401913,304002,2025-12-26,Damaged,20321,Home
401914,318086,2025-01-02,Changed Mind,20006,Electronics
401915,351700,2025-01-08,Quality Issue,20003,Electronics
401916,325674,2024-02-15,Wrong Item,20080,Electronics
401917,329846,2024-03-02,Wrong Item,20099,Electronics
401918,333837,2026-06-03,Quality Issue,20490,Sports
401919,312001,2025-05-26,Size Issue,20052,Electronics
401920,341600,2026-06-11,Quality Issue,20270,Home
401921,357958,2025-02-05,Size Issue,20306,Home
401922,357633,2025-07-24,Damaged,20265,Home
401923,354526,2026-05-27,Size Issue,20365,Beauty
401924,337529,2024-02-04,Late Delivery,20307,Home
401925,324311,2024-12-27,Changed Mind,20130,Fashion
401926,335198,2024-11-13,Changed Mind,20035,Electronics
401927,319451,2024-01-23,Late Delivery,20408,Beauty
401928,335267,2025-07-02,Wrong Item,20338,Home
401929,343770,2024-03-03,Damaged,20596,Sports
401930,335473,2025-10-31,Damaged,20534,Sports
401931,314804,2025-03-24,Changed Mind,20252,Home
401932,320375,2024-09-02,Quality Issue,20222,Fashion
401933,327402,2026-05-21,Late Delivery,20155,Fashion
401934,327401,2026-07-27,Changed Mind,20114,Electronics
401935,339368,2026-06-18,Size Issue,20113,Electronics
401936,305272,2026-04-03,Damaged,20121,Fashion
401937,322245,2025-03-10,Quality Issue,20349,Home
401938,344579,2026-07-10,Wrong Item,20533,Sports
401939,314700,2025-06-21,Size Issue,20544,Sports
401940,312140,2026-05-12,Changed Mind,20042,Electronics
401941,349462,2026-10-01,Damaged,20272,Home
401942,355345,2025-11-02,Late Delivery,20499,Sports
401943,338084,2026-07-24,Size Issue,20152,Fashion
401944,332708,2025-04-13,Wrong Item,20581,Sports
401945,337303,2024-09-03,Changed Mind,20048,Electronics
401946,359046,2026-01-15,Quality Issue,20055,Electronics
401947,307747,2024-05-26,Wrong Item,20081,Electronics
401948,344015,2024-02-14,Size Issue,20083,Electronics
401949,349367,2024-03-22,Wrong Item,20403,Beauty
401950,313004,2024-07-20,Damaged,20498,Sports
401951,341542,2025-05-26,Size Issue,20123,Fashion
401952,315615,2025-01-24,Quality Issue,20238,Fashion
401953,356865,2024-02-16,Quality Issue,20455,Beauty
401954,352881,2025-06-09,Quality Issue,20062,Electronics
401955,302494,2026-09-02,Wrong Item,20397,Beauty
401956,308009,2026-01-26,Late Delivery,20167,Fashion
401957,323660,2026-06-21,Quality Issue,20489,Sports
401958,310182,2024-10-23,Wrong Item,20042,Electronics
401959,315125,2024-12-24,Late Delivery,20284,Home
401960,352619,2024-08-14,Quality Issue,20393,Beauty
401961,300425,2026-03-30,Quality Issue,20048,Electronics
401962,354638,2026-07-18,Size Issue,20473,Beauty
401963,301913,2026-02-15,Late Delivery,20035,Electronics
401964,303295,2026-06-05,Late Delivery,20488,Sports
401965,346939,2024-04-10,Changed Mind,20529,Sports
401966,321729,2025-10-29,Quality Issue,20118,Electronics
401967,319645,2025-08-01,Quality Issue,20157,Fashion
401968,312050,2026-05-14,Quality Issue,20279,Home
401969,356509,2024-12-24,Quality Issue,20564,Sports
401970,337526,2024-10-31,Size Issue,20053,Electronics
401971,354457,2025-11-23,Quality Issue,20082,Electronics
401972,342082,2026-03-21,Quality Issue,20038,Electronics
401973,331797,2024-08-13,Changed Mind,20152,Fashion
401974,310172,2025-01-11,Damaged,20255,Home
401975,330958,2025-09-12,Late Delivery,20070,Electronics
401976,352193,2026-07-14,Damaged,20514,Sports
401977,317404,2025-05-20,Wrong Item,20304,Home
401978,350712,2026-08-20,Size Issue,20131,Fashion
401979,335814,2025-06-19,Size Issue,20060,Electronics
401980,336828,2026-01-11,Size Issue,20390,Beauty
401981,300161,2025-06-06,Late Delivery,20351,Home
401982,315132,2026-02-21,Changed Mind,20370,Beauty
401983,323908,2025-05-10,Quality Issue,20159,Fashion
401984,339576,2025-12-03,Wrong Item,20560,Sports
401985,315319,2025-10-07,Damaged,20348,Home
401986,326181,2026-07-09,Quality Issue,20495,Sports
401987,333033,2025-06-19,Damaged,20141,Fashion
401988,350323,2024-12-07,Wrong Item,20455,Beauty
401989,343063,2025-05-23,Damaged,20385,Beauty
401990,312642,2024-03-26,Changed Mind,20234,Fashion
401991,315598,2025-05-28,Quality Issue,20299,Home
401992,300567,2026-03-28,Quality Issue,20258,Home
401993,310470,2024-07-28,Damaged,20456,Beauty
401994,357395,2026-04-02,Wrong Item,20033,Electronics
401995,337847,2026-09-09,Size Issue,20194,Fashion
401996,355626,2024-10-12,Quality Issue,20242,Home
401997,358151,2025-10-14,Damaged,20553,Sports
401998,358369,2025-07-26,Wrong Item,20364,Beauty
401999,308783,2026-04-17,Damaged,20399,Beauty
402000,301300,2025-12-26,Wrong Item,20240,Fashion
402001,305073,2026-01-12,Size Issue,20388,Beauty
402002,302399,2024-04-01,Quality Issue,20574,Sports
402003,320192,2025-07-22,Late Delivery,20589,Sports
402004,332237,2026-06-07,Damaged,20353,Home
402005,339168,2026-09-04,Quality Issue,20414,Beauty
402006,346928,2025-05-31,Quality Issue,20236,Fashion
402007,351372,2025-11-21,Quality Issue,20544,Sports
402008,358836,2025-12-21,Damaged,20552,Sports
402009,346121,2024-09-06,Damaged,20214,Fashion
402010,330487,2026-07-13,Size Issue,20072,Electronics
402011,321427,2026-04-04,Size Issue,20030,Electronics
402012,344222,2025-01-06,Damaged,20585,Sports
402013,335786,2026-02-11,Quality Issue,20285,Home
402014,337317,2025-03-25,Changed Mind,20062,Electronics
402015,313473,2024-12-26,Quality Issue,20406,Beauty
402016,310838,2025-09-09,Damaged,20028,Electronics
402017,341467,2026-03-26,Changed Mind,20491,Sports
402018,324543,2024-05-17,Changed Mind,20493,Sports
402019,359413,2026-05-22,Damaged,20071,Electronics
402020,309924,2025-03-21,Quality Issue,20455,Beauty
402021,308298,2026-06-09,Late Delivery,20065,Electronics
402022,339991,2026-09-14,Wrong Item,20059,Electronics
402023,313115,2025-12-10,Late Delivery,20136,Fashion
402024,344846,2026-04-10,Size Issue,20313,Home
402025,309524,2025-06-17,Damaged,20486,Sports
402026,328383,2025-12-29,Size Issue,20487,Sports
402027,357110,2025-02-10,Changed Mind,20035,Electronics
402028,316113,2025-08-13,Wrong Item,20079,Electronics
402029,309640,2024-07-05,Changed Mind,20400,Beauty
402030,327843,2026-06-08,Wrong Item,20300,Home
402031,303892,2026-09-24,Changed Mind,20264,Home
402032,303953,2026-05-15,Wrong Item,20354,Home
402033,304834,2026-01-15,Changed Mind,20394,Beauty
402034,348725,2025-12-06,Late Delivery,20406,Beauty
402035,317271,2026-05-16,Changed Mind,20582,Sports
402036,322424,2025-04-21,Size Issue,20462,Beauty
402037,343900,2024-05-25,Damaged,20360,Home
402038,357089,2025-12-04,Wrong Item,20374,Beauty
402039,338495,2026-06-25,Quality Issue,20578,Sports
402040,330055,2026-01-31,Size Issue,20334,Home
402041,319146,2025-10-04,Size Issue,20546,Sports
402042,324141,2024-07-01,Late Delivery,20558,Sports
402043,319791,2025-12-03,Size Issue,20275,Home
402044,358113,2026-04-29,Changed Mind,20253,Home
402045,304395,2025-06-23,Changed Mind,20550,Sports
402046,319396,2024-07-05,Damaged,20174,Fashion
402047,308929,2026-04-01,Size Issue,20281,Home
402048,317133,2025-10-18,Damaged,20411,Beauty
402049,355951,2026-06-17,Wrong Item,20149,Fashion
402050,349211,2026-03-12,Late Delivery,20394,Beauty
402051,345098,2024-09-08,Damaged,20175,Fashion
402052,358755,2025-04-25,Late Delivery,20481,Sports
402053,319363,2024-07-22,Size Issue,20081,Electronics
402054,345348,2025-05-06,Changed Mind,20262,Home
402055,326978,2025-08-16,Size Issue,20343,Home
402056,335978,2026-08-02,Wrong Item,20194,Fashion
402057,332013,2025-07-08,Changed Mind,20545,Sports
402058,322038,2024-12-24,Damaged,20535,Sports
402059,329223,2024-08-22,Quality Issue,20351,Home
402060,313777,2025-10-07,Quality Issue,20267,Home
402061,357518,2025-07-29,Damaged,20340,Home
402062,356336,2025-07-18,Late Delivery,20192,Fashion
402063,359471,2025-09-24,Wrong Item,20267,Home
402064,330627,2025-11-03,Quality Issue,20186,Fashion
402065,305070,2026-06-20,Wrong Item,20136,Fashion
402066,323763,2026-02-07,Changed Mind,20577,Sports
402067,334404,2026-08-01,Quality Issue,20306,Home
402068,309152,2024-08-24,Late Delivery,20155,Fashion
402069,303300,2026-08-23,Late Delivery,20147,Fashion
402070,338254,2026-08-01,Size Issue,20573,Sports
402071,359540,2024-05-12,Damaged,20564,Sports
402072,322207,2024-05-22,Quality Issue,20424,Beauty
402073,358896,2024-10-12,Late Delivery,20100,Electronics
402074,331176,2026-07-24,Size Issue,20408,Beauty
402075,300320,2025-08-02,Damaged,20328,Home
402076,309836,2026-02-24,Damaged,20101,Electronics
402077,300442,2024-10-05,Size Issue,20336,Home
402078,316129,2024-04-12,Wrong Item,20194,Fashion
402079,320495,2025-01-21,Changed Mind,20092,Electronics
402080,326893,2026-08-27,Late Delivery,20053,Electronics
402081,311442,2026-06-21,Changed Mind,20249,Home
402082,325015,2026-01-10,Late Delivery,20359,Home
402083,310073,2026-02-12,Late Delivery,20302,Home
402084,338623,2025-09-23,Late Delivery,20099,Electronics
402085,312238,2025-01-04,Late Delivery,20078,Electronics
402086,346071,2026-02-21,Quality Issue,20562,Sports
402087,354812,2025-11-14,Quality Issue,20206,Fashion
402088,342290,2026-01-28,Size Issue,20428,Beauty
402089,333553,2026-02-15,Quality Issue,20479,Beauty
402090,308139,2026-05-22,Damaged,20198,Fashion
402091,310705,2024-06-20,Quality Issue,20446,Beauty
402092,309948,2026-07-21,Late Delivery,20478,Beauty
402093,355974,2025-07-30,Size Issue,20246,Home
402094,340893,2026-09-07,Damaged,20504,Sports
402095,356060,2026-01-15,Late Delivery,20339,Home
402096,343474,2026-08-04,Damaged,20277,Home
402097,337859,2026-04-12,Late Delivery,20564,Sports
402098,323841,2024-02-26,Wrong Item,20140,Fashion
402099,353589,2024-08-30,Damaged,20016,Electronics
402100,314469,2025-07-19,Damaged,20521,Sports
402101,351587,2025-04-25,Late Delivery,20071,Electronics
402102,306765,2024-08-26,Quality Issue,20379,Beauty
402103,310121,2024-08-29,Late Delivery,20499,Sports
402104,358782,2026-07-24,Size Issue,20459,Beauty
402105,335926,2025-06-01,Late Delivery,20580,Sports
402106,327570,2024-07-20,Quality Issue,20498,Sports
402107,322018,2025-07-30,Damaged,20355,Home
402108,350246,2025-06-06,Size Issue,20108,Electronics
402109,355514,2024-06-08,Wrong Item,20319,Home
402110,341804,2026-04-08,Wrong Item,20048,Electronics
402111,336411,2026-01-25,Wrong Item,20482,Sports
402112,340673,2024-06-05,Damaged,20496,Sports
402113,316093,2025-02-23,Wrong Item,20193,Fashion
402114,349289,2026-07-27,Size Issue,20485,Sports
402115,353571,2025-07-29,Quality Issue,20502,Sports
402116,331613,2026-07-02,Late Delivery,20180,Fashion
402117,326269,2024-08-20,Damaged,20588,Sports
402118,316950,2024-07-20,Late Delivery,20399,Beauty
402119,316577,2025-03-02,Quality Issue,20336,Home
402120,319151,2026-04-23,Late Delivery,20193,Fashion
402121,339762,2025-11-25,Size Issue,20306,Home
402122,357674,2025-04-15,Quality Issue,20198,Fashion
402123,349096,2025-03-06,Damaged,20528,Sports
402124,345391,2026-04-10,Size Issue,20188,Fashion
402125,331762,2025-11-07,Quality Issue,20592,Sports
402126,348526,2024-11-01,Changed Mind,20449,Beauty
402127,342577,2026-08-11,Changed Mind,20377,Beauty
402128,325081,2024-09-13,Wrong Item,20526,Sports
402129,326127,2025-05-11,Size Issue,20058,Electronics
402130,329626,2026-09-13,Late Delivery,20051,Electronics
402131,302696,2026-01-21,Wrong Item,20121,Fashion
402132,347187,2026-05-24,Damaged,20203,Fashion
402133,323494,2025-12-26,Wrong Item,20196,Fashion
402134,315808,2024-10-24,Damaged,20272,Home
402135,310270,2025-11-21,Changed Mind,20297,Home
402136,346696,2026-04-30,Damaged,20298,Home
402137,307593,2025-11-10,Quality Issue,20106,Electronics
402138,343879,2025-05-02,Quality Issue,20209,Fashion
402139,311224,2025-06-14,Late Delivery,20513,Sports
402140,329479,2025-11-07,Damaged,20003,Electronics
402141,350799,2025-03-31,Size Issue,20077,Electronics
402142,302288,2025-03-09,Damaged,20387,Beauty
402143,300902,2025-12-29,Late Delivery,20593,Sports
402144,316743,2024-05-29,Damaged,20415,Beauty
402145,319562,2026-01-09,Changed Mind,20025,Electronics
402146,314553,2024-11-25,Changed Mind,20433,Beauty
402147,335990,2026-08-06,Late Delivery,20349,Home
402148,339805,2025-05-02,Late Delivery,20102,Electronics
402149,308656,2024-02-26,Damaged,20220,Fashion
402150,300392,2026-01-14,Wrong Item,20342,Home
402151,308976,2026-09-25,Quality Issue,20059,Electronics
402152,350633,2024-08-05,Size Issue,20130,Fashion
402153,350819,2024-08-22,Wrong Item,20185,Fashion
402154,347231,2025-06-16,Damaged,20588,Sports
402155,311600,2025-12-06,Damaged,20066,Electronics
402156,351895,2026-02-14,Wrong Item,20062,Electronics
402157,325941,2025-06-07,Damaged,20045,Electronics
402158,319251,2026-05-09,Wrong Item,20464,Beauty
402159,336774,2026-06-28,Damaged,20495,Sports
402160,311162,2025-12-06,Wrong Item,20096,Electronics
402161,346704,2025-02-25,Size Issue,20600,Sports
402162,338662,2025-09-23,Changed Mind,20551,Sports
402163,312390,2025-11-04,Late Delivery,20445,Beauty
402164,357324,2024-10-09,Quality Issue,20155,Fashion
402165,349359,2026-03-28,Wrong Item,20143,Fashion
402166,345712,2025-01-16,Changed Mind,20550,Sports
402167,348979,2026-05-16,Damaged,20281,Home
402168,349376,2025-07-11,Quality Issue,20330,Home
402169,331196,2025-04-05,Size Issue,20010,Electronics
402170,328730,2026-06-28,Changed Mind,20320,Home
402171,337637,2026-07-19,Late Delivery,20240,Fashion
402172,355313,2026-08-23,Damaged,20056,Electronics
402173,330758,2026-02-11,Size Issue,20500,Sports
402174,320942,2026-05-17,Damaged,20410,Beauty
402175,330322,2025-09-04,Quality Issue,20015,Electronics
402176,313593,2024-08-10,Quality Issue,20300,Home
402177,342341,2026-03-14,Changed Mind,20345,Home
402178,312375,2026-02-12,Late Delivery,20329,Home
402179,312934,2026-08-19,Size Issue,20505,Sports
402180,318716,2024-10-14,Changed Mind,20321,Home
402181,351190,2025-12-31,Late Delivery,20022,Electronics
402182,322385,2026-01-16,Wrong Item,20255,Home
402183,334054,2025-02-22,Late Delivery,20267,Home
402184,344070,2026-04-14,Size Issue,20272,Home
402185,327701,2025-09-24,Wrong Item,20378,Beauty
402186,317293,2024-06-29,Quality Issue,20141,Fashion
402187,347010,2025-11-16,Damaged,20551,Sports
402188,303632,2024-12-21,Changed Mind,20189,Fashion
402189,338837,2026-02-04,Damaged,20405,Beauty
402190,329106,2026-05-31,Wrong Item,20504,Sports
402191,313755,2026-05-16,Changed Mind,20050,Electronics
402192,316848,2026-05-27,Quality Issue,20017,Electronics
402193,348367,2024-08-03,Size Issue,20437,Beauty
402194,300488,2025-02-13,Late Delivery,20563,Sports
402195,329758,2025-06-03,Size Issue,20137,Fashion
402196,344302,2025-03-13,Damaged,20240,Fashion
402197,302420,2025-08-27,Changed Mind,20562,Sports
402198,318873,2025-09-14,Quality Issue,20421,Beauty
402199,310748,2026-06-01,Wrong Item,20589,Sports
402200,351548,2025-09-30,Wrong Item,20401,Beauty
402201,329853,2024-09-27,Damaged,20216,Fashion
402202,343848,2025-01-01,Quality Issue,20266,Home
402203,355130,2025-05-23,Damaged,20420,Beauty
402204,330940,2026-07-17,Late Delivery,20300,Home
402205,305888,2024-02-05,Quality Issue,20445,Beauty
402206,346630,2026-06-13,Size Issue,20021,Electronics
402207,346242,2026-08-27,Size Issue,20456,Beauty
402208,308934,2024-10-01,Quality Issue,20469,Beauty
402209,301634,2026-09-06,Damaged,20542,Sports
402210,303918,2026-05-07,Late Delivery,20486,Sports
402211,359954,2025-12-09,Changed Mind,20527,Sports
402212,308742,2024-11-19,Size Issue,20568,Sports
402213,318264,2025-10-24,Quality Issue,20280,Home
402214,335049,2026-08-28,Quality Issue,20294,Home
402215,340741,2024-10-14,Size Issue,20466,Beauty
402216,336170,2026-09-15,Quality Issue,20093,Electronics
402217,343324,2025-05-22,Quality Issue,20165,Fashion
402218,328591,2026-02-04,Quality Issue,20267,Home
402219,310184,2024-03-20,Size Issue,20528,Sports
402220,301153,2026-07-23,Changed Mind,20459,Beauty
402221,310265,2026-05-21,Size Issue,20424,Beauty
402222,339287,2026-01-25,Late Delivery,20052,Electronics
402223,347468,2025-08-10,Wrong Item,20346,Home
402224,348292,2025-07-31,Late Delivery,20417,Beauty
402225,358061,2024-06-05,Damaged,20267,Home
402226,346074,2025-10-05,Damaged,20047,Electronics
402227,341180,2026-09-11,Quality Issue,20325,Home
402228,340058,2026-03-08,Changed Mind,20175,Fashion
402229,306045,2025-06-05,Damaged,20501,Sports
402230,318407,2024-12-07,Wrong Item,20041,Electronics
402231,348637,2025-06-20,Size Issue,20542,Sports
402232,307684,2025-10-08,Damaged,20275,Home
402233,356768,2024-04-16,Size Issue,20365,Beauty
402234,336695,2026-05-07,Quality Issue,20023,Electronics
402235,356180,2026-07-21,Damaged,20073,Electronics
402236,321333,2026-08-17,Late Delivery,20417,Beauty
402237,307793,2025-05-04,Damaged,20023,Electronics
402238,357973,2026-06-26,Late Delivery,20267,Home
402239,341962,2026-01-20,Wrong Item,20306,Home
402240,333789,2025-11-13,Size Issue,20081,Electronics
402241,333153,2025-01-20,Wrong Item,20490,Sports
402242,317542,2025-12-06,Quality Issue,20318,Home
402243,305740,2025-06-26,Size Issue,20466,Beauty
402244,323464,2025-10-09,Damaged,20218,Fashion
402245,301484,2025-10-28,Changed Mind,20459,Beauty
402246,359225,2025-09-26,Late Delivery,20279,Home
402247,310045,2026-05-29,Damaged,20071,Electronics
402248,311377,2024-10-24,Late Delivery,20051,Electronics
402249,304148,2024-11-11,Late Delivery,20118,Electronics
402250,354322,2024-02-19,Size Issue,20359,Home
402251,325047,2024-12-09,Quality Issue,20251,Home
402252,310076,2026-06-08,Quality Issue,20018,Electronics
402253,300223,2026-08-26,Size Issue,20354,Home
402254,331465,2026-06-07,Damaged,20284,Home
402255,318745,2024-07-17,Wrong Item,20027,Electronics
402256,305180,2024-08-16,Late Delivery,20394,Beauty
402257,343787,2025-06-20,Quality Issue,20310,Home
402258,347480,2025-03-18,Damaged,20483,Sports
402259,335151,2026-06-23,Changed Mind,20223,Fashion
402260,319024,2025-07-31,Late Delivery,20527,Sports
402261,300126,2026-02-16,Damaged,20261,Home
402262,307546,2026-04-24,Late Delivery,20391,Beauty
402263,307087,2026-09-17,Changed Mind,20150,Fashion
402264,338043,2024-08-07,Quality Issue,20452,Beauty
402265,308855,2025-05-20,Wrong Item,20563,Sports
402266,352257,2024-06-23,Size Issue,20594,Sports
402267,301125,2026-04-19,Size Issue,20060,Electronics
402268,327632,2025-09-12,Damaged,20036,Electronics
402269,352419,2025-10-02,Size Issue,20108,Electronics
402270,329634,2024-04-11,Quality Issue,20439,Beauty
402271,330770,2026-05-10,Damaged,20148,Fashion
402272,352297,2025-12-04,Quality Issue,20546,Sports
402273,301787,2026-06-23,Size Issue,20597,Sports
402274,352200,2025-06-16,Changed Mind,20178,Fashion
402275,305147,2024-02-20,Damaged,20489,Sports
402276,303876,2025-07-22,Changed Mind,20058,Electronics
402277,349056,2025-05-03,Quality Issue,20348,Home
402278,345430,2024-10-29,Changed Mind,20060,Electronics
402279,304406,2025-11-20,Changed Mind,20532,Sports
402280,300800,2024-04-29,Wrong Item,20288,Home
402281,354558,2024-12-23,Size Issue,20497,Sports
402282,322301,2025-05-04,Changed Mind,20417,Beauty
402283,300022,2026-04-28,Damaged,20554,Sports
402284,330935,2024-01-29,Damaged,20566,Sports
402285,324616,2025-12-26,Quality Issue,20408,Beauty
402286,300911,2025-08-09,Quality Issue,20264,Home
402287,352378,2026-05-26,Wrong Item,20410,Beauty
402288,347376,2024-09-16,Late Delivery,20335,Home
402289,359726,2025-03-06,Size Issue,20530,Sports
402290,329191,2024-04-30,Changed Mind,20512,Sports
402291,319955,2024-06-29,Quality Issue,20412,Beauty
402292,354860,2025-12-04,Wrong Item,20339,Home
402293,344359,2025-09-12,Wrong Item,20051,Electronics
402294,307900,2026-08-23,Size Issue,20110,Electronics
402295,342875,2025-12-29,Damaged,20061,Electronics
402296,343453,2025-11-14,Damaged,20177,Fashion
402297,315766,2025-11-19,Size Issue,20428,Beauty
402298,321236,2026-06-12,Quality Issue,20362,Beauty
402299,314026,2024-11-06,Wrong Item,20464,Beauty
402300,348047,2025-07-27,Size Issue,20436,Beauty
402301,316832,2025-04-10,Late Delivery,20081,Electronics
402302,334311,2026-09-12,Late Delivery,20042,Electronics
402303,305941,2024-09-16,Quality Issue,20516,Sports
402304,321129,2026-08-10,Wrong Item,20077,Electronics
402305,343477,2025-10-31,Changed Mind,20094,Electronics
402306,354719,2024-03-18,Late Delivery,20220,Fashion
402307,308845,2024-09-15,Damaged,20540,Sports
402308,330629,2025-05-05,Late Delivery,20487,Sports
402309,319541,2025-03-23,Wrong Item,20324,Home
402310,358834,2026-06-29,Quality Issue,20361,Beauty
402311,312032,2026-08-04,Changed Mind,20037,Electronics
402312,316874,2026-02-06,Late Delivery,20268,Home
402313,344798,2026-01-14,Damaged,20541,Sports
402314,342351,2024-06-15,Size Issue,20367,Beauty
402315,345241,2025-05-15,Late Delivery,20087,Electronics
402316,342494,2024-12-16,Wrong Item,20022,Electronics
402317,336291,2025-12-02,Late Delivery,20083,Electronics
402318,346445,2025-03-28,Damaged,20571,Sports
402319,355266,2025-10-07,Late Delivery,20398,Beauty
402320,352038,2024-02-14,Quality Issue,20329,Home
402321,312622,2026-03-12,Quality Issue,20351,Home
402322,326656,2025-02-11,Wrong Item,20576,Sports
402323,314512,2025-07-31,Size Issue,20244,Home
402324,339741,2025-11-13,Changed Mind,20178,Fashion
402325,348232,2024-08-22,Quality Issue,20490,Sports
402326,322247,2026-05-17,Wrong Item,20560,Sports
402327,345012,2025-04-04,Size Issue,20003,Electronics
402328,348173,2026-08-25,Size Issue,20241,Home
402329,344791,2024-12-21,Changed Mind,20261,Home
402330,355621,2025-07-05,Changed Mind,20173,Fashion
402331,326213,2024-07-09,Late Delivery,20068,Electronics
402332,328128,2026-05-09,Size Issue,20343,Home
402333,339850,2024-05-31,Quality Issue,20506,Sports
402334,307459,2024-09-07,Quality Issue,20101,Electronics
402335,354090,2024-01-30,Quality Issue,20204,Fashion
402336,351373,2025-06-21,Late Delivery,20439,Beauty
402337,333593,2026-03-25,Size Issue,20139,Fashion
402338,317161,2024-06-10,Quality Issue,20108,Electronics
402339,358745,2025-12-12,Changed Mind,20291,Home
402340,321012,2025-09-26,Damaged,20351,Home
402341,311925,2025-11-25,Late Delivery,20123,Fashion
402342,309120,2025-07-07,Wrong Item,20232,Fashion
402343,317167,2025-09-04,Damaged,20600,Sports
402344,354166,2024-07-15,Size Issue,20361,Beauty
402345,321371,2025-11-10,Size Issue,20231,Fashion
402346,341850,2024-08-27,Wrong Item,20063,Electronics
402347,357329,2025-10-23,Quality Issue,20177,Fashion
402348,316261,2026-08-21,Quality Issue,20013,Electronics
402349,341713,2025-01-03,Quality Issue,20030,Electronics
402350,342997,2026-04-26,Wrong Item,20284,Home
402351,354046,2025-12-15,Late Delivery,20140,Fashion
402352,324098,2024-06-08,Wrong Item,20577,Sports
402353,321567,2026-10-05,Changed Mind,20585,Sports
402354,337021,2026-09-03,Damaged,20041,Electronics
402355,354042,2024-06-27,Wrong Item,20388,Beauty
402356,306368,2026-04-06,Size Issue,20133,Fashion
402357,349876,2026-07-01,Quality Issue,20554,Sports
402358,328896,2026-03-02,Wrong Item,20112,Electronics
402359,309544,2025-03-02,Changed Mind,20121,Fashion
402360,334127,2024-08-10,Wrong Item,20237,Fashion
402361,346320,2024-07-12,Damaged,20337,Home
402362,357656,2025-10-16,Damaged,20429,Beauty
402363,350847,2025-06-16,Changed Mind,20091,Electronics
402364,327888,2025-02-22,Changed Mind,20207,Fashion
402365,337977,2026-06-12,Quality Issue,20516,Sports
402366,325655,2026-08-24,Damaged,20179,Fashion
402367,341100,2026-01-24,Late Delivery,20249,Home
402368,304489,2026-07-29,Late Delivery,20120,Electronics
402369,308389,2024-03-11,Quality Issue,20464,Beauty
402370,356999,2026-01-02,Wrong Item,20046,Electronics
402371,301262,2024-12-08,Changed Mind,20177,Fashion
402372,306829,2025-02-16,Late Delivery,20423,Beauty
402373,359192,2024-05-05,Size Issue,20563,Sports
402374,305988,2024-09-22,Damaged,20033,Electronics
402375,351810,2025-02-24,Late Delivery,20555,Sports
402376,346599,2025-12-19,Damaged,20346,Home
402377,339386,2024-07-07,Wrong Item,20294,Home
402378,339908,2025-08-07,Damaged,20274,Home
402379,354156,2025-11-13,Wrong Item,20321,Home
402380,341341,2025-05-15,Quality Issue,20221,Fashion
402381,309597,2026-05-03,Late Delivery,20482,Sports
402382,354051,2026-05-17,Late Delivery,20039,Electronics
402383,303787,2025-04-25,Changed Mind,20412,Beauty
402384,305177,2024-04-19,Wrong Item,20298,Home
402385,301856,2026-05-28,Wrong Item,20236,Fashion
402386,311050,2026-02-28,Late Delivery,20326,Home
402387,349890,2024-03-02,Late Delivery,20574,Sports
402388,332690,2024-08-20,Late Delivery,20337,Home
402389,330871,2026-05-18,Quality Issue,20493,Sports
402390,340918,2024-10-18,Damaged,20363,Beauty
402391,358498,2024-08-25,Size Issue,20407,Beauty
402392,336462,2026-04-17,Damaged,20097,Electronics
402393,327167,2026-04-12,Changed Mind,20197,Fashion
402394,318106,2024-04-22,Damaged,20424,Beauty
402395,326646,2024-12-06,Quality Issue,20102,Electronics
402396,306698,2026-07-19,Quality Issue,20134,Fashion
402397,338381,2025-01-10,Size Issue,20175,Fashion
402398,310034,2025-08-06,Changed Mind,20077,Electronics
402399,338534,2025-11-10,Late Delivery,20329,Home
402400,341961,2026-01-15,Late Delivery,20492,Sports
402401,343335,2025-01-29,Late Delivery,20539,Sports
402402,357819,2026-02-20,Damaged,20192,Fashion
402403,359790,2025-02-11,Late Delivery,20093,Electronics
402404,322720,2025-07-24,Late Delivery,20402,Beauty
402405,317418,2024-01-28,Size Issue,20186,Fashion
402406,351536,2026-09-07,Changed Mind,20131,Fashion
402407,318210,2026-04-21,Late Delivery,20150,Fashion
402408,342329,2026-02-03,Quality Issue,20596,Sports
402409,305684,2026-06-03,Size Issue,20469,Beauty
402410,343200,2025-07-30,Quality Issue,20148,Fashion
402411,335645,2026-08-17,Quality Issue,20325,Home
402412,352110,2025-08-13,Size Issue,20419,Beauty
402413,338320,2026-03-01,Damaged,20420,Beauty
402414,319072,2025-09-10,Size Issue,20047,Electronics
402415,357946,2026-04-29,Quality Issue,20386,Beauty
402416,325670,2025-12-29,Damaged,20449,Beauty
402417,333768,2026-05-07,Changed Mind,20385,Beauty
402418,340053,2026-02-16,Wrong Item,20385,Beauty
402419,358517,2025-04-03,Late Delivery,20071,Electronics
402420,308011,2026-04-16,Quality Issue,20234,Fashion
402421,349077,2025-08-20,Changed Mind,20422,Beauty
402422,353511,2026-09-04,Size Issue,20102,Electronics
402423,341570,2026-03-29,Damaged,20500,Sports
402424,343157,2025-12-26,Changed Mind,20208,Fashion
402425,334983,2026-01-14,Changed Mind,20043,Electronics
402426,326636,2025-02-05,Damaged,20267,Home
402427,348415,2025-07-23,Quality Issue,20499,Sports
402428,332124,2025-12-02,Damaged,20245,Home
402429,330462,2024-12-02,Quality Issue,20519,Sports
402430,343778,2025-03-25,Wrong Item,20026,Electronics
402431,336969,2025-10-04,Wrong Item,20534,Sports
402432,342528,2026-02-19,Wrong Item,20127,Fashion
402433,319969,2025-05-30,Damaged,20359,Home
402434,306222,2024-02-08,Wrong Item,20297,Home
402435,347947,2026-07-15,Damaged,20219,Fashion
402436,341419,2025-04-08,Damaged,20600,Sports
402437,358037,2025-12-12,Quality Issue,20305,Home
402438,331258,2026-01-23,Quality Issue,20085,Electronics
402439,302145,2024-12-26,Changed Mind,20129,Fashion
402440,342204,2024-11-26,Size Issue,20303,Home
402441,320619,2025-12-19,Size Issue,20541,Sports
402442,351754,2025-12-24,Changed Mind,20099,Electronics
402443,308499,2026-01-10,Quality Issue,20287,Home
402444,314787,2025-11-29,Quality Issue,20552,Sports
402445,355467,2026-01-14,Late Delivery,20039,Electronics
402446,341434,2025-10-14,Wrong Item,20149,Fashion
402447,304512,2026-03-25,Damaged,20488,Sports
402448,305333,2026-08-16,Quality Issue,20145,Fashion
402449,306055,2026-09-09,Size Issue,20223,Fashion
402450,339170,2025-11-13,Late Delivery,20448,Beauty
402451,330636,2025-08-28,Size Issue,20478,Beauty
402452,318760,2025-08-05,Damaged,20189,Fashion
402453,337547,2025-07-08,Quality Issue,20076,Electronics
402454,301100,2025-12-06,Damaged,20033,Electronics
402455,307538,2026-04-30,Quality Issue,20079,Electronics
402456,340824,2026-07-23,Late Delivery,20174,Fashion
402457,336583,2024-06-09,Quality Issue,20490,Sports
402458,307235,2024-08-16,Damaged,20367,Beauty
402459,335503,2025-08-29,Damaged,20373,Beauty
402460,328629,2024-10-31,Size Issue,20147,Fashion
402461,333718,2024-05-14,Quality Issue,20373,Beauty
402462,302059,2025-05-23,Size Issue,20189,Fashion
402463,304301,2025-10-27,Wrong Item,20100,Electronics
402464,351176,2025-11-08,Changed Mind,20435,Beauty
402465,309103,2026-01-15,Wrong Item,20337,Home
402466,358737,2024-11-24,Changed Mind,20230,Fashion
402467,303503,2024-07-07,Wrong Item,20376,Beauty
402468,336840,2025-08-09,Late Delivery,20234,Fashion
402469,304757,2024-08-25,Size Issue,20049,Electronics
402470,343974,2025-06-01,Changed Mind,20563,Sports
402471,315688,2024-03-27,Quality Issue,20074,Electronics
402472,308403,2025-03-09,Quality Issue,20436,Beauty
402473,341898,2024-01-28,Late Delivery,20282,Home
402474,308376,2026-09-23,Late Delivery,20562,Sports
402475,328863,2026-01-10,Wrong Item,20146,Fashion
402476,337642,2024-05-25,Size Issue,20117,Electronics
402477,329818,2024-10-22,Damaged,20022,Electronics
402478,322461,2025-07-21,Quality Issue,20539,Sports
402479,341154,2026-07-23,Damaged,20492,Sports
402480,330101,2026-05-06,Quality Issue,20568,Sports
402481,329021,2026-08-19,Size Issue,20328,Home
402482,334730,2025-08-15,Size Issue,20208,Fashion
402483,300666,2025-08-16,Quality Issue,20138,Fashion
402484,329974,2026-06-26,Wrong Item,20598,Sports
402485,310489,2025-11-12,Wrong Item,20218,Fashion
402486,322426,2026-04-09,Size Issue,20366,Beauty
402487,301180,2025-12-02,Damaged,20252,Home
402488,340434,2024-04-06,Changed Mind,20563,Sports
402489,344323,2025-03-07,Damaged,20464,Beauty
402490,319595,2024-02-09,Size Issue,20497,Sports
402491,357382,2026-04-11,Size Issue,20068,Electronics
402492,302461,2026-06-08,Quality Issue,20444,Beauty
402493,343925,2026-02-08,Damaged,20459,Beauty
402494,307313,2026-07-07,Changed Mind,20416,Beauty
402495,309480,2025-09-01,Size Issue,20449,Beauty
402496,304096,2026-03-13,Damaged,20183,Fashion
402497,306384,2024-08-16,Wrong Item,20116,Electronics
402498,311996,2025-04-08,Changed Mind,20376,Beauty
402499,334639,2025-08-31,Quality Issue,20340,Home
402500,359179,2024-07-22,Damaged,20262,Home
402501,354599,2026-07-25,Quality Issue,20526,Sports
402502,315289,2024-05-11,Damaged,20508,Sports
402503,348265,2024-10-18,Wrong Item,20328,Home
402504,326844,2025-08-06,Changed Mind,20282,Home
402505,336512,2026-07-16,Quality Issue,20525,Sports
402506,319561,2026-09-17,Size Issue,20432,Beauty
402507,333856,2025-07-15,Wrong Item,20234,Fashion
402508,311991,2025-08-14,Late Delivery,20392,Beauty
402509,305818,2025-09-23,Quality Issue,20017,Electronics
402510,345782,2025-05-22,Quality Issue,20095,Electronics
402511,325486,2026-04-26,Quality Issue,20548,Sports
402512,333290,2026-01-08,Wrong Item,20353,Home
402513,350691,2024-03-18,Wrong Item,20254,Home
402514,342632,2025-03-23,Changed Mind,20434,Beauty
402515,326732,2026-01-14,Size Issue,20405,Beauty
402516,328353,2026-06-10,Changed Mind,20473,Beauty
402517,332710,2025-11-08,Quality Issue,20459,Beauty
402518,322946,2024-07-03,Wrong Item,20157,Fashion
402519,353634,2025-08-29,Size Issue,20575,Sports
402520,339046,2025-03-08,Late Delivery,20253,Home
402521,317796,2024-07-02,Damaged,20567,Sports
402522,358414,2025-07-02,Late Delivery,20490,Sports
402523,303579,2025-10-15,Wrong Item,20323,Home
402524,321005,2024-11-02,Size Issue,20115,Electronics
402525,301868,2024-11-01,Damaged,20281,Home
402526,340603,2026-05-08,Changed Mind,20113,Electronics
402527,310429,2025-03-26,Damaged,20567,Sports
402528,310008,2026-09-28,Size Issue,20210,Fashion
402529,321587,2025-09-10,Damaged,20514,Sports
402530,337377,2024-07-23,Damaged,20219,Fashion
402531,320513,2025-01-09,Late Delivery,20526,Sports
402532,331293,2025-05-21,Quality Issue,20098,Electronics
402533,317724,2025-01-13,Damaged,20263,Home
402534,310722,2025-06-16,Size Issue,20034,Electronics
402535,305314,2025-11-27,Damaged,20294,Home
402536,355682,2024-12-26,Size Issue,20235,Fashion
402537,320580,2026-05-06,Changed Mind,20422,Beauty
402538,310396,2025-04-28,Wrong Item,20575,Sports
402539,326132,2024-10-07,Wrong Item,20300,Home
402540,329007,2025-02-15,Late Delivery,20209,Fashion
402541,356356,2025-06-07,Damaged,20494,Sports
402542,354332,2026-02-18,Wrong Item,20206,Fashion
402543,340339,2025-11-27,Damaged,20592,Sports
402544,309603,2025-04-12,Damaged,20434,Beauty
402545,342298,2026-01-16,Damaged,20254,Home
402546,328979,2025-07-29,Quality Issue,20084,Electronics
402547,332846,2024-07-11,Late Delivery,20205,Fashion
402548,303854,2025-09-17,Wrong Item,20164,Fashion
402549,322745,2026-06-09,Damaged,20048,Electronics
402550,315785,2025-08-19,Quality Issue,20550,Sports
402551,319756,2025-10-16,Wrong Item,20257,Home
402552,304697,2026-03-01,Wrong Item,20063,Electronics
402553,308238,2025-11-03,Damaged,20102,Electronics
402554,329441,2024-03-28,Damaged,20305,Home
402555,343244,2026-03-05,Wrong Item,20422,Beauty
402556,326707,2024-09-10,Changed Mind,20326,Home
402557,346665,2025-07-05,Quality Issue,20023,Electronics
402558,319781,2025-11-26,Late Delivery,20001,Electronics
402559,347332,2025-06-19,Quality Issue,20282,Home
402560,301602,2025-08-09,Late Delivery,20202,Fashion
402561,359947,2024-06-14,Changed Mind,20186,Fashion
402562,302609,2025-07-04,Wrong Item,20301,Home
402563,324501,2025-10-10,Damaged,20558,Sports
402564,309607,2026-07-11,Size Issue,20383,Beauty
402565,306195,2026-08-18,Late Delivery,20390,Beauty
402566,341614,2025-08-31,Damaged,20090,Electronics
402567,357784,2024-06-26,Size Issue,20140,Fashion
402568,306735,2026-07-28,Size Issue,20520,Sports
402569,312247,2024-09-29,Changed Mind,20453,Beauty
402570,332505,2025-12-26,Quality Issue,20101,Electronics
402571,340556,2026-02-13,Wrong Item,20112,Electronics
402572,309410,2026-07-05,Size Issue,20124,Fashion
402573,316896,2025-10-19,Size Issue,20512,Sports
402574,312846,2025-10-23,Size Issue,20249,Home
402575,335580,2025-05-24,Quality Issue,20083,Electronics
402576,345130,2026-05-18,Damaged,20299,Home
402577,317860,2025-12-26,Late Delivery,20563,Sports
402578,332602,2026-02-05,Wrong Item,20119,Electronics
402579,328531,2026-05-04,Size Issue,20010,Electronics
402580,349180,2026-07-08,Quality Issue,20115,Electronics
402581,326557,2025-01-23,Damaged,20118,Electronics
402582,309655,2024-10-16,Quality Issue,20222,Fashion
402583,313344,2026-08-06,Quality Issue,20203,Fashion
402584,358021,2025-03-23,Size Issue,20071,Electronics
402585,313051,2026-06-10,Damaged,20507,Sports
402586,332382,2024-11-26,Size Issue,20054,Electronics
402587,301911,2026-01-24,Changed Mind,20585,Sports
402588,358992,2026-01-20,Damaged,20037,Electronics
402589,324497,2024-11-30,Size Issue,20518,Sports
402590,358065,2025-11-01,Late Delivery,20563,Sports
402591,314850,2026-08-28,Size Issue,20074,Electronics
402592,334708,2026-08-17,Size Issue,20384,Beauty
402593,305428,2026-01-19,Wrong Item,20419,Beauty
402594,324451,2026-08-07,Damaged,20493,Sports
402595,311163,2025-05-21,Changed Mind,20253,Home
402596,357585,2025-09-01,Late Delivery,20117,Electronics
402597,324162,2026-04-23,Size Issue,20034,Electronics
402598,330128,2025-12-15,Size Issue,20094,Electronics
402599,315032,2026-02-17,Changed Mind,20477,Beauty
402600,345989,2024-07-23,Size Issue,20036,Electronics
402601,318267,2024-02-22,Quality Issue,20402,Beauty
402602,352719,2025-12-20,Wrong Item,20463,Beauty
402603,307241,2025-06-25,Damaged,20194,Fashion
402604,351302,2025-10-04,Damaged,20135,Fashion
402605,326454,2024-08-28,Size Issue,20550,Sports
402606,303442,2025-03-11,Changed Mind,20242,Home
402607,352491,2025-07-09,Late Delivery,20570,Sports
402608,307474,2024-12-31,Damaged,20308,Home
402609,300617,2024-09-27,Quality Issue,20233,Fashion
402610,300694,2025-05-08,Changed Mind,20559,Sports
402611,317709,2025-07-06,Late Delivery,20513,Sports
402612,329052,2024-11-14,Quality Issue,20120,Electronics
402613,336819,2026-03-12,Changed Mind,20505,Sports
402614,359388,2024-04-15,Late Delivery,20204,Fashion
402615,305341,2026-06-23,Changed Mind,20384,Beauty
402616,305811,2025-09-20,Size Issue,20460,Beauty
402617,345507,2025-11-01,Late Delivery,20218,Fashion
402618,351884,2025-01-03,Late Delivery,20074,Electronics
402619,325125,2025-06-20,Quality Issue,20117,Electronics
402620,344584,2026-01-11,Size Issue,20131,Fashion
402621,320908,2026-01-21,Changed Mind,20001,Electronics
402622,308228,2025-07-09,Damaged,20049,Electronics
402623,312403,2025-10-23,Damaged,20572,Sports
402624,354263,2026-01-03,Size Issue,20287,Home
402625,340094,2026-10-04,Wrong Item,20129,Fashion
402626,308908,2026-09-23,Changed Mind,20338,Home
402627,338106,2025-09-30,Late Delivery,20358,Home
402628,359944,2026-07-31,Size Issue,20359,Home
402629,334494,2024-11-03,Late Delivery,20539,Sports
402630,346328,2025-03-18,Late Delivery,20472,Beauty
402631,328946,2026-02-01,Damaged,20196,Fashion
402632,332815,2024-12-01,Wrong Item,20384,Beauty
402633,342570,2026-06-14,Damaged,20170,Fashion
402634,305288,2026-06-03,Damaged,20312,Home
402635,317266,2024-04-28,Changed Mind,20264,Home
402636,357593,2025-03-14,Changed Mind,20492,Sports
402637,328958,2026-02-18,Damaged,20013,Electronics
402638,342022,2026-05-16,Damaged,20122,Fashion
402639,312301,2024-12-01,Size Issue,20110,Electronics
402640,329155,2024-02-16,Size Issue,20228,Fashion
402641,338002,2024-08-02,Wrong Item,20312,Home
402642,305137,2025-03-19,Changed Mind,20370,Beauty
402643,321526,2024-09-24,Quality Issue,20273,Home
402644,346518,2025-08-05,Late Delivery,20404,Beauty
402645,300046,2025-04-20,Damaged,20570,Sports
402646,305795,2025-06-05,Damaged,20510,Sports
402647,321814,2026-05-30,Late Delivery,20162,Fashion
402648,320832,2024-02-26,Wrong Item,20055,Electronics
402649,336717,2025-09-04,Size Issue,20420,Beauty
402650,355047,2024-05-06,Quality Issue,20439,Beauty
402651,315135,2025-08-07,Quality Issue,20240,Fashion
402652,339818,2024-03-14,Wrong Item,20411,Beauty
402653,310865,2025-09-15,Wrong Item,20143,Fashion
402654,341168,2024-11-11,Changed Mind,20493,Sports
402655,352629,2026-01-10,Late Delivery,20586,Sports
402656,324673,2024-07-18,Damaged,20566,Sports
402657,357932,2024-05-26,Quality Issue,20164,Fashion
402658,335339,2025-06-10,Late Delivery,20120,Electronics
402659,322123,2026-09-16,Wrong Item,20319,Home
402660,347083,2025-04-24,Late Delivery,20096,Electronics
402661,304320,2026-09-04,Damaged,20198,Fashion
402662,326524,2025-07-10,Quality Issue,20374,Beauty
402663,316143,2024-07-02,Quality Issue,20553,Sports
402664,349338,2026-05-15,Wrong Item,20347,Home
402665,341143,2025-02-09,Damaged,20347,Home
402666,330031,2024-02-12,Damaged,20358,Home
402667,324619,2024-08-31,Size Issue,20208,Fashion
402668,312230,2024-09-29,Size Issue,20369,Beauty
402669,320927,2025-06-05,Quality Issue,20575,Sports
402670,356572,2025-03-06,Quality Issue,20205,Fashion
402671,349908,2026-07-31,Changed Mind,20402,Beauty
402672,339967,2024-05-09,Changed Mind,20232,Fashion
402673,337025,2026-07-29,Late Delivery,20587,Sports
402674,323033,2025-09-29,Changed Mind,20599,Sports
402675,326243,2025-12-12,Wrong Item,20304,Home
402676,346126,2025-02-15,Quality Issue,20364,Beauty
402677,315812,2025-06-18,Quality Issue,20083,Electronics
402678,353859,2025-04-04,Damaged,20345,Home
402679,303562,2024-10-28,Quality Issue,20116,Electronics
402680,342393,2025-03-27,Changed Mind,20366,Beauty
402681,358165,2024-10-29,Changed Mind,20363,Beauty
402682,305482,2026-05-11,Changed Mind,20426,Beauty
402683,312523,2025-03-06,Changed Mind,20528,Sports
402684,313773,2025-07-13,Changed Mind,20262,Home
402685,302204,2026-08-22,Late Delivery,20408,Beauty
402686,329986,2025-05-15,Size Issue,20088,Electronics
402687,350685,2025-11-19,Damaged,20091,Electronics
402688,316426,2025-06-23,Wrong Item,20083,Electronics
402689,307437,2025-02-19,Damaged,20215,Fashion
402690,309560,2024-12-16,Late Delivery,20073,Electronics
402691,312163,2025-10-11,Wrong Item,20270,Home
402692,352832,2026-04-08,Size Issue,20002,Electronics
402693,320158,2025-02-07,Late Delivery,20389,Beauty
402694,348218,2025-08-22,Quality Issue,20500,Sports
402695,300773,2024-02-09,Damaged,20362,Beauty
402696,336002,2024-05-31,Wrong Item,20286,Home
402697,309084,2024-03-17,Damaged,20310,Home
402698,313209,2026-08-17,Damaged,20284,Home
402699,304441,2024-07-19,Quality Issue,20587,Sports
402700,322758,2026-03-26,Quality Issue,20578,Sports
402701,346000,2024-08-22,Quality Issue,20102,Electronics
402702,334147,2026-02-13,Late Delivery,20498,Sports
402703,332586,2024-12-14,Late Delivery,20490,Sports
402704,339542,2024-02-22,Quality Issue,20515,Sports
402705,335603,2026-03-08,Size Issue,20345,Home
402706,332421,2026-08-30,Wrong Item,20355,Home
402707,335296,2024-06-13,Quality Issue,20483,Sports
402708,338082,2025-07-31,Late Delivery,20330,Home
402709,317325,2025-10-04,Damaged,20171,Fashion
402710,355343,2024-07-15,Changed Mind,20449,Beauty
402711,324998,2024-10-18,Late Delivery,20279,Home
402712,354891,2026-08-13,Size Issue,20477,Beauty
402713,301505,2024-04-07,Quality Issue,20397,Beauty
402714,321568,2026-07-23,Size Issue,20595,Sports
402715,337393,2025-05-06,Size Issue,20129,Fashion
402716,349219,2024-08-01,Quality Issue,20137,Fashion
402717,356260,2026-04-14,Quality Issue,20524,Sports
402718,357323,2025-11-01,Damaged,20119,Electronics
402719,319801,2024-11-21,Late Delivery,20333,Home
402720,331390,2025-07-06,Damaged,20015,Electronics
402721,321766,2026-05-15,Size Issue,20334,Home
402722,300917,2025-07-22,Late Delivery,20215,Fashion
402723,327168,2025-07-19,Damaged,20024,Electronics
402724,310278,2026-05-30,Size Issue,20006,Electronics
402725,304086,2024-10-06,Changed Mind,20182,Fashion
402726,356295,2025-05-26,Wrong Item,20565,Sports
402727,336047,2024-10-24,Damaged,20153,Fashion
402728,336213,2025-06-22,Late Delivery,20139,Fashion
402729,333157,2026-05-11,Quality Issue,20366,Beauty
402730,320368,2024-11-11,Quality Issue,20382,Beauty
402731,316184,2025-12-20,Wrong Item,20398,Beauty
402732,358484,2026-05-26,Late Delivery,20370,Beauty
402733,355386,2024-12-14,Quality Issue,20007,Electronics
402734,313132,2025-08-24,Late Delivery,20496,Sports
402735,330926,2024-12-12,Quality Issue,20067,Electronics
402736,320707,2025-06-30,Quality Issue,20283,Home
402737,324818,2026-06-16,Wrong Item,20494,Sports
402738,308658,2025-11-22,Quality Issue,20163,Fashion
402739,335635,2026-01-26,Changed Mind,20397,Beauty
402740,311973,2026-01-01,Changed Mind,20235,Fashion
402741,307996,2024-11-02,Changed Mind,20016,Electronics
402742,334011,2025-11-21,Quality Issue,20373,Beauty
402743,313908,2025-03-16,Damaged,20579,Sports
402744,327840,2024-02-12,Changed Mind,20255,Home
402745,301209,2026-08-06,Wrong Item,20311,Home
402746,307327,2025-12-26,Damaged,20558,Sports
402747,324761,2024-09-17,Damaged,20189,Fashion
402748,315655,2024-02-13,Size Issue,20239,Fashion
402749,354614,2026-01-18,Size Issue,20448,Beauty
402750,303324,2024-12-17,Damaged,20181,Fashion
402751,319734,2026-08-24,Late Delivery,20562,Sports
402752,331248,2025-12-15,Quality Issue,20229,Fashion
402753,343845,2026-07-20,Late Delivery,20402,Beauty
402754,359663,2025-09-10,Quality Issue,20018,Electronics
402755,309172,2025-04-17,Late Delivery,20161,Fashion
402756,326201,2024-04-19,Changed Mind,20267,Home
402757,356194,2025-05-14,Changed Mind,20304,Home
402758,329266,2024-06-09,Wrong Item,20253,Home
402759,302843,2025-08-14,Late Delivery,20409,Beauty
402760,336590,2026-07-08,Quality Issue,20109,Electronics
402761,344674,2026-07-14,Size Issue,20551,Sports
402762,301882,2025-03-24,Wrong Item,20261,Home
402763,315828,2024-09-02,Changed Mind,20264,Home
402764,355600,2026-08-29,Damaged,20279,Home
402765,301266,2025-02-16,Wrong Item,20239,Fashion
402766,327503,2025-09-30,Quality Issue,20201,Fashion
402767,354855,2025-07-26,Size Issue,20183,Fashion
402768,326312,2025-06-24,Size Issue,20199,Fashion
402769,318110,2026-04-28,Quality Issue,20223,Fashion
402770,306703,2026-01-04,Quality Issue,20183,Fashion
402771,347735,2025-03-26,Quality Issue,20268,Home
402772,329483,2025-08-14,Changed Mind,20178,Fashion
402773,358757,2026-09-06,Quality Issue,20137,Fashion
402774,339252,2026-01-21,Damaged,20503,Sports
402775,332028,2026-05-01,Late Delivery,20237,Fashion
402776,305175,2026-07-03,Quality Issue,20286,Home
402777,343113,2025-02-21,Wrong Item,20154,Fashion
402778,328047,2025-09-12,Size Issue,20517,Sports
402779,323716,2024-06-29,Quality Issue,20399,Beauty
402780,310124,2026-01-07,Wrong Item,20324,Home
402781,302519,2025-02-04,Size Issue,20151,Fashion
402782,319706,2025-08-23,Damaged,20055,Electronics
402783,307802,2026-05-07,Size Issue,20407,Beauty
402784,330135,2025-09-09,Late Delivery,20438,Beauty
402785,301436,2024-04-24,Quality Issue,20410,Beauty
402786,312563,2024-02-16,Changed Mind,20308,Home
402787,334808,2025-04-22,Damaged,20206,Fashion
402788,333905,2024-08-05,Late Delivery,20295,Home
402789,345002,2024-08-19,Late Delivery,20387,Beauty
402790,327934,2024-10-23,Damaged,20408,Beauty
402791,327039,2024-02-17,Changed Mind,20201,Fashion
402792,323523,2025-12-24,Changed Mind,20351,Home
402793,317911,2026-01-13,Damaged,20179,Fashion
402794,300833,2024-06-17,Quality Issue,20165,Fashion
402795,349661,2024-07-16,Damaged,20153,Fashion
402796,310394,2026-05-13,Size Issue,20467,Beauty
402797,353893,2025-01-29,Size Issue,20349,Home
402798,342542,2024-09-05,Size Issue,20075,Electronics
402799,333619,2024-02-06,Quality Issue,20027,Electronics
402800,345134,2026-09-22,Late Delivery,20086,Electronics
402801,349369,2025-08-25,Late Delivery,20156,Fashion
402802,322451,2024-02-25,Damaged,20303,Home
402803,302552,2026-01-18,Quality Issue,20590,Sports
402804,357798,2025-05-29,Size Issue,20302,Home
402805,359917,2024-07-28,Size Issue,20208,Fashion
402806,314264,2025-08-21,Wrong Item,20375,Beauty
402807,352889,2024-07-16,Size Issue,20265,Home
402808,321283,2024-10-21,Damaged,20558,Sports
402809,326919,2025-12-21,Damaged,20460,Beauty
402810,329038,2026-04-04,Size Issue,20478,Beauty
402811,345740,2024-10-11,Wrong Item,20560,Sports
402812,318230,2025-04-08,Late Delivery,20508,Sports
402813,332335,2026-02-08,Late Delivery,20278,Home
402814,327558,2026-07-10,Late Delivery,20426,Beauty
402815,318299,2026-02-22,Wrong Item,20519,Sports
402816,351537,2026-01-10,Damaged,20283,Home
402817,345045,2026-01-22,Size Issue,20399,Beauty
402818,354460,2024-07-29,Late Delivery,20252,Home
402819,344574,2026-05-19,Damaged,20114,Electronics
402820,316585,2026-08-13,Wrong Item,20509,Sports
402821,308518,2025-02-14,Late Delivery,20305,Home
402822,311898,2024-09-11,Quality Issue,20178,Fashion
402823,358767,2025-10-19,Size Issue,20512,Sports
402824,350211,2025-07-31,Quality Issue,20509,Sports
402825,333206,2026-06-18,Size Issue,20041,Electronics
402826,326095,2025-08-25,Changed Mind,20483,Sports
402827,331617,2026-03-18,Size Issue,20025,Electronics
402828,352492,2025-07-03,Damaged,20153,Fashion
402829,355224,2025-08-24,Changed Mind,20159,Fashion
402830,351669,2025-12-24,Damaged,20307,Home
402831,303723,2025-08-14,Changed Mind,20336,Home
402832,326652,2025-10-29,Changed Mind,20287,Home
402833,315320,2024-06-14,Damaged,20516,Sports
402834,337641,2026-08-21,Size Issue,20483,Sports
402835,323957,2024-10-19,Damaged,20435,Beauty
402836,351324,2024-08-13,Quality Issue,20282,Home
402837,357715,2024-07-02,Quality Issue,20120,Electronics
402838,348829,2025-04-11,Wrong Item,20086,Electronics
402839,305142,2024-04-19,Quality Issue,20383,Beauty
402840,327906,2026-03-17,Damaged,20220,Fashion
402841,306900,2024-02-10,Wrong Item,20153,Fashion
402842,345388,2025-04-18,Wrong Item,20394,Beauty
402843,355963,2026-07-09,Size Issue,20168,Fashion
402844,325105,2025-05-21,Late Delivery,20019,Electronics
402845,310849,2026-08-04,Damaged,20052,Electronics
402846,338591,2025-05-23,Late Delivery,20433,Beauty
402847,339395,2024-04-16,Size Issue,20175,Fashion
402848,331083,2026-05-04,Damaged,20035,Electronics
402849,349547,2025-10-30,Size Issue,20003,Electronics
402850,330908,2026-05-29,Damaged,20253,Home
402851,300801,2025-09-06,Quality Issue,20447,Beauty
402852,347415,2026-04-30,Size Issue,20591,Sports
402853,303745,2024-07-27,Wrong Item,20595,Sports
402854,302107,2025-06-20,Late Delivery,20193,Fashion
402855,306248,2025-01-28,Damaged,20004,Electronics
402856,300957,2026-04-24,Changed Mind,20187,Fashion
402857,359323,2025-05-06,Late Delivery,20262,Home
402858,359472,2026-01-10,Quality Issue,20559,Sports
402859,314717,2025-11-25,Size Issue,20102,Electronics
402860,305826,2026-03-24,Quality Issue,20343,Home
402861,307432,2026-01-02,Late Delivery,20505,Sports
402862,328951,2026-04-12,Late Delivery,20533,Sports
402863,306839,2026-09-19,Late Delivery,20245,Home
402864,330883,2024-07-14,Changed Mind,20459,Beauty
402865,306100,2026-08-11,Size Issue,20437,Beauty
402866,315226,2025-12-15,Changed Mind,20137,Fashion
402867,309662,2026-07-09,Damaged,20010,Electronics
402868,302501,2025-05-06,Changed Mind,20360,Home
402869,304991,2026-02-01,Size Issue,20028,Electronics
402870,342582,2024-12-29,Wrong Item,20486,Sports
402871,328573,2025-06-12,Changed Mind,20548,Sports
402872,306510,2024-03-08,Size Issue,20092,Electronics
402873,302630,2026-01-16,Changed Mind,20438,Beauty
402874,317670,2024-02-27,Quality Issue,20164,Fashion
402875,305375,2025-10-31,Quality Issue,20342,Home
402876,330162,2026-05-06,Size Issue,20344,Home
402877,332629,2026-08-17,Size Issue,20307,Home
402878,315596,2025-10-11,Wrong Item,20387,Beauty
402879,335334,2026-07-08,Late Delivery,20568,Sports
402880,312322,2025-07-11,Size Issue,20486,Sports
402881,352162,2026-09-04,Wrong Item,20156,Fashion
402882,330377,2025-02-04,Wrong Item,20249,Home
402883,309656,2025-09-15,Changed Mind,20256,Home
402884,324351,2024-03-31,Wrong Item,20337,Home
402885,324711,2026-08-05,Quality Issue,20188,Fashion
402886,319155,2024-07-22,Damaged,20042,Electronics
402887,333350,2025-05-30,Damaged,20329,Home
402888,308222,2024-05-24,Damaged,20101,Electronics
402889,304092,2025-06-04,Damaged,20417,Beauty
402890,327848,2026-02-13,Quality Issue,20105,Electronics
402891,323407,2026-08-07,Wrong Item,20309,Home
402892,325082,2025-08-18,Late Delivery,20198,Fashion
402893,307019,2025-11-03,Quality Issue,20369,Beauty
402894,313433,2025-05-06,Damaged,20379,Beauty
402895,342723,2025-11-16,Wrong Item,20082,Electronics
402896,349965,2024-02-18,Changed Mind,20287,Home
402897,343899,2025-09-19,Size Issue,20268,Home
402898,334839,2026-08-30,Size Issue,20335,Home
402899,309791,2026-07-22,Size Issue,20276,Home
402900,325019,2026-08-27,Changed Mind,20506,Sports
402901,358663,2025-12-11,Quality Issue,20392,Beauty
402902,328883,2026-05-21,Size Issue,20233,Fashion
402903,313641,2026-01-28,Size Issue,20575,Sports
402904,336368,2025-04-13,Wrong Item,20040,Electronics
402905,335391,2026-02-09,Wrong Item,20461,Beauty
402906,301264,2024-09-26,Quality Issue,20114,Electronics
402907,305323,2024-10-05,Size Issue,20019,Electronics
402908,317556,2026-03-29,Damaged,20528,Sports
402909,342009,2024-05-09,Late Delivery,20146,Fashion
402910,350792,2026-03-06,Size Issue,20402,Beauty
402911,302240,2025-06-26,Changed Mind,20089,Electronics
402912,349963,2025-10-20,Damaged,20320,Home
402913,350192,2024-03-05,Damaged,20214,Fashion
402914,337979,2025-11-05,Quality Issue,20209,Fashion
402915,342436,2025-07-20,Wrong Item,20256,Home
402916,311036,2024-07-11,Quality Issue,20148,Fashion
402917,300938,2024-08-06,Wrong Item,20049,Electronics
402918,347197,2025-09-18,Size Issue,20182,Fashion
402919,305700,2025-11-24,Wrong Item,20424,Beauty
402920,305709,2026-07-08,Changed Mind,20104,Electronics
402921,314869,2025-12-30,Quality Issue,20071,Electronics
402922,317463,2024-04-25,Changed Mind,20015,Electronics
402923,325602,2025-02-07,Size Issue,20141,Fashion
402924,329428,2026-09-14,Wrong Item,20285,Home
402925,339768,2025-06-23,Wrong Item,20600,Sports
402926,313566,2024-03-07,Wrong Item,20035,Electronics
402927,342004,2025-11-22,Quality Issue,20279,Home
402928,302314,2024-08-21,Wrong Item,20403,Beauty
402929,308894,2025-08-29,Changed Mind,20240,Fashion
402930,332665,2025-10-22,Late Delivery,20599,Sports
402931,346625,2025-07-26,Size Issue,20362,Beauty
402932,314468,2026-05-21,Quality Issue,20126,Fashion
402933,332134,2024-11-12,Quality Issue,20523,Sports
402934,350422,2024-08-12,Quality Issue,20583,Sports
402935,323264,2026-09-21,Late Delivery,20100,Electronics
402936,317238,2025-05-05,Quality Issue,20401,Beauty
402937,355716,2026-05-29,Quality Issue,20269,Home
402938,306776,2026-08-11,Damaged,20161,Fashion
402939,318796,2025-08-02,Wrong Item,20249,Home
402940,313369,2024-04-22,Wrong Item,20105,Electronics
402941,355340,2025-11-18,Size Issue,20233,Fashion
402942,334149,2025-02-10,Changed Mind,20322,Home
402943,324869,2025-07-04,Size Issue,20147,Fashion
402944,355139,2024-05-11,Quality Issue,20208,Fashion
402945,310175,2024-04-27,Changed Mind,20078,Electronics
402946,359788,2024-02-23,Late Delivery,20527,Sports
402947,326365,2025-04-08,Size Issue,20113,Electronics
402948,352439,2026-07-18,Wrong Item,20201,Fashion
402949,359864,2025-03-09,Damaged,20509,Sports
402950,327889,2024-06-23,Changed Mind,20368,Beauty
402951,308161,2026-08-17,Size Issue,20045,Electronics
402952,300803,2025-05-23,Quality Issue,20040,Electronics
402953,358942,2025-08-04,Damaged,20113,Electronics
402954,309561,2025-03-02,Quality Issue,20456,Beauty
402955,317825,2024-07-21,Wrong Item,20434,Beauty
402956,320819,2025-05-21,Late Delivery,20552,Sports
402957,315569,2026-07-08,Wrong Item,20348,Home
402958,330291,2024-05-29,Damaged,20235,Fashion
402959,348966,2025-10-29,Quality Issue,20272,Home
402960,313830,2025-01-11,Size Issue,20102,Electronics
402961,346019,2026-05-25,Wrong Item,20232,Fashion
402962,314184,2026-07-07,Late Delivery,20205,Fashion
402963,313047,2024-12-08,Size Issue,20327,Home
402964,307953,2026-07-18,Wrong Item,20384,Beauty
402965,311614,2026-02-09,Quality Issue,20386,Beauty
402966,351730,2025-01-06,Damaged,20546,Sports
402967,308789,2025-05-27,Quality Issue,20132,Fashion
402968,352220,2024-08-05,Quality Issue,20123,Fashion
402969,351698,2025-12-26,Late Delivery,20502,Sports
402970,342485,2024-10-12,Quality Issue,20016,Electronics
402971,341867,2025-03-14,Damaged,20085,Electronics
402972,349865,2026-03-05,Damaged,20377,Beauty
402973,346156,2025-07-30,Wrong Item,20171,Fashion
402974,344761,2025-01-20,Quality Issue,20034,Electronics
402975,329873,2026-07-25,Size Issue,20163,Fashion
402976,327325,2025-11-01,Wrong Item,20279,Home
402977,329946,2024-07-10,Quality Issue,20263,Home
402978,320208,2025-12-10,Size Issue,20461,Beauty
402979,359638,2026-07-13,Late Delivery,20037,Electronics
402980,332384,2026-06-29,Late Delivery,20590,Sports
402981,313164,2025-12-14,Late Delivery,20115,Electronics
402982,355020,2025-09-05,Damaged,20463,Beauty
402983,305531,2024-07-29,Quality Issue,20535,Sports
402984,324500,2024-02-25,Damaged,20547,Sports
402985,355671,2026-08-24,Late Delivery,20520,Sports
402986,321474,2024-11-03,Wrong Item,20303,Home
402987,330856,2025-10-19,Size Issue,20462,Beauty
402988,300683,2024-03-16,Quality Issue,20373,Beauty
402989,342160,2026-09-08,Changed Mind,20265,Home
402990,316757,2025-10-08,Size Issue,20494,Sports
402991,322905,2024-12-19,Changed Mind,20474,Beauty
402992,354368,2024-05-21,Damaged,20236,Fashion
402993,354563,2024-06-24,Wrong Item,20286,Home
402994,330864,2025-10-24,Late Delivery,20368,Beauty
402995,337044,2024-10-12,Size Issue,20171,Fashion
402996,335728,2025-07-23,Changed Mind,20406,Beauty
402997,315306,2025-02-10,Damaged,20222,Fashion
402998,348249,2024-03-01,Size Issue,20191,Fashion
402999,318645,2026-08-26,Quality Issue,20216,Fashion
403000,309660,2026-02-07,Late Delivery,20573,Sports
403001,354422,2026-05-17,Size Issue,20371,Beauty
403002,325595,2025-08-09,Size Issue,20112,Electronics
403003,326333,2024-10-15,Quality Issue,20173,Fashion
403004,343837,2026-06-03,Quality Issue,20558,Sports
403005,304294,2024-11-06,Quality Issue,20491,Sports
403006,337665,2026-08-18,Quality Issue,20315,Home
403007,339166,2025-07-31,Quality Issue,20048,Electronics
403008,352338,2026-04-11,Changed Mind,20226,Fashion
403009,349891,2026-07-19,Wrong Item,20144,Fashion
403010,303672,2024-08-03,Quality Issue,20029,Electronics
403011,302187,2025-12-28,Changed Mind,20588,Sports
403012,328646,2025-01-20,Size Issue,20483,Sports
403013,332223,2024-12-20,Changed Mind,20193,Fashion
403014,338077,2025-10-08,Size Issue,20337,Home
403015,347071,2024-03-28,Changed Mind,20412,Beauty
403016,306543,2025-12-17,Damaged,20181,Fashion
403017,308597,2026-04-02,Late Delivery,20063,Electronics
403018,320807,2026-06-22,Quality Issue,20070,Electronics
403019,311437,2025-04-27,Damaged,20221,Fashion
403020,325852,2026-04-01,Late Delivery,20407,Beauty
403021,348783,2026-08-26,Wrong Item,20009,Electronics
403022,355319,2025-10-11,Size Issue,20362,Beauty
403023,307326,2024-04-21,Changed Mind,20555,Sports
403024,335234,2026-02-12,Quality Issue,20292,Home
403025,320677,2026-05-22,Damaged,20344,Home
403026,350189,2024-07-24,Wrong Item,20514,Sports
403027,300628,2025-10-18,Size Issue,20228,Fashion
403028,335224,2026-03-17,Size Issue,20407,Beauty
403029,353560,2026-06-12,Quality Issue,20185,Fashion
403030,322968,2025-04-17,Damaged,20578,Sports
403031,344670,2024-09-22,Changed Mind,20444,Beauty
403032,326272,2025-03-13,Wrong Item,20333,Home
403033,328702,2025-09-13,Size Issue,20576,Sports
403034,301378,2024-05-22,Size Issue,20388,Beauty
403035,355211,2025-02-06,Wrong Item,20367,Beauty
403036,312981,2025-06-28,Wrong Item,20476,Beauty
403037,331382,2026-06-07,Quality Issue,20576,Sports
403038,335583,2025-09-09,Damaged,20003,Electronics
403039,307429,2026-01-12,Wrong Item,20231,Fashion
403040,313005,2024-10-11,Late Delivery,20088,Electronics
403041,328931,2026-09-28,Changed Mind,20272,Home
403042,321758,2025-11-17,Changed Mind,20499,Sports
403043,331281,2024-12-20,Size Issue,20314,Home
403044,329488,2026-02-18,Damaged,20499,Sports
403045,310613,2025-02-12,Late Delivery,20221,Fashion
403046,340482,2026-02-02,Quality Issue,20340,Home
403047,339375,2025-03-30,Quality Issue,20399,Beauty
403048,342673,2025-07-21,Changed Mind,20469,Beauty
403049,359043,2026-01-17,Damaged,20154,Fashion
403050,303559,2026-01-05,Quality Issue,20022,Electronics
403051,334487,2024-10-12,Damaged,20079,Electronics
403052,351205,2024-10-02,Wrong Item,20326,Home
403053,337132,2024-08-18,Late Delivery,20052,Electronics
403054,345304,2026-08-05,Damaged,20389,Beauty
403055,305712,2026-02-17,Quality Issue,20496,Sports
403056,323017,2026-03-11,Quality Issue,20492,Sports
403057,331327,2025-05-31,Size Issue,20405,Beauty
403058,335220,2025-07-06,Damaged,20184,Fashion
403059,337156,2025-02-22,Wrong Item,20534,Sports
403060,332123,2024-09-29,Quality Issue,20368,Beauty
403061,325898,2024-07-09,Quality Issue,20271,Home
403062,301636,2026-07-29,Size Issue,20468,Beauty
403063,337792,2025-08-03,Quality Issue,20215,Fashion
403064,314267,2026-06-25,Late Delivery,20363,Beauty
403065,302052,2025-09-05,Changed Mind,20193,Fashion
403066,314687,2024-06-10,Late Delivery,20052,Electronics
403067,300451,2024-12-24,Late Delivery,20265,Home
403068,350910,2024-09-13,Damaged,20594,Sports
403069,346699,2026-06-02,Quality Issue,20317,Home
403070,318179,2025-02-02,Changed Mind,20523,Sports
403071,313431,2025-09-01,Late Delivery,20025,Electronics
403072,351299,2026-03-18,Changed Mind,20561,Sports
403073,343355,2024-02-15,Quality Issue,20238,Fashion
403074,321565,2024-03-13,Damaged,20599,Sports
403075,357437,2025-03-14,Damaged,20044,Electronics
403076,328205,2025-02-22,Quality Issue,20493,Sports
403077,328160,2024-06-15,Late Delivery,20235,Fashion
403078,303581,2026-06-17,Wrong Item,20088,Electronics
403079,331846,2025-09-16,Changed Mind,20123,Fashion
403080,336721,2026-01-28,Late Delivery,20433,Beauty
403081,343939,2025-09-21,Late Delivery,20135,Fashion
403082,335641,2025-02-22,Quality Issue,20352,Home
403083,333860,2025-03-27,Changed Mind,20005,Electronics
403084,317994,2026-01-24,Late Delivery,20572,Sports
403085,331091,2025-07-12,Quality Issue,20102,Electronics
403086,353900,2024-11-21,Wrong Item,20514,Sports
403087,347132,2024-06-19,Size Issue,20114,Electronics
403088,312511,2026-05-27,Wrong Item,20525,Sports
403089,329369,2025-05-07,Damaged,20394,Beauty
403090,328799,2026-07-22,Quality Issue,20239,Fashion
403091,359978,2025-12-11,Damaged,20062,Electronics
403092,305773,2025-08-16,Wrong Item,20275,Home
403093,318048,2024-10-04,Size Issue,20423,Beauty
403094,307903,2024-12-26,Quality Issue,20474,Beauty
403095,324957,2025-06-14,Changed Mind,20473,Beauty
403096,327713,2026-07-25,Late Delivery,20087,Electronics
403097,325173,2025-11-29,Wrong Item,20008,Electronics
403098,343670,2024-04-03,Changed Mind,20574,Sports
403099,337308,2025-03-27,Damaged,20137,Fashion
403100,348143,2026-08-28,Quality Issue,20439,Beauty
403101,335262,2026-01-03,Quality Issue,20074,Electronics
403102,334018,2024-12-05,Wrong Item,20481,Sports
403103,335739,2026-08-24,Late Delivery,20528,Sports
403104,332854,2024-05-11,Quality Issue,20253,Home
403105,351946,2026-05-21,Changed Mind,20550,Sports
403106,303416,2026-07-06,Quality Issue,20043,Electronics
403107,336781,2026-06-30,Wrong Item,20594,Sports
403108,331336,2026-04-26,Damaged,20078,Electronics
403109,310703,2024-12-29,Late Delivery,20057,Electronics
403110,323110,2025-09-19,Changed Mind,20094,Electronics
403111,324371,2025-09-18,Wrong Item,20124,Fashion
403112,348552,2025-11-03,Damaged,20185,Fashion
403113,305050,2024-11-03,Quality Issue,20493,Sports
403114,354685,2024-05-16,Changed Mind,20381,Beauty
403115,357415,2025-09-23,Size Issue,20255,Home
403116,359587,2026-03-06,Wrong Item,20162,Fashion
403117,303330,2025-04-03,Damaged,20142,Fashion
403118,330253,2026-09-12,Damaged,20542,Sports
403119,344475,2025-09-11,Late Delivery,20063,Electronics
403120,304954,2026-09-01,Late Delivery,20024,Electronics
403121,300218,2024-04-08,Size Issue,20292,Home
403122,328784,2025-03-24,Late Delivery,20422,Beauty
403123,309950,2025-07-03,Quality Issue,20400,Beauty
403124,355668,2024-09-19,Damaged,20094,Electronics
403125,336788,2025-03-13,Damaged,20048,Electronics
403126,321439,2024-08-21,Size Issue,20288,Home
403127,345844,2024-12-08,Wrong Item,20136,Fashion
403128,348800,2026-04-19,Quality Issue,20014,Electronics
403129,344212,2024-03-22,Quality Issue,20170,Fashion
403130,346815,2024-12-07,Changed Mind,20489,Sports
403131,332608,2024-12-05,Changed Mind,20581,Sports
403132,311971,2024-07-09,Damaged,20533,Sports
403133,313455,2026-04-10,Changed Mind,20071,Electronics
403134,300435,2025-02-09,Quality Issue,20175,Fashion
403135,315356,2025-08-04,Late Delivery,20327,Home
403136,356288,2025-08-14,Quality Issue,20061,Electronics
403137,306931,2025-01-14,Quality Issue,20150,Fashion
403138,306781,2024-02-27,Quality Issue,20252,Home
403139,317405,2024-02-22,Quality Issue,20476,Beauty
403140,306445,2025-06-13,Wrong Item,20366,Beauty
403141,307483,2024-05-28,Size Issue,20253,Home
403142,345245,2026-04-21,Wrong Item,20353,Home
403143,336380,2025-03-16,Size Issue,20052,Electronics
403144,317388,2024-11-03,Late Delivery,20021,Electronics
403145,323645,2026-06-02,Damaged,20320,Home
403146,322716,2025-12-30,Damaged,20583,Sports
403147,346230,2025-02-23,Damaged,20027,Electronics
403148,305369,2025-09-04,Damaged,20339,Home
403149,309755,2025-01-11,Wrong Item,20015,Electronics
403150,359433,2024-10-29,Late Delivery,20298,Home
403151,304423,2025-11-03,Changed Mind,20159,Fashion
403152,321108,2026-06-08,Quality Issue,20561,Sports
403153,343703,2024-04-10,Damaged,20556,Sports
403154,308115,2025-06-22,Quality Issue,20142,Fashion
403155,344505,2024-04-04,Late Delivery,20035,Electronics
403156,344119,2026-08-03,Quality Issue,20577,Sports
403157,308767,2025-06-17,Changed Mind,20076,Electronics
403158,348787,2024-10-08,Late Delivery,20146,Fashion
403159,353949,2024-01-28,Size Issue,20051,Electronics
403160,310971,2026-04-13,Damaged,20208,Fashion
403161,330499,2024-11-30,Damaged,20024,Electronics
403162,329694,2024-08-25,Changed Mind,20586,Sports
403163,307380,2025-12-17,Damaged,20323,Home
403164,352921,2025-10-31,Late Delivery,20423,Beauty
403165,330126,2025-06-16,Size Issue,20285,Home
403166,351173,2025-12-06,Size Issue,20031,Electronics
403167,328484,2024-02-07,Wrong Item,20031,Electronics
403168,345156,2026-07-28,Wrong Item,20533,Sports
403169,346771,2026-08-26,Wrong Item,20506,Sports
403170,342978,2026-07-16,Changed Mind,20392,Beauty
403171,314685,2025-07-26,Late Delivery,20203,Fashion
403172,331843,2025-10-23,Wrong Item,20112,Electronics
403173,312590,2026-07-07,Size Issue,20401,Beauty
403174,333715,2024-11-14,Late Delivery,20079,Electronics
403175,343710,2024-04-13,Quality Issue,20148,Fashion
403176,359417,2024-10-16,Changed Mind,20465,Beauty
403177,344700,2024-01-16,Changed Mind,20120,Electronics
403178,328357,2026-03-08,Damaged,20081,Electronics
403179,325611,2026-08-23,Wrong Item,20027,Electronics
403180,327128,2026-07-11,Wrong Item,20560,Sports
403181,300548,2026-08-05,Late Delivery,20325,Home
403182,330509,2025-01-11,Damaged,20472,Beauty
403183,333253,2025-08-06,Wrong Item,20182,Fashion
403184,337466,2026-04-19,Quality Issue,20063,Electronics
403185,345305,2025-01-08,Wrong Item,20530,Sports
403186,317923,2026-02-11,Damaged,20546,Sports
403187,312857,2025-01-27,Changed Mind,20594,Sports
403188,300797,2025-10-01,Quality Issue,20180,Fashion
403189,332661,2026-04-18,Changed Mind,20494,Sports
403190,326076,2026-03-05,Quality Issue,20119,Electronics
403191,354115,2025-05-14,Quality Issue,20220,Fashion
403192,348557,2025-10-26,Late Delivery,20331,Home
403193,308414,2025-06-11,Wrong Item,20141,Fashion
403194,339475,2025-06-15,Late Delivery,20027,Electronics
403195,344840,2024-07-08,Wrong Item,20461,Beauty
403196,309138,2024-09-01,Size Issue,20272,Home
403197,333330,2025-01-14,Changed Mind,20350,Home
403198,305148,2026-06-17,Wrong Item,20089,Electronics
403199,327585,2025-04-10,Changed Mind,20455,Beauty
403200,337031,2026-05-14,Quality Issue,20151,Fashion
403201,312362,2026-07-07,Damaged,20030,Electronics
403202,353336,2025-09-30,Quality Issue,20375,Beauty
403203,333570,2026-04-09,Damaged,20039,Electronics
403204,358083,2025-06-07,Quality Issue,20395,Beauty
403205,356685,2024-03-28,Size Issue,20105,Electronics
403206,303867,2024-08-28,Quality Issue,20416,Beauty
403207,333560,2024-10-20,Late Delivery,20110,Electronics
403208,305336,2026-04-29,Late Delivery,20121,Fashion
403209,359792,2025-05-14,Changed Mind,20030,Electronics
403210,340840,2024-02-15,Damaged,20042,Electronics
403211,311637,2024-10-04,Wrong Item,20572,Sports
403212,357583,2025-11-26,Damaged,20589,Sports
403213,325097,2024-10-30,Size Issue,20103,Electronics
403214,301813,2025-02-17,Changed Mind,20288,Home
403215,333814,2025-01-05,Changed Mind,20361,Beauty
403216,329968,2024-09-21,Late Delivery,20065,Electronics
403217,310387,2025-03-23,Late Delivery,20463,Beauty
403218,332811,2025-05-09,Size Issue,20467,Beauty
403219,332089,2026-01-13,Quality Issue,20425,Beauty
403220,304444,2025-03-21,Quality Issue,20068,Electronics
403221,334800,2024-11-18,Wrong Item,20040,Electronics
403222,353444,2026-06-15,Size Issue,20013,Electronics
403223,305108,2026-04-04,Changed Mind,20071,Electronics
403224,313195,2025-05-10,Damaged,20416,Beauty
403225,329422,2025-05-22,Quality Issue,20314,Home
403226,301434,2026-09-24,Wrong Item,20106,Electronics
403227,317140,2026-07-24,Quality Issue,20309,Home
403228,302216,2024-05-05,Late Delivery,20127,Fashion
403229,357549,2026-01-19,Late Delivery,20561,Sports
403230,317166,2026-02-24,Wrong Item,20238,Fashion
403231,359643,2026-09-21,Changed Mind,20024,Electronics
403232,306463,2026-07-04,Damaged,20014,Electronics
403233,301751,2026-04-02,Damaged,20562,Sports
403234,317027,2025-11-19,Size Issue,20404,Beauty
403235,351608,2024-05-31,Damaged,20357,Home
403236,344703,2024-10-01,Late Delivery,20463,Beauty
403237,326949,2025-08-10,Late Delivery,20545,Sports
403238,345019,2024-06-20,Size Issue,20182,Fashion
403239,342168,2026-03-14,Quality Issue,20598,Sports
403240,355835,2025-09-01,Wrong Item,20500,Sports
403241,311782,2024-10-30,Quality Issue,20008,Electronics
403242,337155,2026-03-27,Wrong Item,20477,Beauty
403243,331485,2024-12-11,Wrong Item,20099,Electronics
403244,321353,2024-05-01,Changed Mind,20497,Sports
403245,301923,2025-09-27,Quality Issue,20084,Electronics
403246,326319,2026-01-03,Size Issue,20565,Sports
403247,327661,2024-09-01,Late Delivery,20358,Home
403248,323446,2024-03-21,Size Issue,20075,Electronics
403249,317009,2025-04-16,Damaged,20209,Fashion
403250,340248,2026-08-29,Size Issue,20155,Fashion
403251,311082,2024-07-21,Late Delivery,20490,Sports
403252,300828,2026-04-20,Quality Issue,20200,Fashion
403253,331492,2025-11-05,Damaged,20468,Beauty
403254,349417,2024-03-01,Damaged,20311,Home
403255,303213,2025-09-11,Quality Issue,20143,Fashion
403256,354575,2024-11-28,Changed Mind,20185,Fashion
403257,318371,2026-06-16,Quality Issue,20107,Electronics
403258,352455,2026-05-28,Damaged,20548,Sports
403259,336193,2024-12-06,Changed Mind,20250,Home
403260,314370,2025-03-23,Quality Issue,20173,Fashion
403261,325927,2026-02-27,Changed Mind,20188,Fashion
403262,315480,2025-07-23,Size Issue,20059,Electronics
403263,327953,2026-05-02,Damaged,20294,Home
403264,317368,2025-10-03,Wrong Item,20472,Beauty
403265,320092,2025-05-16,Quality Issue,20550,Sports
403266,324785,2026-08-01,Changed Mind,20594,Sports
403267,300783,2026-07-15,Size Issue,20346,Home
403268,346187,2024-10-01,Wrong Item,20074,Electronics
403269,304328,2024-03-01,Quality Issue,20595,Sports
403270,345887,2025-12-07,Damaged,20454,Beauty
403271,312502,2024-08-19,Changed Mind,20436,Beauty
403272,312023,2025-12-09,Late Delivery,20435,Beauty
403273,310437,2024-09-19,Quality Issue,20466,Beauty
403274,313595,2026-05-21,Size Issue,20103,Electronics
403275,325997,2025-07-24,Changed Mind,20031,Electronics
403276,357075,2026-05-25,Quality Issue,20070,Electronics
403277,331829,2026-02-24,Damaged,20416,Beauty
403278,323598,2026-08-12,Wrong Item,20594,Sports
403279,336157,2024-09-23,Wrong Item,20037,Electronics
403280,347968,2025-09-13,Changed Mind,20053,Electronics
403281,328751,2026-05-22,Size Issue,20267,Home
403282,317615,2025-09-08,Damaged,20007,Electronics
403283,313499,2024-08-20,Quality Issue,20555,Sports
403284,338850,2026-02-14,Changed Mind,20409,Beauty
403285,321137,2025-03-05,Wrong Item,20132,Fashion
403286,350578,2025-01-15,Late Delivery,20105,Electronics
403287,336894,2024-05-27,Wrong Item,20278,Home
403288,333275,2024-02-02,Size Issue,20176,Fashion
403289,324564,2025-03-01,Late Delivery,20119,Electronics
403290,346849,2024-11-03,Quality Issue,20223,Fashion
403291,302984,2024-03-30,Changed Mind,20380,Beauty
403292,326335,2024-01-18,Size Issue,20216,Fashion
403293,346204,2024-10-15,Size Issue,20398,Beauty
403294,307170,2025-09-05,Wrong Item,20519,Sports
403295,333215,2025-09-25,Damaged,20231,Fashion
403296,335152,2025-07-20,Wrong Item,20138,Fashion
403297,357860,2025-02-06,Quality Issue,20378,Beauty
403298,344299,2025-08-28,Changed Mind,20542,Sports
403299,337064,2025-08-09,Quality Issue,20320,Home
403300,323963,2024-07-27,Quality Issue,20242,Home
403301,301014,2026-05-01,Quality Issue,20114,Electronics
403302,325242,2025-02-13,Changed Mind,20130,Fashion
403303,313751,2024-09-20,Quality Issue,20245,Home
403304,354027,2026-07-25,Wrong Item,20392,Beauty
403305,320592,2026-02-07,Wrong Item,20486,Sports
403306,321706,2026-07-19,Quality Issue,20377,Beauty
403307,353205,2026-05-27,Quality Issue,20038,Electronics
403308,350536,2024-12-26,Damaged,20425,Beauty
403309,347787,2025-07-12,Size Issue,20412,Beauty
403310,330651,2025-01-22,Size Issue,20298,Home
403311,347762,2026-01-07,Size Issue,20312,Home
403312,317981,2026-05-16,Quality Issue,20458,Beauty
403313,350708,2025-08-15,Changed Mind,20317,Home
403314,307351,2024-11-24,Size Issue,20403,Beauty
403315,339827,2024-08-11,Size Issue,20117,Electronics
403316,337175,2026-06-09,Damaged,20102,Electronics
403317,318677,2025-09-30,Late Delivery,20207,Fashion
403318,328106,2024-01-30,Damaged,20093,Electronics
403319,340720,2024-02-27,Changed Mind,20113,Electronics
403320,317179,2025-10-31,Size Issue,20244,Home
403321,340945,2025-05-12,Late Delivery,20332,Home
403322,319051,2026-09-25,Late Delivery,20491,Sports
403323,313917,2025-06-10,Damaged,20543,Sports
403324,335057,2026-01-19,Quality Issue,20482,Sports
403325,311296,2025-06-02,Quality Issue,20157,Fashion
403326,300875,2024-12-31,Quality Issue,20461,Beauty
403327,301048,2026-06-18,Size Issue,20037,Electronics
403328,301242,2024-08-18,Damaged,20134,Fashion
403329,300288,2024-11-18,Size Issue,20294,Home
403330,346639,2026-04-21,Changed Mind,20096,Electronics
403331,309556,2024-05-08,Changed Mind,20193,Fashion
403332,341113,2024-07-16,Size Issue,20003,Electronics
403333,335153,2025-08-02,Quality Issue,20042,Electronics
403334,356621,2024-08-16,Damaged,20140,Fashion
403335,315413,2026-07-16,Damaged,20530,Sports
403336,301210,2024-06-18,Wrong Item,20544,Sports
403337,349737,2025-10-04,Wrong Item,20005,Electronics
403338,342820,2026-01-01,Changed Mind,20175,Fashion
403339,349459,2026-03-18,Quality Issue,20597,Sports
403340,337080,2026-06-17,Quality Issue,20293,Home
403341,327110,2026-08-22,Changed Mind,20278,Home
403342,352224,2024-04-05,Quality Issue,20282,Home
403343,349901,2026-07-26,Damaged,20455,Beauty
403344,306820,2024-08-16,Damaged,20448,Beauty
403345,339528,2024-02-29,Changed Mind,20225,Fashion
403346,324136,2025-07-09,Size Issue,20172,Fashion
403347,305608,2026-05-06,Quality Issue,20569,Sports
403348,334214,2025-11-06,Changed Mind,20402,Beauty
403349,326998,2026-08-14,Size Issue,20077,Electronics
403350,337991,2026-03-21,Late Delivery,20311,Home
403351,336625,2026-09-14,Changed Mind,20599,Sports
403352,319899,2025-04-11,Size Issue,20531,Sports
403353,356493,2025-06-16,Quality Issue,20155,Fashion
403354,304028,2025-12-29,Size Issue,20084,Electronics
403355,351339,2025-02-13,Damaged,20048,Electronics
403356,351359,2024-12-02,Damaged,20183,Fashion
403357,301187,2025-05-07,Changed Mind,20209,Fashion
403358,342296,2025-04-15,Size Issue,20036,Electronics
403359,303799,2024-11-05,Size Issue,20444,Beauty
403360,340564,2025-01-29,Quality Issue,20424,Beauty
403361,340238,2024-06-05,Changed Mind,20221,Fashion
403362,349188,2024-03-02,Late Delivery,20272,Home
403363,308422,2025-10-26,Late Delivery,20591,Sports
403364,304150,2026-09-09,Late Delivery,20419,Beauty
403365,338385,2026-06-02,Changed Mind,20122,Fashion
403366,320955,2025-01-06,Size Issue,20177,Fashion
403367,303906,2026-09-01,Changed Mind,20266,Home
403368,318497,2024-10-11,Late Delivery,20523,Sports
403369,325244,2024-11-18,Changed Mind,20171,Fashion
403370,340059,2025-02-10,Wrong Item,20569,Sports
403371,359292,2025-01-08,Wrong Item,20262,Home
403372,355994,2025-07-12,Late Delivery,20004,Electronics
403373,342642,2026-08-19,Changed Mind,20517,Sports
403374,316842,2025-10-26,Late Delivery,20071,Electronics
403375,342587,2026-06-03,Damaged,20227,Fashion
403376,351319,2025-03-25,Quality Issue,20071,Electronics
403377,316693,2026-02-18,Damaged,20563,Sports
403378,359062,2024-01-29,Damaged,20414,Beauty
403379,313508,2025-07-27,Damaged,20498,Sports
403380,322199,2026-02-04,Changed Mind,20416,Beauty
403381,301591,2025-02-07,Size Issue,20352,Home
403382,330911,2025-11-23,Quality Issue,20515,Sports
403383,300469,2026-01-15,Damaged,20338,Home
403384,300592,2024-09-26,Size Issue,20186,Fashion
403385,334626,2025-06-04,Wrong Item,20349,Home
403386,303528,2026-01-10,Size Issue,20391,Beauty
403387,336062,2024-09-28,Quality Issue,20159,Fashion
403388,316921,2025-12-25,Wrong Item,20600,Sports
403389,333530,2025-09-28,Wrong Item,20326,Home
403390,316072,2026-05-06,Quality Issue,20290,Home
403391,304648,2025-08-08,Damaged,20226,Fashion
403392,308027,2024-07-17,Wrong Item,20343,Home
403393,338800,2024-03-13,Size Issue,20511,Sports
403394,335773,2024-05-29,Changed Mind,20451,Beauty
403395,342600,2025-12-27,Damaged,20067,Electronics
403396,303045,2024-11-19,Damaged,20196,Fashion
403397,338071,2024-07-18,Damaged,20579,Sports
403398,340388,2025-09-06,Late Delivery,20141,Fashion
403399,341865,2026-01-11,Damaged,20258,Home
403400,329326,2025-10-26,Late Delivery,20090,Electronics
403401,307446,2025-12-29,Quality Issue,20134,Fashion
403402,320419,2025-11-01,Quality Issue,20536,Sports
403403,351780,2025-08-21,Changed Mind,20459,Beauty
403404,320879,2025-07-01,Quality Issue,20004,Electronics
403405,329148,2025-10-08,Quality Issue,20154,Fashion
403406,344666,2025-07-10,Size Issue,20329,Home
403407,338074,2026-08-17,Damaged,20415,Beauty
403408,349276,2025-03-07,Size Issue,20599,Sports
403409,331436,2025-05-01,Damaged,20149,Fashion
403410,359300,2026-03-09,Size Issue,20512,Sports
403411,304553,2024-05-03,Wrong Item,20404,Beauty
403412,316179,2025-06-30,Wrong Item,20056,Electronics
403413,354557,2025-11-18,Size Issue,20129,Fashion
403414,344618,2025-08-18,Changed Mind,20102,Electronics
403415,340491,2024-07-06,Changed Mind,20182,Fashion
403416,300158,2026-06-28,Wrong Item,20228,Fashion
403417,303185,2025-01-03,Size Issue,20523,Sports
403418,303948,2025-10-26,Changed Mind,20461,Beauty
403419,317515,2025-12-20,Damaged,20038,Electronics
403420,334637,2024-05-14,Wrong Item,20166,Fashion
403421,339397,2025-10-12,Quality Issue,20098,Electronics
403422,331831,2024-09-02,Quality Issue,20189,Fashion
403423,307557,2026-04-21,Late Delivery,20415,Beauty
403424,327861,2025-02-20,Damaged,20064,Electronics
403425,338879,2025-11-16,Damaged,20206,Fashion
403426,354383,2026-06-03,Size Issue,20520,Sports
403427,335515,2025-05-17,Damaged,20173,Fashion
403428,331274,2026-07-31,Changed Mind,20246,Home
403429,324733,2025-11-14,Quality Issue,20084,Electronics
403430,329508,2024-08-18,Wrong Item,20380,Beauty
403431,348336,2026-04-08,Damaged,20156,Fashion
403432,359347,2026-04-26,Quality Issue,20406,Beauty
403433,342722,2025-08-12,Quality Issue,20326,Home
403434,316192,2024-04-30,Damaged,20596,Sports
403435,328986,2024-05-25,Changed Mind,20429,Beauty
403436,306809,2025-07-15,Damaged,20115,Electronics
403437,346338,2026-07-08,Size Issue,20480,Beauty
403438,342098,2026-01-14,Late Delivery,20375,Beauty
403439,306888,2024-08-23,Damaged,20104,Electronics
403440,320253,2025-12-19,Quality Issue,20390,Beauty
403441,308953,2026-07-30,Damaged,20145,Fashion
403442,322095,2024-12-30,Wrong Item,20466,Beauty
403443,353974,2024-03-16,Late Delivery,20317,Home
403444,327619,2025-08-07,Changed Mind,20094,Electronics
403445,329766,2024-04-16,Quality Issue,20517,Sports
403446,333667,2026-02-01,Wrong Item,20334,Home
403447,315080,2025-06-27,Size Issue,20263,Home
403448,315328,2025-04-28,Quality Issue,20457,Beauty
403449,348092,2024-10-11,Quality Issue,20012,Electronics
403450,307650,2025-01-09,Wrong Item,20572,Sports
403451,313443,2026-07-07,Quality Issue,20272,Home
403452,347386,2024-01-25,Size Issue,20472,Beauty
403453,322831,2024-06-15,Late Delivery,20412,Beauty
403454,319426,2025-08-03,Size Issue,20559,Sports
403455,348422,2026-08-04,Wrong Item,20364,Beauty
403456,301894,2026-01-31,Wrong Item,20576,Sports
403457,307154,2026-09-22,Quality Issue,20444,Beauty
403458,322228,2026-03-15,Damaged,20420,Beauty
403459,311780,2024-04-16,Quality Issue,20465,Beauty
403460,351602,2024-12-09,Wrong Item,20355,Home
403461,305751,2026-06-12,Damaged,20021,Electronics
403462,308346,2024-11-19,Changed Mind,20215,Fashion
403463,333738,2025-01-23,Wrong Item,20068,Electronics
403464,311180,2025-06-19,Changed Mind,20295,Home
403465,337406,2025-08-13,Changed Mind,20439,Beauty
403466,343308,2025-05-20,Late Delivery,20358,Home
403467,343001,2024-10-14,Wrong Item,20130,Fashion
403468,355784,2024-12-14,Quality Issue,20139,Fashion
403469,359677,2026-07-24,Quality Issue,20002,Electronics
403470,353408,2026-05-29,Changed Mind,20588,Sports
403471,355565,2025-12-22,Changed Mind,20562,Sports
403472,310311,2025-09-18,Wrong Item,20352,Home
403473,312257,2024-07-18,Late Delivery,20499,Sports
403474,341554,2025-10-11,Damaged,20360,Home
403475,317894,2025-09-18,Wrong Item,20234,Fashion
403476,327612,2026-09-16,Wrong Item,20108,Electronics
403477,350186,2025-05-04,Size Issue,20487,Sports
403478,306439,2024-10-04,Wrong Item,20567,Sports
403479,334108,2026-07-21,Damaged,20348,Home
403480,348719,2025-09-07,Wrong Item,20006,Electronics
403481,329463,2025-11-26,Late Delivery,20197,Fashion
403482,336422,2026-02-17,Late Delivery,20266,Home
403483,319031,2024-10-13,Quality Issue,20593,Sports
403484,357565,2026-08-12,Quality Issue,20383,Beauty
403485,305028,2025-07-04,Quality Issue,20285,Home
403486,336947,2026-05-28,Size Issue,20085,Electronics
403487,300406,2025-08-14,Wrong Item,20215,Fashion
403488,353536,2025-11-01,Changed Mind,20051,Electronics
403489,340260,2026-06-16,Damaged,20473,Beauty
403490,327596,2025-11-05,Late Delivery,20242,Home
403491,331883,2026-09-10,Late Delivery,20468,Beauty
403492,323829,2025-05-07,Late Delivery,20227,Fashion
403493,313008,2025-08-11,Quality Issue,20059,Electronics
403494,338282,2026-02-01,Late Delivery,20210,Fashion
403495,328874,2024-11-05,Quality Issue,20424,Beauty
403496,334516,2025-02-10,Wrong Item,20170,Fashion
403497,311689,2026-06-25,Late Delivery,20153,Fashion
403498,307718,2026-05-28,Damaged,20211,Fashion
403499,302444,2024-04-13,Late Delivery,20593,Sports
403500,318863,2024-05-10,Changed Mind,20358,Home
403501,330057,2026-05-20,Size Issue,20515,Sports
403502,354492,2026-05-20,Quality Issue,20408,Beauty
403503,301825,2026-05-12,Wrong Item,20585,Sports
403504,309921,2026-05-31,Wrong Item,20547,Sports
403505,323870,2025-07-16,Damaged,20551,Sports
403506,334585,2024-11-21,Quality Issue,20151,Fashion
403507,326353,2025-08-06,Quality Issue,20378,Beauty
403508,328981,2024-08-27,Quality Issue,20489,Sports
403509,335957,2024-10-29,Damaged,20246,Home
403510,334340,2024-12-18,Quality Issue,20190,Fashion
403511,323644,2025-01-17,Quality Issue,20319,Home
403512,352303,2025-11-02,Size Issue,20014,Electronics
403513,305992,2025-11-06,Late Delivery,20067,Electronics
403514,349235,2025-09-30,Late Delivery,20030,Electronics
403515,309280,2024-12-12,Size Issue,20101,Electronics
403516,301682,2024-06-24,Changed Mind,20379,Beauty
403517,323585,2025-12-09,Quality Issue,20584,Sports
403518,318439,2024-09-16,Quality Issue,20342,Home
403519,358917,2026-03-05,Size Issue,20367,Beauty
403520,310118,2025-03-31,Quality Issue,20306,Home
403521,343795,2024-08-07,Size Issue,20373,Beauty
403522,357611,2026-02-12,Damaged,20438,Beauty
403523,341400,2025-10-19,Late Delivery,20241,Home
403524,314535,2025-09-10,Late Delivery,20488,Sports
403525,314796,2025-11-02,Size Issue,20332,Home
403526,318562,2025-06-20,Changed Mind,20221,Fashion
403527,307772,2024-09-10,Quality Issue,20466,Beauty
403528,328408,2026-01-21,Wrong Item,20059,Electronics
403529,327905,2026-04-30,Size Issue,20114,Electronics
403530,354503,2025-05-07,Size Issue,20241,Home
403531,324945,2025-10-04,Changed Mind,20013,Electronics
403532,337717,2025-10-20,Late Delivery,20431,Beauty
403533,304914,2026-04-22,Damaged,20417,Beauty
403534,340554,2026-08-12,Wrong Item,20173,Fashion
403535,318730,2025-10-27,Quality Issue,20023,Electronics
403536,349109,2026-02-11,Damaged,20029,Electronics
403537,305664,2025-01-02,Damaged,20472,Beauty
403538,353758,2025-03-27,Size Issue,20319,Home
403539,318359,2025-11-27,Wrong Item,20402,Beauty
403540,301345,2025-06-22,Wrong Item,20150,Fashion
403541,359873,2024-07-11,Size Issue,20289,Home
403542,306052,2024-06-25,Wrong Item,20469,Beauty
403543,345616,2026-08-26,Quality Issue,20097,Electronics
403544,311519,2026-08-02,Changed Mind,20265,Home
403545,312833,2025-08-23,Wrong Item,20115,Electronics
403546,347446,2025-10-13,Wrong Item,20099,Electronics
403547,348302,2026-03-21,Damaged,20234,Fashion
403548,327343,2025-12-05,Wrong Item,20220,Fashion
403549,311652,2025-12-15,Quality Issue,20599,Sports
403550,326925,2024-11-15,Quality Issue,20257,Home
403551,304056,2026-01-29,Changed Mind,20012,Electronics
403552,351082,2025-03-09,Late Delivery,20256,Home
403553,300831,2024-06-20,Changed Mind,20369,Beauty
403554,346848,2026-07-29,Quality Issue,20384,Beauty
403555,301945,2024-08-03,Damaged,20120,Electronics
403556,334547,2024-09-25,Size Issue,20475,Beauty
403557,301451,2026-02-14,Late Delivery,20027,Electronics
403558,332406,2025-11-05,Wrong Item,20155,Fashion
403559,314610,2026-03-05,Damaged,20323,Home
403560,336433,2025-09-08,Size Issue,20584,Sports
403561,337545,2025-03-29,Quality Issue,20300,Home
403562,354128,2025-10-08,Quality Issue,20226,Fashion
403563,303178,2026-01-21,Quality Issue,20065,Electronics
403564,302017,2025-03-12,Quality Issue,20563,Sports
403565,359066,2025-12-25,Changed Mind,20565,Sports
403566,302023,2026-04-21,Wrong Item,20147,Fashion
403567,336248,2025-10-13,Late Delivery,20590,Sports
403568,323424,2026-03-06,Damaged,20490,Sports
403569,349349,2024-05-26,Late Delivery,20511,Sports
403570,317946,2025-03-04,Damaged,20511,Sports
403571,359000,2025-10-01,Damaged,20043,Electronics
403572,319465,2024-11-23,Quality Issue,20202,Fashion
403573,315902,2025-10-24,Quality Issue,20199,Fashion
403574,332272,2025-06-09,Damaged,20173,Fashion
403575,311510,2026-01-25,Size Issue,20206,Fashion
403576,359884,2026-04-18,Damaged,20383,Beauty
403577,313220,2026-04-05,Damaged,20384,Beauty
403578,301535,2024-02-23,Quality Issue,20362,Beauty
403579,329751,2024-10-22,Damaged,20457,Beauty
403580,311252,2025-03-24,Quality Issue,20511,Sports
403581,343984,2026-01-27,Size Issue,20259,Home
403582,342109,2026-03-19,Size Issue,20252,Home
403583,301988,2025-01-09,Changed Mind,20254,Home
403584,343431,2026-01-03,Damaged,20534,Sports
403585,304105,2026-06-25,Quality Issue,20374,Beauty
403586,345827,2024-07-07,Quality Issue,20461,Beauty
403587,305111,2024-08-21,Late Delivery,20019,Electronics
403588,300630,2024-06-23,Wrong Item,20276,Home
403589,340168,2026-08-05,Damaged,20374,Beauty
403590,300101,2025-10-03,Changed Mind,20376,Beauty
403591,348846,2025-06-21,Damaged,20214,Fashion
403592,323431,2026-08-09,Changed Mind,20462,Beauty
403593,325861,2025-02-08,Late Delivery,20577,Sports
403594,347102,2024-09-04,Quality Issue,20307,Home
403595,343572,2025-10-30,Size Issue,20441,Beauty
403596,352351,2024-08-29,Wrong Item,20337,Home
403597,356678,2025-10-02,Quality Issue,20032,Electronics
403598,302051,2026-05-31,Late Delivery,20347,Home
403599,338711,2025-09-14,Changed Mind,20090,Electronics
403600,301860,2024-11-04,Wrong Item,20558,Sports
403601,352108,2025-10-16,Damaged,20334,Home
403602,318561,2025-05-10,Changed Mind,20463,Beauty
403603,304450,2026-08-27,Late Delivery,20093,Electronics
403604,302116,2025-01-01,Changed Mind,20158,Fashion
403605,317665,2024-05-13,Changed Mind,20416,Beauty
403606,345119,2026-04-10,Changed Mind,20455,Beauty
403607,320746,2024-12-16,Changed Mind,20354,Home
403608,354578,2026-06-23,Quality Issue,20219,Fashion
403609,320380,2024-12-10,Changed Mind,20162,Fashion
403610,334070,2026-08-26,Changed Mind,20568,Sports
403611,352210,2025-07-31,Changed Mind,20198,Fashion
403612,352170,2026-06-22,Changed Mind,20354,Home
403613,319839,2026-07-07,Size Issue,20593,Sports
403614,313264,2025-08-22,Quality Issue,20275,Home
403615,358849,2026-05-10,Damaged,20376,Beauty
403616,353362,2024-03-17,Changed Mind,20460,Beauty
403617,331970,2026-07-30,Damaged,20084,Electronics
403618,359709,2026-06-01,Changed Mind,20206,Fashion
403619,322809,2024-09-09,Size Issue,20004,Electronics
403620,334172,2025-09-10,Late Delivery,20078,Electronics
403621,327494,2025-12-04,Changed Mind,20122,Fashion
403622,344655,2026-04-19,Quality Issue,20439,Beauty
403623,354698,2025-04-02,Late Delivery,20204,Fashion
403624,328452,2024-03-25,Wrong Item,20183,Fashion
403625,301873,2024-07-26,Quality Issue,20322,Home
403626,302883,2024-02-09,Wrong Item,20593,Sports
403627,330659,2026-08-21,Quality Issue,20442,Beauty
403628,348500,2025-11-22,Quality Issue,20552,Sports
403629,336818,2025-09-28,Quality Issue,20039,Electronics
403630,308529,2025-05-29,Changed Mind,20146,Fashion
403631,344279,2025-05-25,Changed Mind,20315,Home
403632,330342,2026-01-27,Changed Mind,20427,Beauty
403633,340267,2025-09-05,Quality Issue,20018,Electronics
403634,325022,2024-10-05,Quality Issue,20171,Fashion
403635,338149,2025-08-29,Damaged,20070,Electronics
403636,332786,2026-02-01,Damaged,20401,Beauty
403637,314811,2025-12-20,Size Issue,20109,Electronics
403638,358012,2024-05-04,Wrong Item,20037,Electronics
403639,309610,2024-12-23,Late Delivery,20448,Beauty
403640,303393,2025-10-21,Wrong Item,20477,Beauty
403641,345562,2025-09-10,Size Issue,20107,Electronics
403642,357676,2026-08-21,Late Delivery,20214,Fashion
403643,315074,2026-07-01,Damaged,20053,Electronics
403644,349772,2024-10-04,Quality Issue,20117,Electronics
403645,320865,2024-12-17,Size Issue,20581,Sports
403646,320260,2026-07-31,Quality Issue,20506,Sports
403647,336330,2026-04-18,Size Issue,20541,Sports
403648,354110,2026-08-13,Quality Issue,20480,Beauty
403649,340631,2026-01-11,Wrong Item,20417,Beauty
403650,319851,2026-03-01,Size Issue,20411,Beauty
403651,315239,2024-03-23,Size Issue,20422,Beauty
403652,328693,2024-07-22,Quality Issue,20175,Fashion
403653,320977,2024-05-31,Late Delivery,20118,Electronics
403654,309148,2026-01-20,Wrong Item,20410,Beauty
403655,301064,2024-08-18,Wrong Item,20387,Beauty
403656,346916,2025-06-30,Late Delivery,20578,Sports
403657,330570,2026-08-09,Damaged,20349,Home
403658,334219,2026-10-05,Damaged,20062,Electronics
403659,338333,2025-04-23,Quality Issue,20461,Beauty
403660,310448,2026-01-14,Wrong Item,20157,Fashion
403661,335669,2024-03-31,Quality Issue,20271,Home
403662,319811,2024-05-22,Quality Issue,20489,Sports
403663,310173,2025-07-25,Late Delivery,20358,Home
403664,359047,2024-09-25,Quality Issue,20454,Beauty
403665,319347,2025-01-22,Late Delivery,20464,Beauty
403666,300623,2024-12-15,Wrong Item,20461,Beauty
403667,321357,2024-09-28,Changed Mind,20558,Sports
403668,334695,2026-04-18,Changed Mind,20177,Fashion
403669,301823,2024-03-27,Late Delivery,20337,Home
403670,329514,2024-06-26,Wrong Item,20137,Fashion
403671,330034,2024-03-03,Size Issue,20522,Sports
403672,322569,2024-11-14,Changed Mind,20187,Fashion
403673,315663,2025-03-14,Size Issue,20569,Sports
403674,344011,2026-01-10,Wrong Item,20061,Electronics
403675,353855,2024-09-05,Damaged,20010,Electronics
403676,332090,2025-02-14,Changed Mind,20435,Beauty
403677,329041,2025-11-01,Damaged,20019,Electronics
403678,309736,2026-03-29,Damaged,20293,Home
403679,314029,2024-05-21,Late Delivery,20437,Beauty
403680,338973,2026-02-24,Damaged,20134,Fashion
403681,343189,2025-03-08,Size Issue,20560,Sports
403682,334842,2026-05-04,Late Delivery,20513,Sports
403683,324278,2026-01-08,Late Delivery,20558,Sports
403684,314842,2025-09-03,Changed Mind,20317,Home
403685,326568,2025-06-26,Late Delivery,20084,Electronics
403686,334176,2024-06-24,Size Issue,20416,Beauty
403687,313169,2025-05-18,Size Issue,20203,Fashion
403688,329662,2025-02-17,Wrong Item,20229,Fashion
403689,354361,2024-02-03,Damaged,20489,Sports
403690,329722,2025-11-26,Late Delivery,20102,Electronics
403691,359993,2024-07-19,Size Issue,20542,Sports
403692,304030,2026-08-23,Late Delivery,20347,Home
403693,302725,2026-09-01,Late Delivery,20327,Home
403694,347713,2026-08-17,Quality Issue,20218,Fashion
403695,357561,2026-01-17,Wrong Item,20084,Electronics
403696,326226,2024-02-22,Changed Mind,20288,Home
403697,303183,2025-05-29,Late Delivery,20268,Home
403698,300509,2026-03-18,Damaged,20045,Electronics
403699,336234,2025-12-03,Size Issue,20272,Home
403700,330395,2025-10-23,Size Issue,20349,Home
403701,352808,2025-12-06,Damaged,20232,Fashion
403702,329486,2024-12-25,Late Delivery,20237,Fashion
403703,306351,2026-05-08,Damaged,20338,Home
403704,341877,2025-06-01,Size Issue,20247,Home
403705,323046,2026-06-22,Wrong Item,20204,Fashion
403706,358582,2025-08-12,Changed Mind,20318,Home
403707,332464,2024-12-18,Damaged,20306,Home
403708,319475,2024-10-05,Quality Issue,20286,Home
403709,305697,2024-05-18,Changed Mind,20269,Home
403710,358712,2026-07-15,Size Issue,20132,Fashion
403711,315734,2026-06-26,Quality Issue,20019,Electronics
403712,353651,2024-08-22,Wrong Item,20550,Sports
403713,335575,2024-07-14,Quality Issue,20340,Home
403714,338401,2024-12-22,Wrong Item,20130,Fashion
403715,354058,2026-05-02,Quality Issue,20515,Sports
403716,307244,2026-06-08,Damaged,20455,Beauty
403717,310516,2024-03-17,Size Issue,20042,Electronics
403718,309123,2026-05-01,Quality Issue,20002,Electronics
403719,317604,2024-05-21,Size Issue,20405,Beauty
403720,347733,2025-10-10,Damaged,20275,Home
403721,354576,2025-10-27,Size Issue,20319,Home
403722,355123,2026-02-07,Size Issue,20394,Beauty
403723,343304,2025-09-21,Quality Issue,20339,Home
403724,341813,2026-06-20,Changed Mind,20212,Fashion
403725,322216,2025-08-23,Changed Mind,20141,Fashion
403726,301290,2026-07-14,Late Delivery,20370,Beauty
403727,354865,2026-07-16,Damaged,20297,Home
403728,344667,2024-10-27,Quality Issue,20476,Beauty
403729,312130,2024-11-01,Late Delivery,20028,Electronics
403730,343485,2025-10-24,Wrong Item,20432,Beauty
403731,322572,2025-05-09,Damaged,20310,Home
403732,358351,2025-07-10,Size Issue,20124,Fashion
403733,337299,2025-10-02,Quality Issue,20283,Home
403734,325844,2025-03-02,Size Issue,20140,Fashion
403735,347811,2024-12-26,Quality Issue,20454,Beauty
403736,350599,2025-09-16,Changed Mind,20582,Sports
403737,301829,2024-02-26,Damaged,20399,Beauty
403738,321884,2026-05-07,Damaged,20239,Fashion
403739,336557,2024-05-03,Wrong Item,20259,Home
403740,359669,2024-12-19,Size Issue,20473,Beauty
403741,342162,2025-09-14,Size Issue,20311,Home
403742,329279,2026-08-11,Wrong Item,20024,Electronics
403743,302146,2024-09-05,Quality Issue,20240,Fashion
403744,300093,2026-07-14,Wrong Item,20394,Beauty
403745,304472,2025-06-26,Changed Mind,20385,Beauty
403746,344605,2025-04-02,Damaged,20476,Beauty
403747,306724,2025-05-09,Damaged,20213,Fashion
403748,315628,2026-02-28,Wrong Item,20386,Beauty
403749,336479,2026-02-07,Size Issue,20506,Sports
403750,311310,2026-06-26,Damaged,20376,Beauty
403751,327091,2026-06-25,Quality Issue,20169,Fashion
403752,343641,2024-08-07,Damaged,20594,Sports
403753,338991,2026-07-07,Wrong Item,20094,Electronics
403754,305030,2026-07-04,Late Delivery,20293,Home
403755,348624,2024-06-10,Changed Mind,20326,Home
403756,327336,2024-03-21,Wrong Item,20045,Electronics
403757,356068,2024-03-10,Wrong Item,20218,Fashion
403758,337829,2024-02-05,Quality Issue,20590,Sports
403759,339544,2026-02-28,Wrong Item,20371,Beauty
403760,328785,2024-09-21,Damaged,20520,Sports
403761,305065,2026-08-31,Late Delivery,20293,Home
403762,347081,2025-07-20,Wrong Item,20573,Sports
403763,346324,2026-05-21,Quality Issue,20108,Electronics
403764,309213,2025-10-18,Late Delivery,20594,Sports
403765,301534,2026-06-19,Damaged,20595,Sports
403766,347492,2026-01-25,Size Issue,20123,Fashion
403767,321839,2025-03-07,Damaged,20450,Beauty
403768,318717,2024-09-11,Damaged,20146,Fashion
403769,352567,2025-05-26,Changed Mind,20335,Home
403770,337982,2025-03-15,Wrong Item,20055,Electronics
403771,328142,2026-08-23,Changed Mind,20098,Electronics
403772,355235,2025-01-28,Damaged,20042,Electronics
403773,306064,2024-10-08,Quality Issue,20534,Sports
403774,317208,2026-09-22,Wrong Item,20399,Beauty
403775,300049,2025-05-31,Late Delivery,20494,Sports
403776,354749,2025-08-22,Quality Issue,20332,Home
403777,325157,2026-03-11,Quality Issue,20336,Home
403778,351250,2024-09-20,Quality Issue,20383,Beauty
403779,342006,2026-06-08,Changed Mind,20243,Home
403780,355585,2026-08-15,Quality Issue,20204,Fashion
403781,317402,2026-04-26,Late Delivery,20385,Beauty
403782,355763,2025-09-15,Size Issue,20506,Sports
403783,300580,2024-06-19,Changed Mind,20112,Electronics
403784,314094,2024-10-24,Changed Mind,20191,Fashion
403785,321659,2025-09-28,Changed Mind,20576,Sports
403786,322093,2024-12-18,Wrong Item,20050,Electronics
403787,351836,2025-09-22,Size Issue,20039,Electronics
403788,312461,2026-01-25,Wrong Item,20314,Home
403789,305235,2025-12-19,Wrong Item,20246,Home
403790,318019,2025-01-26,Changed Mind,20173,Fashion
403791,303311,2024-11-06,Late Delivery,20065,Electronics
403792,320069,2025-02-28,Size Issue,20265,Home
403793,302027,2024-06-15,Wrong Item,20119,Electronics
403794,355027,2024-04-28,Damaged,20343,Home
403795,335110,2025-02-15,Size Issue,20599,Sports
403796,312005,2026-02-01,Changed Mind,20210,Fashion
403797,333575,2024-08-28,Late Delivery,20382,Beauty
403798,324816,2025-12-19,Late Delivery,20155,Fashion
403799,350917,2026-01-23,Damaged,20448,Beauty
403800,358234,2026-06-11,Wrong Item,20330,Home
403801,332436,2025-11-01,Late Delivery,20318,Home
403802,323946,2025-08-15,Damaged,20124,Fashion
403803,343078,2025-03-20,Size Issue,20212,Fashion
403804,327945,2024-06-09,Late Delivery,20049,Electronics
403805,328332,2026-10-05,Changed Mind,20245,Home
403806,313886,2026-04-09,Late Delivery,20320,Home
403807,312024,2025-07-01,Damaged,20431,Beauty
403808,310596,2024-03-14,Late Delivery,20428,Beauty
403809,346594,2026-06-04,Damaged,20404,Beauty
403810,339323,2024-08-04,Quality Issue,20208,Fashion
403811,319900,2024-05-10,Size Issue,20429,Beauty
403812,306499,2025-07-27,Quality Issue,20100,Electronics
403813,317399,2024-10-14,Changed Mind,20352,Home
403814,333645,2024-09-02,Changed Mind,20479,Beauty
403815,349540,2026-03-09,Wrong Item,20237,Fashion
403816,354063,2026-05-28,Size Issue,20210,Fashion
403817,326520,2024-08-12,Wrong Item,20421,Beauty
403818,308964,2025-06-26,Damaged,20590,Sports
403819,332309,2025-04-27,Wrong Item,20297,Home
403820,314689,2026-03-06,Changed Mind,20075,Electronics
403821,359350,2025-08-27,Changed Mind,20039,Electronics
403822,310618,2025-12-15,Changed Mind,20256,Home
403823,343421,2026-07-12,Changed Mind,20019,Electronics
403824,315636,2025-12-27,Damaged,20092,Electronics
403825,335412,2025-05-16,Quality Issue,20537,Sports
403826,321850,2026-06-21,Late Delivery,20122,Fashion
403827,324538,2025-10-27,Size Issue,20102,Electronics
403828,319723,2025-10-01,Late Delivery,20518,Sports
403829,344373,2025-05-27,Damaged,20532,Sports
403830,356193,2025-10-20,Late Delivery,20147,Fashion
403831,345807,2025-12-26,Wrong Item,20479,Beauty
403832,306399,2025-10-23,Size Issue,20095,Electronics
403833,340498,2024-04-17,Damaged,20460,Beauty
403834,316235,2026-06-17,Damaged,20554,Sports
403835,320266,2024-03-23,Wrong Item,20036,Electronics
403836,319548,2024-08-03,Quality Issue,20194,Fashion
403837,354695,2025-05-01,Wrong Item,20293,Home
403838,324937,2024-06-04,Damaged,20383,Beauty
403839,324600,2025-12-11,Damaged,20082,Electronics
403840,329812,2025-08-28,Quality Issue,20251,Home
403841,315214,2024-07-17,Late Delivery,20228,Fashion
403842,307130,2025-07-15,Wrong Item,20235,Fashion
403843,329643,2026-02-12,Late Delivery,20043,Electronics
403844,307571,2026-09-01,Quality Issue,20408,Beauty
403845,352514,2025-01-07,Wrong Item,20521,Sports
403846,357650,2026-04-11,Quality Issue,20293,Home
403847,341504,2025-07-04,Wrong Item,20247,Home
403848,344790,2024-06-08,Wrong Item,20572,Sports
403849,312221,2024-08-21,Size Issue,20095,Electronics
403850,345588,2024-05-30,Damaged,20213,Fashion
403851,319943,2026-04-12,Changed Mind,20035,Electronics
403852,353474,2025-11-07,Wrong Item,20152,Fashion
403853,308634,2024-11-05,Size Issue,20178,Fashion
403854,358408,2024-06-15,Changed Mind,20327,Home
403855,358775,2025-01-15,Damaged,20025,Electronics
403856,313024,2025-08-25,Late Delivery,20442,Beauty
403857,317261,2026-01-04,Changed Mind,20504,Sports
403858,314139,2025-01-06,Quality Issue,20346,Home
403859,319563,2025-02-10,Wrong Item,20172,Fashion
403860,336617,2026-06-22,Damaged,20012,Electronics
403861,326504,2025-07-20,Quality Issue,20519,Sports
403862,355847,2025-06-03,Late Delivery,20488,Sports
403863,346805,2024-08-14,Size Issue,20293,Home
403864,310630,2025-10-23,Wrong Item,20199,Fashion
403865,331857,2024-11-09,Wrong Item,20044,Electronics
403866,344071,2026-06-29,Changed Mind,20484,Sports
403867,343810,2024-07-09,Wrong Item,20222,Fashion
403868,343174,2025-10-17,Damaged,20312,Home
403869,316591,2026-01-31,Changed Mind,20249,Home
403870,341213,2025-09-17,Wrong Item,20055,Electronics
403871,336208,2026-07-13,Damaged,20288,Home
403872,356307,2024-03-11,Damaged,20052,Electronics
403873,331435,2026-02-19,Quality Issue,20373,Beauty
403874,354180,2026-05-04,Damaged,20177,Fashion
403875,347523,2026-05-04,Quality Issue,20551,Sports
403876,327959,2025-05-27,Size Issue,20508,Sports
403877,349568,2024-01-31,Wrong Item,20005,Electronics
403878,346473,2026-07-12,Damaged,20280,Home
403879,326436,2025-08-01,Quality Issue,20385,Beauty
403880,311983,2025-03-11,Changed Mind,20504,Sports
403881,320448,2025-04-11,Size Issue,20025,Electronics
403882,319372,2025-02-09,Damaged,20426,Beauty
403883,329338,2025-04-24,Changed Mind,20107,Electronics
403884,309550,2025-06-29,Damaged,20120,Electronics
403885,357708,2025-08-28,Quality Issue,20073,Electronics
403886,327766,2025-11-05,Quality Issue,20579,Sports
403887,348659,2026-02-08,Late Delivery,20233,Fashion
403888,358349,2026-03-06,Wrong Item,20009,Electronics
403889,342226,2024-04-29,Quality Issue,20217,Fashion
403890,354750,2025-09-10,Quality Issue,20216,Fashion
403891,327741,2025-08-30,Damaged,20085,Electronics
403892,315994,2025-01-15,Quality Issue,20181,Fashion
403893,356183,2025-07-05,Size Issue,20292,Home
403894,341019,2025-01-15,Size Issue,20515,Sports
403895,350194,2026-08-24,Quality Issue,20482,Sports
403896,345272,2025-05-19,Damaged,20441,Beauty
403897,348808,2025-06-04,Quality Issue,20349,Home
403898,309322,2025-09-14,Late Delivery,20005,Electronics
403899,343730,2025-05-06,Late Delivery,20048,Electronics
403900,306105,2025-01-06,Wrong Item,20275,Home
403901,347190,2025-08-28,Wrong Item,20202,Fashion
403902,306350,2026-09-02,Quality Issue,20187,Fashion
403903,357141,2026-09-15,Damaged,20268,Home
403904,328852,2024-09-01,Damaged,20132,Fashion
403905,341518,2025-06-15,Wrong Item,20163,Fashion
403906,355885,2025-08-02,Size Issue,20141,Fashion
403907,339777,2024-03-15,Late Delivery,20449,Beauty
403908,322736,2025-05-30,Wrong Item,20413,Beauty
403909,316543,2025-11-12,Changed Mind,20438,Beauty
403910,303762,2026-09-18,Size Issue,20433,Beauty
403911,306824,2024-12-21,Wrong Item,20292,Home
403912,330849,2026-06-02,Quality Issue,20070,Electronics
403913,345278,2026-08-14,Size Issue,20057,Electronics
403914,311403,2025-10-26,Quality Issue,20042,Electronics
403915,337774,2026-08-21,Wrong Item,20367,Beauty
403916,343084,2026-04-26,Damaged,20106,Electronics
403917,332020,2024-10-03,Wrong Item,20452,Beauty
403918,336093,2025-07-19,Damaged,20311,Home
403919,304763,2025-05-18,Quality Issue,20159,Fashion
403920,303391,2024-09-07,Quality Issue,20396,Beauty
403921,352080,2026-08-12,Wrong Item,20559,Sports
403922,312621,2024-03-21,Late Delivery,20223,Fashion
403923,352585,2024-05-03,Quality Issue,20451,Beauty
403924,355773,2025-05-12,Damaged,20326,Home
403925,345664,2025-08-30,Wrong Item,20283,Home
403926,311213,2024-01-26,Wrong Item,20413,Beauty
403927,349411,2026-07-10,Late Delivery,20162,Fashion
403928,331767,2025-12-09,Damaged,20399,Beauty
403929,341580,2026-07-08,Quality Issue,20497,Sports
403930,304325,2026-03-30,Changed Mind,20392,Beauty
403931,351327,2025-06-30,Late Delivery,20421,Beauty
403932,340432,2026-01-28,Wrong Item,20005,Electronics
403933,339417,2026-05-23,Changed Mind,20114,Electronics
403934,318216,2025-02-18,Size Issue,20312,Home
403935,356405,2025-09-17,Changed Mind,20171,Fashion
403936,327954,2025-06-11,Late Delivery,20431,Beauty
403937,355118,2026-04-28,Quality Issue,20266,Home
403938,348947,2025-08-13,Quality Issue,20544,Sports
403939,339019,2026-03-24,Changed Mind,20044,Electronics
403940,354384,2026-09-07,Size Issue,20262,Home
403941,359485,2025-10-30,Quality Issue,20178,Fashion
403942,346389,2026-04-18,Quality Issue,20406,Beauty
403943,356191,2026-06-11,Quality Issue,20332,Home
403944,329491,2024-04-12,Changed Mind,20250,Home
403945,316109,2025-04-04,Damaged,20386,Beauty
403946,328955,2026-02-13,Late Delivery,20198,Fashion
403947,300955,2026-01-15,Damaged,20119,Electronics
403948,323619,2025-11-18,Late Delivery,20431,Beauty
403949,305358,2024-03-12,Late Delivery,20056,Electronics
403950,348716,2024-04-08,Wrong Item,20230,Fashion
403951,305221,2025-02-06,Wrong Item,20195,Fashion
403952,359994,2026-03-02,Size Issue,20056,Electronics
403953,310727,2025-06-07,Damaged,20589,Sports
403954,343789,2024-04-22,Changed Mind,20273,Home
403955,341918,2024-01-28,Wrong Item,20531,Sports
403956,342891,2026-06-01,Size Issue,20485,Sports
403957,325132,2026-02-11,Size Issue,20159,Fashion
403958,302495,2025-02-23,Changed Mind,20323,Home
403959,300515,2026-01-31,Damaged,20049,Electronics
403960,307893,2025-03-05,Changed Mind,20332,Home
403961,356491,2024-08-02,Size Issue,20021,Electronics
403962,328912,2026-09-05,Quality Issue,20283,Home
403963,302269,2024-10-21,Quality Issue,20512,Sports
403964,307033,2024-09-16,Wrong Item,20292,Home
403965,349562,2026-06-10,Late Delivery,20553,Sports
403966,356482,2024-05-27,Wrong Item,20354,Home
403967,319288,2024-04-21,Changed Mind,20340,Home
403968,336563,2026-06-14,Damaged,20199,Fashion
403969,358835,2024-08-30,Changed Mind,20305,Home
403970,300759,2025-04-20,Quality Issue,20344,Home
403971,335168,2026-06-14,Changed Mind,20329,Home
403972,331319,2026-09-02,Quality Issue,20018,Electronics
403973,354500,2024-10-16,Quality Issue,20462,Beauty
403974,340953,2026-01-22,Late Delivery,20573,Sports
403975,355137,2026-07-01,Wrong Item,20343,Home
403976,305449,2025-09-01,Damaged,20319,Home
403977,333881,2026-09-01,Wrong Item,20380,Beauty
403978,322917,2026-05-04,Damaged,20053,Electronics
403979,356843,2024-09-09,Damaged,20220,Fashion
403980,353316,2024-10-19,Damaged,20055,Electronics
403981,335693,2026-05-20,Changed Mind,20497,Sports
403982,307716,2025-10-12,Late Delivery,20532,Sports
403983,310807,2025-12-16,Quality Issue,20037,Electronics
403984,315764,2024-07-10,Size Issue,20182,Fashion
403985,324442,2026-01-14,Wrong Item,20341,Home
403986,316210,2024-11-07,Quality Issue,20572,Sports
403987,335916,2025-05-30,Late Delivery,20162,Fashion
403988,322338,2026-07-17,Late Delivery,20508,Sports
403989,329569,2024-10-14,Size Issue,20312,Home
403990,338884,2026-09-12,Quality Issue,20165,Fashion
403991,348903,2026-06-19,Late Delivery,20058,Electronics
403992,323314,2025-10-03,Changed Mind,20326,Home
403993,358580,2025-06-26,Quality Issue,20499,Sports
403994,344837,2025-09-14,Quality Issue,20153,Fashion
403995,301783,2025-04-18,Wrong Item,20551,Sports
403996,340155,2024-09-17,Size Issue,20180,Fashion
403997,302657,2025-07-04,Quality Issue,20440,Beauty
403998,348269,2025-11-02,Quality Issue,20425,Beauty
403999,347360,2026-02-11,Quality Issue,20394,Beauty
404000,303470,2024-08-26,Quality Issue,20254,Home
404001,312394,2024-12-13,Wrong Item,20285,Home
404002,317060,2025-04-16,Wrong Item,20596,Sports
404003,350429,2025-08-09,Quality Issue,20289,Home
404004,304625,2026-08-20,Late Delivery,20005,Electronics
404005,302028,2024-11-10,Size Issue,20219,Fashion
404006,308034,2025-07-20,Late Delivery,20359,Home
404007,347028,2025-08-27,Changed Mind,20209,Fashion
404008,339094,2024-04-18,Late Delivery,20456,Beauty
404009,357599,2026-09-06,Late Delivery,20179,Fashion
404010,346841,2024-08-06,Damaged,20546,Sports
404011,345929,2026-09-13,Changed Mind,20006,Electronics
404012,304390,2025-05-21,Quality Issue,20244,Home
404013,302946,2026-05-05,Wrong Item,20115,Electronics
404014,319413,2025-07-08,Changed Mind,20114,Electronics
404015,345106,2026-09-03,Size Issue,20087,Electronics
404016,359327,2024-09-11,Size Issue,20596,Sports
404017,340558,2026-05-12,Late Delivery,20100,Electronics
404018,331548,2025-03-20,Quality Issue,20559,Sports
404019,344441,2026-06-13,Damaged,20010,Electronics
404020,323571,2024-02-09,Size Issue,20430,Beauty
404021,300484,2024-08-28,Late Delivery,20100,Electronics
404022,304103,2026-03-07,Size Issue,20254,Home
404023,301129,2025-04-21,Wrong Item,20388,Beauty
404024,310400,2025-10-06,Size Issue,20089,Electronics
404025,350775,2025-08-15,Size Issue,20450,Beauty
404026,301373,2025-01-03,Size Issue,20346,Home
404027,348318,2026-09-13,Late Delivery,20036,Electronics
404028,322223,2024-04-05,Late Delivery,20333,Home
404029,320535,2026-01-30,Damaged,20498,Sports
404030,356119,2026-09-21,Damaged,20299,Home
404031,337699,2024-07-01,Quality Issue,20131,Fashion
404032,330656,2026-08-01,Size Issue,20538,Sports
404033,309128,2024-04-30,Changed Mind,20317,Home
404034,321403,2026-02-02,Changed Mind,20403,Beauty
404035,338710,2026-08-15,Changed Mind,20224,Fashion
404036,321792,2025-06-02,Size Issue,20447,Beauty
404037,340121,2026-08-30,Quality Issue,20006,Electronics
404038,330775,2026-08-27,Late Delivery,20221,Fashion
404039,329415,2024-07-01,Damaged,20255,Home
404040,355586,2026-05-26,Quality Issue,20222,Fashion
404041,333087,2025-11-01,Changed Mind,20137,Fashion
404042,309473,2024-04-10,Changed Mind,20092,Electronics
404043,327790,2026-05-02,Wrong Item,20287,Home
404044,337863,2025-10-28,Damaged,20537,Sports
404045,331220,2024-06-10,Late Delivery,20283,Home
404046,310018,2025-11-15,Quality Issue,20105,Electronics
404047,340565,2026-06-15,Quality Issue,20134,Fashion
404048,325757,2024-08-27,Damaged,20248,Home
404049,327062,2024-10-08,Wrong Item,20175,Fashion
404050,320895,2024-10-04,Size Issue,20579,Sports
404051,341371,2026-09-07,Wrong Item,20483,Sports
404052,353931,2026-05-17,Size Issue,20359,Home
404053,344567,2025-10-15,Damaged,20545,Sports
404054,307283,2026-04-17,Wrong Item,20047,Electronics
404055,342307,2024-09-07,Quality Issue,20068,Electronics
404056,331518,2025-10-11,Size Issue,20032,Electronics
404057,307513,2026-01-08,Quality Issue,20008,Electronics
404058,303170,2026-05-15,Size Issue,20138,Fashion
404059,308240,2025-03-26,Size Issue,20583,Sports
404060,304516,2026-02-24,Damaged,20226,Fashion
404061,314396,2025-12-12,Size Issue,20316,Home
404062,338239,2024-11-03,Size Issue,20468,Beauty
404063,327239,2026-05-03,Quality Issue,20539,Sports
404064,315774,2024-07-31,Late Delivery,20182,Fashion
404065,324232,2025-10-12,Size Issue,20368,Beauty
404066,306275,2026-06-27,Late Delivery,20111,Electronics
404067,351265,2025-04-26,Quality Issue,20145,Fashion
404068,327279,2026-05-30,Changed Mind,20575,Sports
404069,342157,2025-08-18,Changed Mind,20268,Home
404070,345200,2024-02-16,Damaged,20059,Electronics
404071,332496,2026-01-11,Wrong Item,20562,Sports
404072,321416,2025-02-01,Late Delivery,20552,Sports
404073,319228,2026-05-27,Late Delivery,20133,Fashion
404074,358844,2024-08-14,Wrong Item,20500,Sports
404075,326370,2025-05-20,Late Delivery,20062,Electronics
404076,300810,2025-09-30,Quality Issue,20327,Home
404077,315387,2024-07-11,Damaged,20164,Fashion
404078,339156,2024-12-18,Size Issue,20569,Sports
404079,324414,2024-05-26,Damaged,20599,Sports
404080,324479,2026-06-20,Size Issue,20254,Home
404081,325049,2026-08-03,Changed Mind,20284,Home
404082,307943,2025-11-11,Wrong Item,20568,Sports
404083,334988,2024-04-16,Wrong Item,20332,Home
404084,310755,2026-03-25,Quality Issue,20436,Beauty
404085,357082,2025-10-10,Changed Mind,20201,Fashion
404086,338233,2025-07-17,Wrong Item,20102,Electronics
404087,344549,2024-09-12,Wrong Item,20327,Home
404088,328594,2024-12-27,Size Issue,20119,Electronics
404089,301265,2025-10-20,Quality Issue,20570,Sports
404090,321720,2025-06-26,Damaged,20239,Fashion
404091,348926,2024-11-18,Late Delivery,20453,Beauty
404092,317726,2024-12-23,Size Issue,20361,Beauty
404093,303347,2026-08-30,Damaged,20055,Electronics
404094,325484,2025-12-09,Wrong Item,20332,Home
404095,350226,2024-09-16,Size Issue,20341,Home
404096,305599,2024-11-15,Damaged,20364,Beauty
404097,340341,2025-09-05,Wrong Item,20504,Sports
404098,323084,2026-04-14,Damaged,20344,Home
404099,305592,2024-04-25,Damaged,20167,Fashion
404100,332957,2024-04-26,Late Delivery,20186,Fashion
404101,345596,2025-02-27,Wrong Item,20310,Home
404102,324897,2025-04-20,Damaged,20176,Fashion
404103,315236,2025-07-11,Late Delivery,20448,Beauty
404104,317383,2024-04-07,Quality Issue,20218,Fashion
404105,305666,2026-01-20,Quality Issue,20127,Fashion
404106,333443,2024-06-05,Size Issue,20401,Beauty
404107,337112,2025-03-08,Size Issue,20511,Sports
404108,329197,2026-01-27,Size Issue,20182,Fashion
404109,348241,2026-03-09,Wrong Item,20064,Electronics
404110,352763,2026-08-07,Size Issue,20403,Beauty
404111,333160,2024-10-19,Late Delivery,20036,Electronics
404112,349760,2024-03-09,Size Issue,20258,Home
404113,349045,2025-02-19,Quality Issue,20110,Electronics
404114,354731,2024-08-30,Changed Mind,20145,Fashion
404115,300107,2025-10-15,Changed Mind,20527,Sports
404116,312598,2025-09-05,Changed Mind,20586,Sports
404117,351750,2025-05-27,Damaged,20199,Fashion
404118,320956,2025-05-20,Damaged,20213,Fashion
404119,333685,2025-11-08,Damaged,20564,Sports
404120,302370,2024-05-27,Wrong Item,20554,Sports
404121,327664,2025-09-23,Damaged,20183,Fashion
404122,333077,2025-09-27,Quality Issue,20569,Sports
404123,328237,2025-03-25,Wrong Item,20550,Sports
404124,303406,2025-09-09,Late Delivery,20580,Sports
404125,317989,2026-02-16,Quality Issue,20250,Home
404126,322583,2024-12-08,Changed Mind,20201,Fashion
404127,318841,2026-02-28,Size Issue,20472,Beauty
404128,314555,2026-03-15,Quality Issue,20194,Fashion
404129,340841,2025-07-22,Wrong Item,20110,Electronics
404130,328754,2026-06-14,Late Delivery,20148,Fashion
404131,357751,2024-01-26,Changed Mind,20029,Electronics
404132,319662,2024-08-30,Size Issue,20038,Electronics
404133,320023,2025-02-24,Damaged,20405,Beauty
404134,356178,2024-09-12,Size Issue,20237,Fashion
404135,346174,2026-02-06,Changed Mind,20449,Beauty
404136,303970,2025-11-06,Wrong Item,20558,Sports
404137,328200,2026-05-02,Damaged,20068,Electronics
404138,327560,2025-01-03,Changed Mind,20009,Electronics
404139,309304,2026-04-03,Changed Mind,20412,Beauty
404140,352490,2026-08-26,Late Delivery,20078,Electronics
404141,356564,2025-02-05,Changed Mind,20226,Fashion
404142,346410,2024-05-01,Changed Mind,20139,Fashion
404143,355433,2024-05-25,Wrong Item,20122,Fashion
404144,308740,2025-05-28,Damaged,20228,Fashion
404145,351696,2025-10-14,Damaged,20208,Fashion
404146,315970,2024-04-26,Late Delivery,20504,Sports
404147,331366,2024-06-07,Size Issue,20187,Fashion
404148,328348,2025-04-21,Quality Issue,20095,Electronics
404149,359891,2024-08-01,Quality Issue,20054,Electronics
404150,343295,2024-10-30,Damaged,20378,Beauty
404151,352934,2024-08-12,Late Delivery,20341,Home
404152,310059,2025-04-12,Wrong Item,20281,Home
404153,342106,2026-09-19,Wrong Item,20096,Electronics
404154,301292,2024-09-23,Wrong Item,20559,Sports
404155,331736,2024-04-15,Late Delivery,20523,Sports
404156,310814,2026-04-06,Damaged,20293,Home
404157,352075,2025-12-25,Damaged,20374,Beauty
404158,351441,2024-12-31,Size Issue,20548,Sports
404159,340067,2024-02-05,Wrong Item,20501,Sports
404160,351014,2025-05-01,Changed Mind,20523,Sports
404161,304865,2024-06-27,Damaged,20409,Beauty
404162,353002,2025-01-21,Damaged,20247,Home
404163,330716,2024-05-05,Size Issue,20559,Sports
404164,321352,2024-10-16,Quality Issue,20260,Home
404165,334586,2026-08-09,Late Delivery,20086,Electronics
404166,355167,2026-07-10,Quality Issue,20065,Electronics
404167,349556,2025-12-16,Damaged,20537,Sports
404168,345229,2024-09-20,Wrong Item,20302,Home
404169,308291,2024-11-29,Quality Issue,20194,Fashion
404170,336115,2025-01-03,Wrong Item,20503,Sports
404171,306186,2025-04-11,Size Issue,20395,Beauty
404172,347393,2025-01-10,Late Delivery,20423,Beauty
404173,344819,2026-06-27,Wrong Item,20195,Fashion
404174,311930,2025-08-25,Changed Mind,20181,Fashion
404175,305821,2025-07-16,Changed Mind,20352,Home
404176,340580,2026-03-27,Late Delivery,20401,Beauty
404177,312464,2025-12-02,Changed Mind,20104,Electronics
404178,325775,2025-12-02,Late Delivery,20309,Home
404179,318866,2024-12-28,Quality Issue,20193,Fashion
404180,354150,2024-09-07,Damaged,20383,Beauty
404181,332006,2025-07-07,Damaged,20378,Beauty
404182,302738,2026-01-04,Size Issue,20149,Fashion
404183,305516,2025-08-25,Damaged,20499,Sports
404184,322912,2025-06-13,Quality Issue,20076,Electronics
404185,311992,2025-02-20,Damaged,20470,Beauty
404186,353970,2025-05-22,Wrong Item,20483,Sports
404187,347161,2025-09-28,Late Delivery,20217,Fashion
404188,309088,2025-07-20,Late Delivery,20459,Beauty
404189,309293,2026-05-25,Damaged,20396,Beauty
404190,307666,2025-10-07,Quality Issue,20463,Beauty
404191,314262,2026-01-07,Wrong Item,20179,Fashion
404192,302144,2024-07-09,Wrong Item,20495,Sports
404193,315619,2026-02-06,Wrong Item,20070,Electronics
404194,337835,2026-06-14,Size Issue,20075,Electronics
404195,354886,2026-05-18,Quality Issue,20356,Home
404196,302191,2024-11-26,Wrong Item,20459,Beauty
404197,351501,2026-01-09,Damaged,20335,Home
404198,339953,2025-07-20,Quality Issue,20522,Sports
404199,321419,2026-01-09,Wrong Item,20491,Sports
404200,356297,2025-06-18,Late Delivery,20528,Sports
404201,344329,2026-05-19,Quality Issue,20461,Beauty
404202,334459,2025-02-03,Late Delivery,20267,Home
404203,307764,2026-01-15,Size Issue,20489,Sports
404204,340746,2026-08-26,Late Delivery,20090,Electronics
404205,318687,2025-04-19,Size Issue,20588,Sports
404206,357384,2025-05-24,Wrong Item,20440,Beauty
404207,312840,2025-07-04,Damaged,20009,Electronics
404208,323824,2024-11-01,Quality Issue,20421,Beauty
404209,324679,2024-03-24,Wrong Item,20154,Fashion
404210,317689,2025-09-03,Damaged,20589,Sports
404211,324639,2024-09-01,Wrong Item,20537,Sports
404212,352442,2024-09-05,Size Issue,20060,Electronics
404213,303303,2024-09-19,Wrong Item,20284,Home
404214,325041,2026-09-14,Size Issue,20224,Fashion
404215,347170,2026-04-18,Size Issue,20049,Electronics
404216,327887,2024-11-27,Damaged,20125,Fashion
404217,354147,2025-12-19,Quality Issue,20244,Home
404218,348746,2024-05-10,Damaged,20347,Home
404219,342976,2025-12-21,Late Delivery,20505,Sports
404220,335885,2026-01-13,Damaged,20421,Beauty
404221,323754,2025-04-08,Wrong Item,20407,Beauty
404222,304061,2026-05-12,Late Delivery,20183,Fashion
404223,301588,2026-01-25,Wrong Item,20077,Electronics
404224,353699,2024-06-12,Changed Mind,20413,Beauty
404225,339249,2026-03-03,Damaged,20391,Beauty
404226,340225,2024-10-26,Changed Mind,20364,Beauty
404227,311235,2024-07-12,Wrong Item,20336,Home
404228,327908,2026-08-10,Damaged,20467,Beauty
404229,354567,2025-04-02,Size Issue,20553,Sports
404230,338331,2025-11-28,Wrong Item,20107,Electronics
404231,345226,2026-02-25,Quality Issue,20221,Fashion
404232,306175,2025-01-17,Changed Mind,20137,Fashion
404233,303375,2024-06-05,Wrong Item,20381,Beauty
404234,310746,2025-11-02,Size Issue,20154,Fashion
404235,322906,2024-08-18,Quality Issue,20414,Beauty
404236,312142,2025-07-12,Size Issue,20075,Electronics
404237,314464,2026-05-09,Wrong Item,20082,Electronics
404238,306159,2026-09-10,Size Issue,20362,Beauty
404239,309335,2024-10-25,Quality Issue,20124,Fashion
404240,325299,2026-05-21,Size Issue,20063,Electronics
404241,308273,2025-03-26,Quality Issue,20007,Electronics
404242,347907,2025-07-11,Changed Mind,20037,Electronics
404243,351185,2024-07-25,Damaged,20019,Electronics
404244,329239,2025-11-07,Changed Mind,20572,Sports
404245,307065,2025-07-01,Late Delivery,20386,Beauty
404246,354405,2024-05-07,Late Delivery,20377,Beauty
404247,349892,2026-07-11,Quality Issue,20357,Home
404248,328440,2026-05-08,Changed Mind,20120,Electronics
404249,323428,2026-05-05,Late Delivery,20586,Sports
404250,356856,2025-12-04,Damaged,20372,Beauty
404251,345902,2024-05-09,Changed Mind,20268,Home
404252,344479,2026-08-02,Size Issue,20459,Beauty
404253,347481,2024-08-06,Damaged,20272,Home
404254,318118,2025-02-23,Late Delivery,20332,Home
404255,316927,2026-06-11,Changed Mind,20400,Beauty
404256,317303,2025-07-20,Quality Issue,20592,Sports
404257,352527,2024-06-25,Wrong Item,20443,Beauty
404258,307188,2024-11-03,Size Issue,20292,Home
404259,355844,2026-08-25,Late Delivery,20565,Sports
404260,336487,2024-12-12,Size Issue,20550,Sports
404261,306294,2026-07-24,Quality Issue,20550,Sports
404262,303734,2026-03-31,Quality Issue,20483,Sports
404263,354364,2026-03-11,Damaged,20028,Electronics
404264,300290,2024-04-01,Quality Issue,20162,Fashion
404265,321096,2026-04-26,Quality Issue,20351,Home
404266,345537,2025-08-13,Changed Mind,20239,Fashion
404267,319490,2024-07-12,Damaged,20347,Home
404268,338209,2026-07-25,Late Delivery,20316,Home
404269,321469,2025-05-28,Changed Mind,20096,Electronics
404270,304374,2025-05-30,Size Issue,20578,Sports
404271,333916,2025-11-24,Wrong Item,20273,Home
404272,305704,2025-06-15,Size Issue,20366,Beauty
404273,350154,2024-11-29,Wrong Item,20223,Fashion
404274,310813,2026-03-18,Late Delivery,20092,Electronics
404275,307423,2025-04-21,Late Delivery,20276,Home
404276,325024,2024-12-12,Changed Mind,20174,Fashion
404277,324573,2026-03-08,Quality Issue,20256,Home
404278,304042,2026-09-23,Size Issue,20586,Sports
404279,313121,2025-03-05,Damaged,20541,Sports
404280,311133,2025-11-13,Size Issue,20223,Fashion
404281,352905,2025-02-14,Wrong Item,20168,Fashion
404282,356363,2026-07-18,Late Delivery,20493,Sports
404283,314143,2025-11-06,Quality Issue,20369,Beauty
404284,341902,2026-02-24,Late Delivery,20317,Home
404285,355418,2025-07-07,Damaged,20408,Beauty
404286,332209,2026-01-14,Changed Mind,20295,Home
404287,332576,2026-09-02,Changed Mind,20273,Home
404288,357907,2026-07-09,Damaged,20037,Electronics
404289,342029,2025-04-06,Wrong Item,20040,Electronics
404290,300332,2025-04-17,Damaged,20169,Fashion
404291,340360,2026-07-24,Changed Mind,20373,Beauty
404292,350355,2025-12-12,Late Delivery,20366,Beauty
404293,310903,2024-10-15,Size Issue,20102,Electronics
404294,321566,2025-10-10,Wrong Item,20086,Electronics
404295,305179,2026-05-08,Damaged,20522,Sports
404296,324247,2024-12-22,Late Delivery,20089,Electronics
404297,357369,2026-07-13,Wrong Item,20064,Electronics
404298,307885,2024-11-09,Changed Mind,20140,Fashion
404299,347113,2025-07-29,Wrong Item,20491,Sports
404300,303151,2026-04-19,Changed Mind,20198,Fashion
404301,345633,2024-06-14,Quality Issue,20329,Home
404302,334314,2024-05-15,Late Delivery,20201,Fashion
404303,301085,2026-01-10,Late Delivery,20567,Sports
404304,301368,2024-07-10,Damaged,20570,Sports
404305,325774,2025-03-24,Size Issue,20230,Fashion
404306,319133,2026-05-15,Size Issue,20275,Home
404307,316377,2025-05-04,Size Issue,20365,Beauty
404308,323616,2024-03-25,Size Issue,20071,Electronics
404309,334174,2025-02-12,Changed Mind,20449,Beauty
404310,316816,2024-10-04,Damaged,20559,Sports
404311,309467,2026-05-28,Wrong Item,20258,Home
404312,322793,2025-01-02,Wrong Item,20569,Sports
404313,314855,2024-02-04,Damaged,20549,Sports
404314,308119,2026-03-03,Damaged,20558,Sports
404315,342810,2025-08-07,Wrong Item,20556,Sports
404316,334789,2025-06-24,Wrong Item,20407,Beauty
404317,347054,2025-09-12,Quality Issue,20329,Home
404318,334451,2026-02-21,Wrong Item,20255,Home
404319,302291,2026-05-19,Changed Mind,20293,Home
404320,357185,2025-03-06,Changed Mind,20009,Electronics
404321,349843,2026-08-16,Damaged,20115,Electronics
404322,302285,2024-03-05,Size Issue,20315,Home
404323,350921,2025-06-05,Size Issue,20166,Fashion
404324,319470,2026-03-27,Wrong Item,20195,Fashion
404325,321007,2025-07-14,Changed Mind,20140,Fashion
404326,340988,2024-03-01,Size Issue,20031,Electronics
404327,334076,2024-12-19,Late Delivery,20202,Fashion
404328,333582,2026-03-15,Wrong Item,20232,Fashion
404329,303523,2026-04-12,Late Delivery,20159,Fashion
404330,308354,2024-08-17,Changed Mind,20212,Fashion
404331,315439,2026-03-18,Late Delivery,20064,Electronics
404332,359561,2024-08-04,Changed Mind,20041,Electronics
404333,308626,2026-08-15,Late Delivery,20139,Fashion
404334,313225,2024-04-23,Quality Issue,20543,Sports
404335,314437,2026-05-14,Late Delivery,20291,Home
404336,327088,2024-10-31,Wrong Item,20075,Electronics
404337,300578,2025-04-19,Late Delivery,20295,Home
404338,314381,2024-06-01,Size Issue,20477,Beauty
404339,305887,2025-12-30,Changed Mind,20185,Fashion
404340,338820,2026-07-17,Size Issue,20500,Sports
404341,355624,2024-12-31,Size Issue,20353,Home
404342,315344,2024-03-31,Damaged,20437,Beauty
404343,353192,2026-03-29,Changed Mind,20300,Home
404344,326683,2025-03-20,Wrong Item,20215,Fashion
404345,316429,2024-08-20,Damaged,20175,Fashion
404346,355494,2026-01-20,Quality Issue,20302,Home
404347,310625,2026-01-13,Damaged,20048,Electronics
404348,312410,2025-11-26,Size Issue,20416,Beauty
404349,344492,2025-03-19,Changed Mind,20378,Beauty
404350,308505,2024-10-02,Size Issue,20003,Electronics
404351,309577,2026-04-16,Size Issue,20108,Electronics
404352,331781,2024-04-15,Quality Issue,20447,Beauty
404353,355771,2025-04-21,Damaged,20431,Beauty
404354,318739,2025-05-21,Wrong Item,20349,Home
404355,315763,2024-05-31,Size Issue,20390,Beauty
404356,359378,2026-02-27,Quality Issue,20509,Sports
404357,300299,2025-12-30,Quality Issue,20100,Electronics
404358,322322,2025-11-13,Damaged,20324,Home
404359,319149,2024-12-19,Wrong Item,20118,Electronics
404360,300507,2025-04-26,Damaged,20524,Sports
404361,332435,2026-03-28,Late Delivery,20218,Fashion
404362,321993,2024-11-24,Quality Issue,20366,Beauty
404363,342807,2025-01-20,Changed Mind,20049,Electronics
404364,333649,2025-07-15,Size Issue,20281,Home
404365,343825,2026-01-03,Size Issue,20252,Home
404366,359144,2026-03-29,Wrong Item,20583,Sports
404367,324222,2026-05-27,Quality Issue,20593,Sports
404368,320207,2025-05-16,Late Delivery,20160,Fashion
404369,353489,2026-07-28,Size Issue,20205,Fashion
404370,321406,2024-10-20,Damaged,20351,Home
404371,352852,2025-08-27,Changed Mind,20315,Home
404372,355967,2024-03-21,Changed Mind,20304,Home
404373,347517,2025-08-17,Damaged,20384,Beauty
404374,329622,2025-11-20,Quality Issue,20368,Beauty
404375,313269,2024-04-10,Size Issue,20467,Beauty
404376,338441,2026-02-09,Wrong Item,20416,Beauty
404377,328697,2024-03-04,Quality Issue,20286,Home
404378,351216,2025-06-28,Quality Issue,20033,Electronics
404379,325542,2026-06-26,Late Delivery,20150,Fashion
404380,351316,2024-08-03,Wrong Item,20093,Electronics
404381,308610,2024-02-27,Changed Mind,20135,Fashion
404382,339682,2025-03-01,Wrong Item,20292,Home
404383,331943,2024-09-26,Quality Issue,20469,Beauty
404384,321242,2026-07-24,Size Issue,20366,Beauty
404385,350371,2024-06-25,Damaged,20044,Electronics
404386,356355,2026-02-08,Changed Mind,20498,Sports
404387,352850,2025-10-09,Damaged,20348,Home
404388,331519,2025-05-25,Changed Mind,20002,Electronics
404389,359029,2025-09-28,Quality Issue,20188,Fashion
404390,353849,2024-10-19,Wrong Item,20170,Fashion
404391,326182,2024-03-28,Late Delivery,20071,Electronics
404392,341076,2025-05-28,Late Delivery,20384,Beauty
404393,305566,2025-03-28,Quality Issue,20073,Electronics
404394,330528,2026-09-19,Wrong Item,20116,Electronics
404395,306018,2025-12-27,Size Issue,20141,Fashion
404396,349730,2026-04-18,Quality Issue,20578,Sports
404397,329967,2024-05-23,Damaged,20055,Electronics
404398,358722,2024-12-16,Size Issue,20069,Electronics
404399,354376,2026-05-06,Changed Mind,20581,Sports
404400,339808,2025-02-13,Wrong Item,20030,Electronics
404401,351013,2025-10-06,Size Issue,20346,Home
404402,341642,2024-02-11,Changed Mind,20397,Beauty
404403,359962,2025-02-07,Damaged,20045,Electronics
404404,340810,2025-04-17,Quality Issue,20089,Electronics
404405,345942,2024-12-06,Quality Issue,20221,Fashion
404406,304337,2026-06-19,Size Issue,20018,Electronics
404407,318390,2025-03-20,Size Issue,20538,Sports
404408,356710,2024-08-19,Damaged,20572,Sports
404409,333931,2025-05-25,Quality Issue,20505,Sports
404410,320142,2026-06-02,Size Issue,20459,Beauty
404411,306581,2024-07-10,Damaged,20421,Beauty
404412,324043,2025-12-24,Wrong Item,20314,Home
404413,314382,2025-04-04,Damaged,20175,Fashion
404414,318452,2024-12-19,Quality Issue,20001,Electronics
404415,341054,2024-10-14,Late Delivery,20461,Beauty
404416,324841,2026-06-10,Changed Mind,20278,Home
404417,311191,2024-12-09,Wrong Item,20187,Fashion
404418,355788,2026-05-16,Size Issue,20404,Beauty
404419,334537,2026-03-01,Changed Mind,20408,Beauty
404420,309051,2024-09-30,Quality Issue,20401,Beauty
404421,321815,2025-12-27,Quality Issue,20481,Sports
404422,315692,2025-12-10,Late Delivery,20470,Beauty
404423,342324,2025-05-27,Quality Issue,20455,Beauty
404424,347979,2026-05-29,Changed Mind,20361,Beauty
404425,324229,2025-08-30,Wrong Item,20010,Electronics
404426,335578,2026-03-28,Late Delivery,20547,Sports
404427,309911,2024-08-07,Changed Mind,20488,Sports
404428,306404,2024-04-25,Late Delivery,20496,Sports
404429,320041,2024-07-16,Wrong Item,20194,Fashion
404430,337119,2025-04-14,Size Issue,20460,Beauty
404431,345016,2025-08-08,Late Delivery,20415,Beauty
404432,308737,2024-08-15,Damaged,20401,Beauty
404433,344971,2026-03-02,Quality Issue,20391,Beauty
404434,336677,2025-11-27,Damaged,20017,Electronics
404435,353593,2025-05-15,Size Issue,20318,Home
404436,341457,2026-09-28,Wrong Item,20555,Sports
404437,324623,2026-06-10,Quality Issue,20301,Home
404438,317620,2024-05-05,Wrong Item,20553,Sports
404439,310399,2025-12-22,Damaged,20185,Fashion
404440,327206,2025-01-13,Changed Mind,20247,Home
404441,351406,2026-09-28,Late Delivery,20545,Sports
404442,346555,2025-12-11,Changed Mind,20117,Electronics
404443,345370,2025-08-18,Late Delivery,20088,Electronics
404444,318639,2024-12-25,Late Delivery,20352,Home
404445,304004,2026-08-05,Size Issue,20013,Electronics
404446,354396,2024-04-04,Wrong Item,20394,Beauty
404447,340993,2024-12-05,Late Delivery,20056,Electronics
404448,326929,2026-07-09,Quality Issue,20281,Home
404449,340416,2025-02-16,Size Issue,20006,Electronics
404450,335942,2025-10-24,Damaged,20015,Electronics
404451,354341,2026-03-12,Damaged,20050,Electronics
404452,354723,2025-08-27,Damaged,20399,Beauty
404453,343639,2025-10-07,Damaged,20498,Sports
404454,346914,2026-09-25,Quality Issue,20201,Fashion
404455,331395,2024-07-27,Size Issue,20530,Sports
404456,306234,2025-05-06,Damaged,20276,Home
404457,319439,2024-10-16,Wrong Item,20127,Fashion
404458,331039,2026-06-08,Quality Issue,20016,Electronics
404459,308050,2026-07-15,Wrong Item,20097,Electronics
404460,326178,2026-01-20,Damaged,20016,Electronics
404461,352515,2026-08-07,Damaged,20518,Sports
404462,330881,2024-10-30,Changed Mind,20501,Sports
404463,325113,2026-08-17,Size Issue,20287,Home
404464,310193,2024-12-05,Wrong Item,20465,Beauty
404465,306962,2025-06-30,Damaged,20116,Electronics
404466,345638,2024-08-07,Damaged,20395,Beauty
404467,335999,2025-02-24,Quality Issue,20291,Home
404468,302212,2024-04-30,Size Issue,20419,Beauty
404469,300250,2024-03-26,Wrong Item,20287,Home
404470,357462,2025-08-04,Changed Mind,20529,Sports
404471,332328,2024-05-04,Damaged,20247,Home
404472,314505,2026-03-14,Quality Issue,20266,Home
404473,300262,2026-04-03,Size Issue,20396,Beauty
404474,306903,2024-11-13,Quality Issue,20508,Sports
404475,343097,2025-10-13,Size Issue,20033,Electronics
404476,327228,2025-05-11,Size Issue,20594,Sports
404477,349039,2026-03-10,Quality Issue,20191,Fashion
404478,310606,2025-02-16,Size Issue,20577,Sports
404479,304136,2024-12-08,Damaged,20255,Home
404480,323021,2024-11-04,Wrong Item,20366,Beauty
404481,342735,2025-03-20,Late Delivery,20295,Home
404482,315915,2024-02-21,Wrong Item,20511,Sports
404483,323134,2025-11-05,Damaged,20561,Sports
404484,300427,2026-01-22,Late Delivery,20165,Fashion
404485,342256,2025-05-29,Changed Mind,20210,Fashion
404486,315420,2024-07-10,Wrong Item,20508,Sports
404487,354939,2025-09-26,Quality Issue,20561,Sports
404488,322100,2026-06-19,Wrong Item,20051,Electronics
404489,345238,2024-04-18,Late Delivery,20330,Home
404490,316836,2026-06-04,Size Issue,20464,Beauty
404491,309391,2025-08-23,Damaged,20005,Electronics
404492,333007,2025-08-01,Quality Issue,20495,Sports
404493,344684,2024-02-09,Quality Issue,20187,Fashion
404494,308368,2025-07-18,Changed Mind,20514,Sports
404495,303653,2026-01-20,Size Issue,20085,Electronics
404496,325297,2025-07-28,Quality Issue,20597,Sports
404497,324547,2025-04-05,Changed Mind,20500,Sports
404498,345983,2024-09-14,Wrong Item,20393,Beauty
404499,314942,2025-11-24,Changed Mind,20189,Fashion
404500,310825,2024-02-15,Quality Issue,20494,Sports
404501,357509,2025-03-10,Size Issue,20212,Fashion
404502,301723,2025-03-22,Changed Mind,20079,Electronics
404503,346114,2024-10-10,Quality Issue,20304,Home
404504,337563,2026-09-10,Damaged,20147,Fashion
404505,342185,2026-05-09,Late Delivery,20088,Electronics
404506,302666,2024-01-28,Size Issue,20407,Beauty
404507,323495,2026-05-10,Wrong Item,20109,Electronics
404508,340895,2026-07-30,Wrong Item,20043,Electronics
404509,341456,2024-08-02,Changed Mind,20323,Home
404510,331863,2025-09-15,Damaged,20151,Fashion
404511,305652,2024-03-09,Size Issue,20079,Electronics
404512,343344,2025-03-27,Damaged,20206,Fashion
404513,328435,2026-07-22,Wrong Item,20156,Fashion
404514,340663,2026-09-20,Size Issue,20409,Beauty
404515,317625,2026-08-12,Changed Mind,20101,Electronics
404516,320748,2024-06-05,Late Delivery,20379,Beauty
404517,305645,2025-02-15,Size Issue,20405,Beauty
404518,317912,2026-04-05,Size Issue,20557,Sports
404519,318883,2024-11-07,Wrong Item,20222,Fashion
404520,339242,2026-08-23,Damaged,20029,Electronics
404521,326805,2026-01-03,Quality Issue,20397,Beauty
404522,327310,2024-06-14,Wrong Item,20289,Home
404523,303740,2025-04-24,Damaged,20449,Beauty
404524,350736,2025-12-21,Changed Mind,20205,Fashion
404525,351652,2024-02-25,Late Delivery,20508,Sports
404526,342833,2026-02-06,Damaged,20550,Sports
404527,316059,2024-04-24,Quality Issue,20433,Beauty
404528,352947,2025-04-23,Late Delivery,20044,Electronics
404529,357976,2025-04-11,Quality Issue,20230,Fashion
404530,355947,2026-03-09,Size Issue,20078,Electronics
404531,314484,2026-09-21,Size Issue,20135,Fashion
404532,304340,2026-06-16,Wrong Item,20435,Beauty
404533,331486,2025-09-04,Size Issue,20384,Beauty
404534,359613,2025-12-14,Damaged,20547,Sports
404535,355402,2026-07-16,Quality Issue,20464,Beauty
404536,302583,2025-06-13,Damaged,20518,Sports
404537,334321,2026-03-19,Quality Issue,20581,Sports
404538,305210,2026-06-28,Damaged,20256,Home
404539,338935,2024-12-07,Damaged,20543,Sports
404540,321512,2025-12-26,Damaged,20097,Electronics
404541,349912,2025-07-08,Late Delivery,20120,Electronics
404542,355215,2026-09-28,Changed Mind,20253,Home
404543,337110,2024-01-16,Quality Issue,20508,Sports
404544,300275,2024-04-15,Changed Mind,20519,Sports
404545,309743,2026-01-30,Quality Issue,20281,Home
404546,355499,2026-02-04,Quality Issue,20075,Electronics
404547,304789,2024-09-21,Wrong Item,20274,Home
404548,348108,2025-11-25,Damaged,20016,Electronics
404549,354538,2024-05-14,Damaged,20409,Beauty
404550,302069,2026-08-30,Late Delivery,20554,Sports
404551,333018,2026-04-28,Wrong Item,20081,Electronics
404552,356063,2025-05-29,Damaged,20279,Home
404553,353635,2024-12-02,Size Issue,20083,Electronics
404554,312919,2024-06-27,Changed Mind,20538,Sports
404555,336878,2024-03-22,Late Delivery,20276,Home
404556,357161,2025-10-13,Size Issue,20013,Electronics
404557,316753,2026-02-25,Late Delivery,20345,Home
404558,352286,2025-06-21,Wrong Item,20562,Sports
404559,343491,2025-05-04,Quality Issue,20555,Sports
404560,329575,2025-12-09,Late Delivery,20427,Beauty
404561,308726,2025-08-08,Quality Issue,20030,Electronics
404562,357389,2025-07-28,Quality Issue,20358,Home
404563,356992,2024-02-29,Late Delivery,20538,Sports
404564,325432,2025-07-22,Size Issue,20203,Fashion
404565,359048,2026-01-15,Wrong Item,20012,Electronics
404566,311253,2025-04-22,Quality Issue,20590,Sports
404567,318116,2024-03-03,Size Issue,20401,Beauty
404568,329701,2025-07-18,Quality Issue,20229,Fashion
404569,330612,2024-12-12,Quality Issue,20101,Electronics
404570,304122,2026-02-13,Wrong Item,20023,Electronics
404571,322043,2026-08-31,Quality Issue,20011,Electronics
404572,338010,2024-12-01,Quality Issue,20001,Electronics
404573,315683,2025-06-16,Size Issue,20510,Sports
404574,337251,2024-10-15,Size Issue,20354,Home
404575,323139,2026-03-04,Damaged,20252,Home
404576,300088,2025-09-25,Size Issue,20028,Electronics
404577,346677,2024-03-13,Damaged,20565,Sports
404578,347112,2026-04-06,Damaged,20384,Beauty
404579,358463,2024-08-19,Damaged,20406,Beauty
404580,313911,2026-01-19,Quality Issue,20068,Electronics
404581,317039,2024-11-20,Size Issue,20376,Beauty
404582,330643,2026-04-24,Damaged,20280,Home
404583,324778,2026-06-13,Quality Issue,20112,Electronics
404584,326911,2024-08-18,Late Delivery,20540,Sports
404585,310803,2025-12-14,Damaged,20274,Home
404586,300346,2025-02-20,Changed Mind,20199,Fashion
404587,351771,2025-09-10,Changed Mind,20158,Fashion
404588,328980,2025-07-06,Changed Mind,20348,Home
404589,340997,2026-03-04,Damaged,20451,Beauty
404590,324580,2025-02-27,Quality Issue,20084,Electronics
404591,352780,2026-05-19,Quality Issue,20364,Beauty
404592,313044,2025-04-05,Size Issue,20322,Home
404593,321269,2025-04-07,Wrong Item,20167,Fashion
404594,350279,2025-04-02,Quality Issue,20584,Sports
404595,304636,2025-07-04,Damaged,20166,Fashion
404596,307192,2024-11-06,Damaged,20117,Electronics
404597,358695,2025-05-21,Size Issue,20552,Sports
404598,311526,2025-02-21,Quality Issue,20466,Beauty
404599,343062,2025-10-25,Quality Issue,20197,Fashion
404600,354949,2026-03-20,Size Issue,20490,Sports
404601,340320,2025-08-15,Wrong Item,20016,Electronics
404602,338174,2024-04-07,Quality Issue,20316,Home
404603,355447,2025-07-20,Late Delivery,20478,Beauty
404604,352328,2025-06-05,Changed Mind,20416,Beauty
404605,344988,2026-08-08,Damaged,20230,Fashion
404606,305324,2026-03-07,Damaged,20086,Electronics
404607,338829,2025-06-27,Late Delivery,20024,Electronics
404608,354655,2025-07-04,Wrong Item,20104,Electronics
404609,345377,2026-01-08,Changed Mind,20140,Fashion
404610,314483,2025-03-03,Changed Mind,20265,Home
404611,342866,2025-02-06,Damaged,20134,Fashion
404612,342915,2026-08-26,Size Issue,20018,Electronics
404613,352382,2025-11-03,Quality Issue,20046,Electronics
404614,350612,2024-06-26,Quality Issue,20418,Beauty
404615,333001,2024-08-22,Changed Mind,20158,Fashion
404616,346366,2024-04-06,Size Issue,20155,Fashion
404617,347641,2025-07-11,Late Delivery,20013,Electronics
404618,353723,2025-04-04,Late Delivery,20118,Electronics
404619,327295,2026-07-07,Damaged,20226,Fashion
404620,334195,2025-02-12,Size Issue,20464,Beauty
404621,331396,2024-06-02,Quality Issue,20576,Sports
404622,348347,2025-08-21,Quality Issue,20472,Beauty
404623,309253,2025-07-08,Damaged,20104,Electronics
404624,335214,2024-06-03,Changed Mind,20381,Beauty
404625,319386,2025-03-25,Wrong Item,20246,Home
404626,337430,2024-12-13,Damaged,20200,Fashion
404627,331086,2026-06-19,Damaged,20573,Sports
404628,330577,2026-05-10,Damaged,20487,Sports
404629,307539,2025-06-19,Quality Issue,20178,Fashion
404630,334463,2026-03-29,Changed Mind,20266,Home
404631,318145,2025-02-16,Quality Issue,20432,Beauty
404632,346957,2024-04-10,Quality Issue,20298,Home
404633,341914,2025-11-07,Size Issue,20413,Beauty
404634,323787,2025-11-21,Damaged,20011,Electronics
404635,349839,2025-06-17,Late Delivery,20146,Fashion
404636,341593,2026-02-14,Late Delivery,20265,Home
404637,305786,2026-08-03,Size Issue,20567,Sports
404638,337811,2026-02-27,Size Issue,20252,Home
404639,308078,2024-07-09,Size Issue,20022,Electronics
404640,318670,2024-06-22,Damaged,20067,Electronics
404641,338522,2024-08-21,Wrong Item,20019,Electronics
404642,317108,2025-10-31,Late Delivery,20081,Electronics
404643,339923,2024-08-01,Late Delivery,20180,Fashion
404644,311367,2026-07-04,Damaged,20061,Electronics
404645,357470,2024-12-26,Size Issue,20564,Sports
404646,324663,2024-12-28,Quality Issue,20283,Home
404647,352360,2025-09-25,Damaged,20129,Fashion
404648,327935,2025-02-14,Quality Issue,20213,Fashion
404649,337349,2026-09-22,Size Issue,20164,Fashion
404650,334629,2024-05-20,Late Delivery,20495,Sports
404651,337515,2026-09-14,Size Issue,20196,Fashion
404652,302007,2026-09-24,Damaged,20486,Sports
404653,325835,2025-07-21,Damaged,20515,Sports
404654,324095,2026-06-10,Wrong Item,20220,Fashion
404655,318039,2024-10-25,Wrong Item,20249,Home
404656,310982,2024-12-02,Late Delivery,20438,Beauty
404657,333038,2025-05-29,Late Delivery,20597,Sports
404658,357264,2026-01-17,Quality Issue,20123,Fashion
404659,300477,2025-06-04,Wrong Item,20194,Fashion
404660,332126,2026-07-26,Damaged,20079,Electronics
404661,352331,2025-04-30,Size Issue,20500,Sports
404662,318882,2026-09-07,Late Delivery,20485,Sports
404663,348731,2026-03-22,Late Delivery,20498,Sports
404664,326329,2025-11-11,Size Issue,20249,Home
404665,317587,2025-05-09,Changed Mind,20136,Fashion
404666,309431,2024-11-20,Quality Issue,20578,Sports
404667,321958,2026-05-04,Changed Mind,20469,Beauty
404668,342822,2026-04-01,Quality Issue,20071,Electronics
404669,356608,2025-11-19,Quality Issue,20104,Electronics
404670,344881,2025-11-01,Changed Mind,20417,Beauty
404671,306407,2026-04-23,Size Issue,20419,Beauty
404672,309117,2024-04-10,Size Issue,20580,Sports
404673,305193,2025-02-21,Late Delivery,20298,Home
404674,315943,2025-10-27,Late Delivery,20122,Fashion
404675,324871,2025-11-30,Size Issue,20246,Home
404676,355204,2025-04-18,Damaged,20068,Electronics
404677,351042,2025-07-09,Quality Issue,20281,Home
404678,339196,2025-01-30,Quality Issue,20203,Fashion
404679,307724,2024-09-18,Wrong Item,20582,Sports
404680,323875,2024-07-05,Changed Mind,20122,Fashion
404681,300993,2024-02-06,Late Delivery,20080,Electronics
404682,319729,2024-08-02,Changed Mind,20242,Home
404683,352937,2026-03-27,Quality Issue,20557,Sports
404684,326233,2025-03-25,Wrong Item,20484,Sports
404685,305467,2025-04-23,Wrong Item,20370,Beauty
404686,316713,2025-03-14,Quality Issue,20493,Sports
404687,341325,2025-06-12,Late Delivery,20014,Electronics
404688,328171,2026-02-07,Changed Mind,20399,Beauty
404689,341610,2026-08-12,Changed Mind,20028,Electronics
404690,318641,2024-12-29,Quality Issue,20024,Electronics
404691,330931,2025-09-06,Wrong Item,20198,Fashion
404692,327296,2024-03-15,Changed Mind,20166,Fashion
404693,341167,2025-12-28,Changed Mind,20585,Sports
404694,359725,2026-05-14,Size Issue,20278,Home
404695,321739,2024-06-23,Quality Issue,20503,Sports
404696,357140,2026-05-07,Damaged,20333,Home
404697,309101,2025-09-26,Damaged,20200,Fashion
404698,318859,2026-03-15,Damaged,20470,Beauty
404699,310370,2026-09-16,Damaged,20322,Home
404700,312979,2026-04-09,Size Issue,20492,Sports
404701,348910,2026-02-04,Quality Issue,20071,Electronics
404702,308453,2026-08-22,Quality Issue,20474,Beauty
404703,320593,2026-05-12,Damaged,20258,Home
404704,301250,2026-04-17,Late Delivery,20486,Sports
404705,329775,2024-02-18,Quality Issue,20205,Fashion
404706,328926,2026-04-20,Wrong Item,20355,Home
404707,303359,2026-07-01,Quality Issue,20214,Fashion
404708,309853,2024-11-29,Damaged,20334,Home
404709,352538,2024-07-14,Changed Mind,20497,Sports
404710,356925,2025-02-28,Damaged,20460,Beauty
404711,301568,2025-06-30,Quality Issue,20241,Home
404712,327374,2026-04-28,Late Delivery,20135,Fashion
404713,329517,2025-10-09,Quality Issue,20189,Fashion
404714,300119,2024-07-26,Wrong Item,20058,Electronics
404715,337401,2026-07-11,Late Delivery,20048,Electronics
404716,341137,2026-01-17,Wrong Item,20138,Fashion
404717,315928,2024-07-23,Changed Mind,20205,Fashion
404718,318502,2026-06-20,Size Issue,20090,Electronics
404719,323345,2026-07-08,Size Issue,20173,Fashion
404720,318430,2024-07-28,Quality Issue,20532,Sports
404721,357412,2026-07-03,Quality Issue,20061,Electronics
404722,341811,2025-11-18,Size Issue,20222,Fashion
404723,350361,2024-04-23,Damaged,20492,Sports
404724,328925,2025-05-19,Damaged,20064,Electronics
404725,315057,2025-02-21,Late Delivery,20259,Home
404726,350730,2024-04-24,Wrong Item,20352,Home
404727,306794,2025-04-26,Late Delivery,20495,Sports
404728,335868,2025-12-08,Changed Mind,20087,Electronics
404729,341974,2026-06-19,Changed Mind,20110,Electronics
404730,348408,2026-02-03,Damaged,20358,Home
404731,318150,2024-06-27,Wrong Item,20418,Beauty
404732,331469,2026-03-27,Quality Issue,20076,Electronics
404733,315549,2024-03-16,Wrong Item,20016,Electronics
404734,334083,2026-03-03,Late Delivery,20019,Electronics
404735,310198,2026-09-05,Late Delivery,20390,Beauty
404736,325603,2025-04-05,Damaged,20029,Electronics
404737,338846,2025-01-13,Quality Issue,20135,Fashion
404738,319175,2024-02-22,Damaged,20294,Home
404739,349356,2026-01-06,Damaged,20388,Beauty
404740,356064,2026-05-20,Size Issue,20347,Home
404741,351880,2024-07-26,Size Issue,20225,Fashion
404742,347932,2026-01-29,Wrong Item,20208,Fashion
404743,314062,2025-01-22,Late Delivery,20378,Beauty
404744,309508,2024-09-22,Quality Issue,20032,Electronics
404745,317782,2025-11-27,Size Issue,20550,Sports
404746,315702,2026-05-27,Late Delivery,20048,Electronics
404747,341105,2025-01-10,Quality Issue,20079,Electronics
404748,339660,2026-05-29,Size Issue,20141,Fashion
404749,331637,2024-12-10,Size Issue,20599,Sports
404750,359529,2025-01-29,Late Delivery,20230,Fashion
404751,339614,2026-06-01,Size Issue,20258,Home
404752,326192,2025-06-16,Wrong Item,20205,Fashion
404753,352142,2025-03-13,Late Delivery,20439,Beauty
404754,356215,2026-09-13,Wrong Item,20554,Sports
404755,350999,2025-05-27,Size Issue,20471,Beauty
404756,350472,2024-04-21,Changed Mind,20150,Fashion
404757,303594,2026-07-10,Wrong Item,20385,Beauty
404758,300964,2025-05-08,Quality Issue,20259,Home
404759,323553,2024-11-15,Late Delivery,20077,Electronics
404760,325987,2024-12-15,Late Delivery,20501,Sports
404761,332557,2026-08-05,Late Delivery,20392,Beauty
404762,310231,2026-03-14,Changed Mind,20548,Sports
404763,329686,2024-08-08,Damaged,20493,Sports
404764,359310,2025-11-28,Size Issue,20163,Fashion
404765,354746,2025-05-28,Damaged,20316,Home
404766,321854,2024-12-17,Size Issue,20471,Beauty
404767,328046,2026-04-06,Quality Issue,20462,Beauty
404768,349112,2024-03-05,Damaged,20303,Home
404769,358275,2025-10-24,Size Issue,20349,Home
404770,342737,2025-01-16,Size Issue,20489,Sports
404771,309581,2026-03-27,Late Delivery,20014,Electronics
404772,330617,2024-07-15,Changed Mind,20561,Sports
404773,353500,2025-10-12,Quality Issue,20346,Home
404774,334353,2026-05-02,Wrong Item,20249,Home
404775,341261,2026-05-31,Size Issue,20100,Electronics
404776,311023,2026-04-13,Wrong Item,20054,Electronics
404777,356112,2026-08-30,Quality Issue,20488,Sports
404778,300474,2024-05-27,Changed Mind,20242,Home
404779,343095,2025-09-15,Size Issue,20483,Sports
404780,305282,2025-06-06,Wrong Item,20365,Beauty
404781,305298,2026-05-23,Damaged,20248,Home
404782,347180,2025-09-24,Changed Mind,20109,Electronics
404783,346217,2026-09-20,Quality Issue,20402,Beauty
404784,353696,2026-03-11,Size Issue,20151,Fashion
404785,320252,2025-09-17,Changed Mind,20082,Electronics
404786,311923,2025-05-02,Changed Mind,20270,Home
404787,334523,2025-09-15,Size Issue,20079,Electronics
404788,319945,2025-08-17,Size Issue,20503,Sports
404789,304786,2026-04-03,Damaged,20371,Beauty
404790,314233,2025-06-16,Changed Mind,20575,Sports
404791,304964,2026-05-18,Quality Issue,20226,Fashion
404792,358490,2025-06-28,Wrong Item,20195,Fashion
404793,340356,2025-01-21,Size Issue,20410,Beauty
404794,321778,2025-09-21,Damaged,20583,Sports
404795,350339,2026-07-06,Late Delivery,20114,Electronics
404796,301344,2024-03-13,Quality Issue,20443,Beauty
404797,331411,2025-05-15,Size Issue,20568,Sports
404798,332973,2025-11-14,Damaged,20266,Home
404799,353921,2026-02-05,Changed Mind,20370,Beauty
404800,332458,2025-04-15,Late Delivery,20295,Home
404801,353063,2025-08-16,Changed Mind,20225,Fashion
404802,344483,2024-09-24,Size Issue,20007,Electronics
404803,356199,2024-07-11,Damaged,20581,Sports
404804,302363,2025-04-26,Changed Mind,20256,Home
404805,301712,2026-02-16,Quality Issue,20171,Fashion
404806,318966,2026-03-28,Changed Mind,20498,Sports
404807,333730,2025-12-22,Quality Issue,20043,Electronics
404808,307803,2024-08-03,Changed Mind,20234,Fashion
404809,339292,2026-05-11,Late Delivery,20242,Home
404810,322642,2024-02-28,Late Delivery,20369,Beauty
404811,311588,2026-06-08,Wrong Item,20193,Fashion
404812,354407,2026-04-02,Damaged,20217,Fashion
404813,327156,2025-12-31,Quality Issue,20528,Sports
404814,357849,2024-07-14,Wrong Item,20528,Sports
404815,347253,2024-08-11,Late Delivery,20177,Fashion
404816,337633,2025-09-26,Damaged,20033,Electronics
404817,350334,2024-10-26,Damaged,20530,Sports
404818,316128,2024-12-18,Size Issue,20081,Electronics
404819,319604,2026-02-07,Quality Issue,20482,Sports
404820,338929,2025-01-19,Damaged,20578,Sports
404821,330764,2025-04-22,Quality Issue,20474,Beauty
404822,308448,2025-02-18,Damaged,20541,Sports
404823,341626,2025-11-27,Size Issue,20444,Beauty
404824,311052,2026-03-31,Wrong Item,20184,Fashion
404825,321478,2026-07-23,Changed Mind,20123,Fashion
404826,327730,2026-03-14,Damaged,20339,Home
404827,339358,2024-05-30,Late Delivery,20524,Sports
404828,310232,2025-07-03,Wrong Item,20172,Fashion
404829,324801,2026-05-22,Damaged,20219,Fashion
404830,335437,2025-01-14,Changed Mind,20266,Home
404831,335725,2026-07-28,Late Delivery,20272,Home
404832,307415,2024-05-27,Quality Issue,20565,Sports
404833,336481,2025-08-24,Late Delivery,20453,Beauty
404834,313385,2026-04-03,Changed Mind,20442,Beauty
404835,328588,2026-09-14,Late Delivery,20284,Home
404836,323356,2025-10-20,Late Delivery,20124,Fashion
404837,322959,2025-02-07,Wrong Item,20238,Fashion
404838,337778,2026-03-28,Size Issue,20441,Beauty
404839,354980,2025-11-29,Quality Issue,20193,Fashion
404840,337084,2025-11-13,Size Issue,20076,Electronics
404841,333267,2024-03-07,Damaged,20168,Fashion
404842,312055,2024-06-10,Quality Issue,20131,Fashion
404843,304647,2026-05-17,Late Delivery,20342,Home
404844,333754,2025-04-18,Changed Mind,20242,Home
404845,341766,2024-07-21,Size Issue,20181,Fashion
404846,316272,2025-10-21,Damaged,20310,Home
404847,318949,2025-10-03,Size Issue,20100,Electronics
404848,321218,2024-08-30,Size Issue,20581,Sports
404849,337954,2025-07-13,Late Delivery,20376,Beauty
404850,346097,2024-08-02,Changed Mind,20534,Sports
404851,347280,2026-01-18,Damaged,20143,Fashion
404852,358588,2024-10-22,Quality Issue,20161,Fashion
404853,345373,2026-07-26,Size Issue,20084,Electronics
404854,338511,2026-04-26,Wrong Item,20019,Electronics
404855,351089,2025-06-16,Damaged,20525,Sports
404856,304856,2026-02-11,Size Issue,20359,Home
404857,327720,2024-06-19,Quality Issue,20378,Beauty
404858,335317,2026-01-04,Size Issue,20170,Fashion
404859,308748,2024-12-30,Changed Mind,20279,Home
404860,323040,2025-11-06,Changed Mind,20137,Fashion
404861,338015,2025-04-18,Wrong Item,20177,Fashion
404862,314824,2025-05-02,Quality Issue,20342,Home
404863,303206,2026-05-29,Size Issue,20270,Home
404864,347688,2025-11-23,Changed Mind,20093,Electronics
404865,332240,2025-08-03,Late Delivery,20225,Fashion
404866,300587,2024-12-24,Quality Issue,20341,Home
404867,328706,2024-08-30,Quality Issue,20006,Electronics
404868,316515,2026-01-12,Quality Issue,20502,Sports
404869,355614,2025-06-05,Changed Mind,20302,Home
404870,314939,2024-07-28,Size Issue,20474,Beauty
404871,329604,2026-06-19,Late Delivery,20473,Beauty
404872,348664,2024-12-09,Late Delivery,20107,Electronics
404873,335389,2026-08-28,Size Issue,20376,Beauty
404874,303846,2025-06-01,Late Delivery,20049,Electronics
404875,304535,2024-05-25,Damaged,20172,Fashion
404876,302983,2026-08-27,Changed Mind,20415,Beauty
404877,329599,2026-01-30,Quality Issue,20356,Home
404878,352072,2026-04-06,Late Delivery,20415,Beauty
404879,303687,2025-07-31,Damaged,20317,Home
404880,356318,2025-12-30,Damaged,20149,Fashion
404881,350911,2024-05-18,Size Issue,20578,Sports
404882,300950,2024-02-20,Changed Mind,20107,Electronics
404883,324980,2025-11-02,Wrong Item,20600,Sports
404884,329032,2025-03-01,Size Issue,20471,Beauty
404885,333498,2026-01-24,Damaged,20531,Sports
404886,352276,2026-04-05,Quality Issue,20283,Home
404887,306979,2025-07-13,Size Issue,20108,Electronics
404888,315888,2025-05-03,Damaged,20544,Sports
404889,345521,2026-04-04,Size Issue,20353,Home
404890,332553,2025-10-15,Size Issue,20127,Fashion
404891,328630,2026-08-01,Damaged,20274,Home
404892,358997,2026-08-08,Wrong Item,20198,Fashion
404893,300060,2026-01-30,Damaged,20490,Sports
404894,331714,2024-09-07,Wrong Item,20456,Beauty
404895,313063,2026-10-02,Late Delivery,20439,Beauty
404896,311161,2026-06-02,Size Issue,20070,Electronics
404897,327696,2024-08-17,Quality Issue,20462,Beauty
404898,356176,2025-03-09,Late Delivery,20337,Home
404899,323135,2026-01-31,Wrong Item,20298,Home
404900,319508,2025-05-10,Size Issue,20033,Electronics
404901,311291,2026-06-11,Wrong Item,20072,Electronics
404902,321762,2026-02-12,Size Issue,20261,Home
404903,344538,2024-12-02,Quality Issue,20034,Electronics
404904,331791,2026-04-09,Wrong Item,20521,Sports
404905,348198,2024-03-22,Size Issue,20334,Home
404906,332226,2026-02-16,Changed Mind,20504,Sports
404907,323117,2024-08-08,Wrong Item,20283,Home
404908,301480,2025-05-30,Changed Mind,20118,Electronics
404909,344073,2024-08-11,Wrong Item,20168,Fashion
404910,304093,2026-04-03,Wrong Item,20552,Sports
404911,356971,2025-12-20,Damaged,20180,Fashion
404912,300436,2025-05-31,Changed Mind,20523,Sports
404913,342383,2025-07-30,Wrong Item,20322,Home
404914,300207,2025-05-27,Quality Issue,20456,Beauty
404915,324367,2026-04-10,Size Issue,20479,Beauty
404916,330332,2026-03-20,Wrong Item,20074,Electronics
404917,343704,2025-10-13,Wrong Item,20591,Sports
404918,355737,2025-08-30,Size Issue,20530,Sports
404919,303285,2025-01-22,Late Delivery,20186,Fashion
404920,305964,2025-01-22,Wrong Item,20283,Home
404921,356987,2024-08-05,Damaged,20488,Sports
404922,346828,2024-10-13,Size Issue,20121,Fashion
404923,332254,2025-10-28,Wrong Item,20508,Sports
404924,344857,2025-10-14,Size Issue,20576,Sports
404925,306244,2024-01-31,Wrong Item,20112,Electronics
404926,333412,2024-04-14,Damaged,20292,Home
404927,356219,2024-02-19,Late Delivery,20565,Sports
404928,305850,2025-05-01,Damaged,20374,Beauty
404929,324100,2026-02-26,Late Delivery,20373,Beauty
404930,316356,2026-01-29,Changed Mind,20480,Beauty
404931,338641,2026-07-17,Quality Issue,20532,Sports
404932,355783,2025-08-09,Quality Issue,20252,Home
404933,349824,2024-06-19,Changed Mind,20062,Electronics
404934,317584,2024-06-26,Late Delivery,20348,Home
404935,320244,2024-10-11,Wrong Item,20139,Fashion
404936,321745,2026-07-01,Size Issue,20262,Home
404937,312715,2024-04-03,Size Issue,20312,Home
404938,323693,2026-03-28,Late Delivery,20491,Sports
404939,331346,2026-03-09,Size Issue,20558,Sports
404940,309069,2026-06-28,Wrong Item,20555,Sports
404941,320926,2025-01-12,Wrong Item,20500,Sports
404942,347948,2024-08-15,Late Delivery,20518,Sports
404943,342464,2024-10-26,Late Delivery,20433,Beauty
404944,334003,2025-04-11,Damaged,20559,Sports
404945,307926,2025-01-20,Size Issue,20403,Beauty
404946,359188,2024-02-19,Quality Issue,20196,Fashion
404947,309984,2025-08-11,Damaged,20234,Fashion
404948,357294,2026-09-02,Wrong Item,20336,Home
404949,337878,2025-01-24,Late Delivery,20297,Home
404950,303002,2026-04-03,Late Delivery,20418,Beauty
404951,320270,2024-04-09,Late Delivery,20003,Electronics
404952,306348,2025-12-27,Late Delivery,20429,Beauty
404953,348289,2024-08-10,Damaged,20232,Fashion
404954,349571,2025-07-12,Late Delivery,20235,Fashion
404955,354145,2026-03-11,Size Issue,20482,Sports
404956,328158,2024-02-26,Size Issue,20366,Beauty
404957,305064,2026-05-16,Late Delivery,20547,Sports
404958,357052,2025-12-02,Late Delivery,20070,Electronics
404959,318198,2024-10-26,Size Issue,20208,Fashion
404960,340772,2024-09-04,Quality Issue,20570,Sports
404961,341423,2026-07-01,Quality Issue,20031,Electronics
404962,336052,2026-06-05,Wrong Item,20271,Home
404963,308214,2024-03-03,Damaged,20361,Beauty
404964,328778,2025-09-29,Size Issue,20444,Beauty
404965,321693,2025-01-13,Size Issue,20374,Beauty
404966,350863,2025-11-21,Size Issue,20597,Sports
404967,306961,2026-08-05,Size Issue,20535,Sports
404968,347650,2025-08-17,Changed Mind,20330,Home
404969,316705,2026-02-03,Late Delivery,20518,Sports
404970,313729,2025-07-21,Size Issue,20032,Electronics
404971,316120,2024-02-25,Wrong Item,20018,Electronics
404972,329151,2025-01-16,Quality Issue,20194,Fashion
404973,340269,2024-09-02,Late Delivery,20140,Fashion
404974,358100,2025-06-03,Damaged,20408,Beauty
404975,330236,2024-06-11,Size Issue,20072,Electronics
404976,303455,2025-01-11,Changed Mind,20530,Sports
404977,315912,2024-08-05,Late Delivery,20123,Fashion
404978,309576,2026-04-08,Size Issue,20243,Home
404979,304199,2025-10-19,Late Delivery,20463,Beauty
404980,312741,2025-09-07,Wrong Item,20270,Home
404981,356122,2026-03-02,Wrong Item,20232,Fashion
404982,359573,2026-06-15,Damaged,20594,Sports
404983,304575,2026-04-28,Wrong Item,20005,Electronics
404984,305213,2026-02-01,Quality Issue,20309,Home
404985,344576,2025-10-18,Size Issue,20125,Fashion
404986,322919,2025-05-12,Size Issue,20514,Sports
404987,330483,2025-12-10,Late Delivery,20181,Fashion
404988,311041,2025-11-01,Size Issue,20335,Home
404989,358264,2024-04-16,Quality Issue,20409,Beauty
404990,352579,2025-12-15,Wrong Item,20154,Fashion
404991,345351,2026-05-08,Quality Issue,20493,Sports
404992,303188,2026-02-03,Damaged,20014,Electronics
404993,351886,2026-08-25,Late Delivery,20212,Fashion
404994,328122,2024-08-21,Late Delivery,20589,Sports
404995,348575,2025-04-14,Quality Issue,20460,Beauty
404996,347605,2025-01-18,Quality Issue,20143,Fashion
404997,338315,2026-08-20,Wrong Item,20282,Home
404998,353159,2024-11-16,Changed Mind,20193,Fashion
404999,355504,2026-06-17,Size Issue,20318,Home
405000,327819,2024-08-30,Damaged,20266,Home
405001,345570,2024-05-18,Quality Issue,20400,Beauty
405002,357928,2026-01-28,Damaged,20277,Home
405003,314594,2024-03-25,Changed Mind,20185,Fashion
405004,321203,2025-01-23,Size Issue,20417,Beauty
405005,328144,2025-09-04,Quality Issue,20244,Home
405006,359744,2024-12-06,Damaged,20186,Fashion
405007,346080,2026-01-18,Size Issue,20550,Sports
405008,339581,2025-04-22,Changed Mind,20470,Beauty
405009,318295,2026-04-22,Wrong Item,20526,Sports
405010,328838,2026-01-26,Wrong Item,20139,Fashion
405011,338612,2026-08-02,Quality Issue,20412,Beauty
405012,316462,2026-09-07,Quality Issue,20002,Electronics
405013,353361,2025-01-20,Size Issue,20224,Fashion
405014,346240,2026-07-17,Wrong Item,20565,Sports
405015,301099,2026-06-12,Wrong Item,20466,Beauty
405016,329427,2025-04-28,Wrong Item,20559,Sports
405017,345833,2026-04-21,Changed Mind,20035,Electronics
405018,346977,2025-06-28,Late Delivery,20188,Fashion
405019,334806,2025-07-24,Late Delivery,20354,Home
405020,354220,2024-09-26,Changed Mind,20407,Beauty
405021,307955,2025-05-31,Damaged,20221,Fashion
405022,356389,2024-08-13,Quality Issue,20278,Home
405023,341274,2026-03-13,Damaged,20324,Home
405024,355524,2024-10-05,Damaged,20340,Home
405025,300688,2024-12-25,Changed Mind,20401,Beauty
405026,307302,2024-09-25,Late Delivery,20416,Beauty
405027,300806,2026-08-16,Late Delivery,20483,Sports
405028,309932,2024-08-10,Late Delivery,20263,Home
405029,321607,2024-10-25,Quality Issue,20430,Beauty
405030,349301,2026-07-21,Late Delivery,20102,Electronics
405031,356465,2026-09-20,Changed Mind,20250,Home
405032,352781,2025-06-08,Quality Issue,20139,Fashion
405033,320121,2025-02-24,Quality Issue,20481,Sports
405034,333690,2024-07-07,Late Delivery,20290,Home
405035,307846,2025-01-15,Quality Issue,20586,Sports
405036,332589,2026-01-05,Size Issue,20137,Fashion
405037,303278,2026-01-15,Damaged,20543,Sports
405038,357235,2024-05-26,Wrong Item,20285,Home
405039,309872,2026-01-20,Late Delivery,20349,Home
405040,336536,2025-04-19,Wrong Item,20516,Sports
405041,328306,2024-11-26,Changed Mind,20396,Beauty
405042,340111,2025-01-13,Damaged,20216,Fashion
405043,311328,2025-08-20,Quality Issue,20304,Home
405044,324549,2026-01-28,Quality Issue,20543,Sports
405045,313281,2026-02-28,Damaged,20149,Fashion
405046,332549,2024-02-12,Quality Issue,20422,Beauty
405047,342041,2024-12-25,Wrong Item,20053,Electronics
405048,325586,2025-12-31,Wrong Item,20508,Sports
405049,301668,2025-09-26,Damaged,20135,Fashion
405050,330786,2024-01-31,Late Delivery,20316,Home
405051,354613,2024-03-16,Changed Mind,20527,Sports
405052,357653,2024-05-07,Size Issue,20015,Electronics
405053,304733,2024-11-26,Changed Mind,20033,Electronics
405054,347186,2024-03-06,Damaged,20148,Fashion
405055,304977,2026-08-20,Damaged,20317,Home
405056,306472,2026-09-09,Quality Issue,20505,Sports
405057,309784,2025-05-22,Quality Issue,20192,Fashion
405058,325334,2025-08-26,Size Issue,20054,Electronics
405059,340503,2024-04-18,Changed Mind,20306,Home
405060,306101,2026-03-22,Size Issue,20590,Sports
405061,321736,2024-05-05,Wrong Item,20247,Home
405062,309661,2025-04-27,Quality Issue,20424,Beauty
405063,333477,2026-03-10,Wrong Item,20031,Electronics
405064,302827,2026-06-25,Quality Issue,20150,Fashion
405065,307433,2024-12-09,Wrong Item,20094,Electronics
405066,353003,2024-02-03,Wrong Item,20272,Home
405067,315396,2025-04-13,Wrong Item,20252,Home
405068,326865,2024-09-19,Changed Mind,20050,Electronics
405069,333644,2024-05-20,Quality Issue,20502,Sports
405070,358013,2025-12-03,Quality Issue,20013,Electronics
405071,319280,2024-06-23,Wrong Item,20144,Fashion
405072,344171,2025-10-05,Quality Issue,20354,Home
405073,332153,2026-07-13,Size Issue,20289,Home
405074,358416,2024-06-28,Quality Issue,20053,Electronics
405075,333085,2025-01-09,Size Issue,20324,Home
405076,340857,2026-01-20,Wrong Item,20366,Beauty
405077,324471,2024-11-30,Late Delivery,20487,Sports
405078,302892,2024-05-22,Damaged,20022,Electronics
405079,334823,2025-08-27,Damaged,20421,Beauty
405080,316902,2026-04-16,Late Delivery,20184,Fashion
405081,323688,2024-08-22,Changed Mind,20518,Sports
405082,344343,2024-12-14,Quality Issue,20313,Home
405083,301916,2025-04-26,Late Delivery,20036,Electronics
405084,308874,2024-09-23,Damaged,20576,Sports
405085,315137,2024-03-05,Quality Issue,20057,Electronics
405086,339655,2025-08-07,Quality Issue,20134,Fashion
405087,359069,2025-09-07,Quality Issue,20180,Fashion
405088,343813,2026-03-25,Size Issue,20083,Electronics
405089,316798,2024-08-29,Damaged,20522,Sports
405090,356071,2024-09-02,Size Issue,20539,Sports
405091,355316,2024-01-20,Quality Issue,20122,Fashion
405092,345113,2024-06-24,Changed Mind,20110,Electronics
405093,332469,2024-04-03,Quality Issue,20441,Beauty
405094,340877,2026-09-12,Late Delivery,20544,Sports
405095,344825,2025-06-23,Damaged,20492,Sports
405096,339073,2026-02-05,Late Delivery,20162,Fashion
405097,336602,2026-07-25,Damaged,20186,Fashion
405098,327758,2026-01-23,Wrong Item,20361,Beauty
405099,337996,2024-10-16,Late Delivery,20014,Electronics
405100,340870,2025-06-20,Size Issue,20559,Sports
405101,335813,2026-06-20,Late Delivery,20573,Sports
405102,340343,2026-08-10,Late Delivery,20425,Beauty
405103,351055,2024-02-03,Quality Issue,20471,Beauty
405104,334577,2025-10-30,Quality Issue,20511,Sports
405105,341638,2024-10-26,Quality Issue,20514,Sports
405106,310102,2025-05-07,Size Issue,20595,Sports
405107,302566,2025-07-24,Damaged,20285,Home
405108,321224,2024-03-29,Late Delivery,20180,Fashion
405109,344106,2026-02-16,Wrong Item,20558,Sports
405110,328519,2026-09-14,Size Issue,20542,Sports
405111,337313,2025-06-12,Changed Mind,20129,Fashion
405112,354282,2025-08-07,Damaged,20560,Sports
405113,316733,2026-05-16,Damaged,20400,Beauty
405114,331610,2025-08-24,Quality Issue,20134,Fashion
405115,321793,2024-11-17,Quality Issue,20067,Electronics
405116,349174,2024-10-16,Damaged,20307,Home
405117,340809,2026-04-13,Wrong Item,20320,Home
405118,314820,2026-03-24,Late Delivery,20177,Fashion
405119,348887,2025-09-07,Quality Issue,20463,Beauty
405120,336750,2024-03-04,Quality Issue,20143,Fashion
405121,355435,2025-04-30,Late Delivery,20063,Electronics
405122,334479,2025-11-15,Late Delivery,20116,Electronics
405123,310745,2024-04-19,Damaged,20392,Beauty
405124,325055,2024-11-27,Quality Issue,20575,Sports
405125,314307,2025-03-13,Changed Mind,20480,Beauty
405126,320325,2024-02-11,Size Issue,20564,Sports
405127,310132,2025-08-01,Quality Issue,20144,Fashion
405128,303396,2025-12-29,Changed Mind,20334,Home
405129,351149,2025-09-30,Size Issue,20404,Beauty
405130,323900,2025-02-24,Damaged,20215,Fashion
405131,313762,2024-09-07,Quality Issue,20473,Beauty
405132,334550,2025-05-22,Size Issue,20378,Beauty
405133,331838,2025-08-22,Changed Mind,20535,Sports
405134,344350,2024-07-11,Late Delivery,20139,Fashion
405135,347780,2026-03-29,Wrong Item,20317,Home
405136,341522,2026-03-10,Size Issue,20228,Fashion
405137,310141,2026-01-02,Wrong Item,20325,Home
405138,323689,2024-07-07,Wrong Item,20575,Sports
405139,313818,2024-12-21,Late Delivery,20210,Fashion
405140,324301,2026-05-14,Changed Mind,20039,Electronics
405141,327010,2025-04-26,Wrong Item,20252,Home
405142,351928,2026-04-30,Wrong Item,20239,Fashion
405143,348259,2026-07-16,Late Delivery,20466,Beauty
405144,302915,2026-09-13,Changed Mind,20129,Fashion
405145,355594,2024-08-05,Quality Issue,20162,Fashion
405146,311570,2025-01-16,Quality Issue,20071,Electronics
405147,351913,2026-09-23,Wrong Item,20516,Sports
405148,307091,2026-01-11,Damaged,20363,Beauty
405149,316026,2026-07-10,Late Delivery,20103,Electronics
405150,304064,2025-03-28,Wrong Item,20146,Fashion
405151,353321,2024-06-18,Wrong Item,20599,Sports
405152,334761,2024-12-14,Damaged,20361,Beauty
405153,329194,2024-04-08,Late Delivery,20297,Home
405154,301304,2025-01-24,Late Delivery,20302,Home
405155,300177,2024-12-23,Quality Issue,20326,Home
405156,322079,2025-02-18,Wrong Item,20554,Sports
405157,320635,2024-09-04,Changed Mind,20340,Home
405158,305266,2025-10-01,Wrong Item,20216,Fashion
405159,354772,2025-07-08,Quality Issue,20350,Home
405160,351368,2026-03-30,Wrong Item,20508,Sports
405161,347463,2024-02-08,Changed Mind,20190,Fashion
405162,345331,2026-02-09,Wrong Item,20274,Home
405163,305864,2026-06-25,Wrong Item,20233,Fashion
405164,339518,2026-02-03,Late Delivery,20225,Fashion
405165,350701,2024-02-27,Quality Issue,20279,Home
405166,313133,2024-06-15,Quality Issue,20104,Electronics
405167,349739,2024-08-14,Quality Issue,20111,Electronics
405168,318750,2024-02-10,Size Issue,20363,Beauty
405169,305715,2025-03-03,Quality Issue,20323,Home
405170,317028,2025-03-13,Quality Issue,20192,Fashion
405171,356772,2025-04-02,Damaged,20543,Sports
405172,312029,2024-05-23,Size Issue,20109,Electronics
405173,358201,2024-05-19,Wrong Item,20022,Electronics
405174,345363,2024-04-19,Quality Issue,20318,Home
405175,335405,2026-04-21,Changed Mind,20123,Fashion
405176,325463,2025-04-06,Damaged,20139,Fashion
405177,357872,2026-08-08,Late Delivery,20156,Fashion
405178,316764,2026-03-25,Changed Mind,20506,Sports
405179,310496,2024-10-04,Quality Issue,20444,Beauty
405180,350894,2024-04-21,Size Issue,20372,Beauty
405181,304707,2025-05-13,Changed Mind,20195,Fashion
405182,344196,2025-12-23,Quality Issue,20286,Home
405183,310205,2026-04-09,Size Issue,20241,Home
405184,312723,2025-02-21,Late Delivery,20015,Electronics
405185,341328,2025-02-09,Late Delivery,20503,Sports
405186,327176,2026-07-07,Changed Mind,20379,Beauty
405187,334542,2024-02-18,Changed Mind,20381,Beauty
405188,343569,2025-07-28,Wrong Item,20511,Sports
405189,317747,2025-10-16,Size Issue,20460,Beauty
405190,319384,2024-11-23,Changed Mind,20515,Sports
405191,325403,2025-05-20,Quality Issue,20004,Electronics
405192,356196,2026-01-20,Damaged,20474,Beauty
405193,301550,2024-07-20,Damaged,20571,Sports
405194,322633,2026-06-26,Size Issue,20455,Beauty
405195,345198,2024-03-19,Damaged,20155,Fashion
405196,356983,2024-05-28,Quality Issue,20241,Home
405197,347850,2025-09-24,Damaged,20574,Sports
405198,359599,2026-09-10,Late Delivery,20232,Fashion
405199,359414,2025-02-27,Changed Mind,20583,Sports
405200,307297,2024-09-18,Changed Mind,20443,Beauty
405201,304209,2025-04-18,Late Delivery,20258,Home
405202,343071,2024-10-21,Quality Issue,20189,Fashion
405203,345513,2025-03-19,Changed Mind,20380,Beauty
405204,313598,2025-03-27,Damaged,20233,Fashion
405205,316054,2025-05-14,Wrong Item,20278,Home
405206,338512,2026-07-05,Size Issue,20559,Sports
405207,355991,2024-12-20,Quality Issue,20245,Home
405208,326542,2026-08-08,Wrong Item,20254,Home
405209,319749,2026-03-31,Size Issue,20140,Fashion
405210,345619,2024-04-29,Changed Mind,20026,Electronics
405211,323039,2024-07-03,Late Delivery,20485,Sports
405212,317391,2025-12-01,Wrong Item,20071,Electronics
405213,322505,2024-04-29,Wrong Item,20348,Home
405214,328253,2026-06-03,Damaged,20584,Sports
405215,335488,2024-12-10,Size Issue,20302,Home
405216,342796,2026-06-06,Changed Mind,20329,Home
405217,306019,2026-01-16,Size Issue,20252,Home
405218,300182,2026-04-24,Quality Issue,20191,Fashion
405219,337712,2024-08-18,Wrong Item,20502,Sports
405220,359240,2026-05-06,Size Issue,20528,Sports
405221,325865,2025-12-31,Quality Issue,20419,Beauty
405222,341176,2024-11-28,Size Issue,20224,Fashion
405223,358905,2026-06-11,Changed Mind,20252,Home
405224,310380,2024-11-17,Late Delivery,20346,Home
405225,347078,2025-08-02,Damaged,20211,Fashion
405226,322017,2026-05-19,Damaged,20360,Home
405227,329247,2026-02-20,Changed Mind,20117,Electronics
405228,310192,2025-01-31,Damaged,20512,Sports
405229,310072,2024-05-18,Quality Issue,20451,Beauty
405230,311153,2025-09-26,Size Issue,20002,Electronics
405231,325527,2026-07-04,Wrong Item,20333,Home
405232,338943,2025-06-03,Size Issue,20539,Sports
405233,344616,2026-06-27,Quality Issue,20480,Beauty
405234,326541,2026-05-06,Changed Mind,20321,Home
405235,331524,2025-04-01,Damaged,20203,Fashion
405236,323190,2026-06-21,Quality Issue,20087,Electronics
405237,356766,2026-06-04,Damaged,20258,Home
405238,347281,2025-02-11,Late Delivery,20333,Home
405239,353991,2025-08-25,Wrong Item,20288,Home
405240,319099,2025-01-01,Changed Mind,20358,Home
405241,359354,2025-04-24,Changed Mind,20363,Beauty
405242,354618,2025-09-18,Damaged,20314,Home
405243,309912,2025-11-14,Quality Issue,20594,Sports
405244,339726,2024-05-12,Damaged,20132,Fashion
405245,301579,2025-06-20,Late Delivery,20418,Beauty
405246,307369,2024-03-31,Quality Issue,20513,Sports
405247,333345,2024-01-19,Wrong Item,20211,Fashion
405248,329985,2024-12-16,Changed Mind,20375,Beauty
405249,309427,2025-07-03,Changed Mind,20019,Electronics
405250,357069,2026-09-05,Size Issue,20278,Home
405251,300702,2024-04-27,Size Issue,20294,Home
405252,303641,2024-11-20,Changed Mind,20264,Home
405253,357827,2025-08-19,Changed Mind,20541,Sports
405254,300753,2025-01-30,Quality Issue,20478,Beauty
405255,316178,2026-06-12,Size Issue,20600,Sports
405256,348141,2025-09-16,Damaged,20331,Home
405257,329920,2026-02-11,Damaged,20454,Beauty
405258,325225,2025-11-17,Damaged,20208,Fashion
405259,318363,2026-05-04,Quality Issue,20367,Beauty
405260,340955,2026-05-04,Changed Mind,20406,Beauty
405261,326790,2024-04-14,Late Delivery,20469,Beauty
405262,355190,2025-01-15,Wrong Item,20003,Electronics
405263,352204,2024-02-21,Changed Mind,20009,Electronics
405264,311261,2026-01-23,Damaged,20157,Fashion
405265,340441,2026-08-07,Changed Mind,20227,Fashion
405266,351410,2026-04-14,Quality Issue,20381,Beauty
405267,305682,2025-09-15,Size Issue,20189,Fashion
405268,317090,2024-08-13,Quality Issue,20213,Fashion
405269,309470,2026-05-20,Damaged,20585,Sports
405270,342559,2026-05-25,Damaged,20219,Fashion
405271,347794,2024-12-11,Changed Mind,20325,Home
405272,301972,2024-08-08,Wrong Item,20391,Beauty
405273,320101,2025-09-16,Changed Mind,20513,Sports
405274,350998,2024-03-20,Changed Mind,20324,Home
405275,331958,2024-02-27,Size Issue,20046,Electronics
405276,344619,2024-03-27,Damaged,20580,Sports
405277,308147,2025-03-11,Damaged,20577,Sports
405278,332819,2026-03-23,Size Issue,20370,Beauty
405279,322290,2024-12-19,Damaged,20154,Fashion
405280,312692,2025-02-03,Quality Issue,20439,Beauty
405281,306474,2025-12-04,Quality Issue,20165,Fashion
405282,355041,2024-03-20,Damaged,20417,Beauty
405283,357028,2024-02-28,Quality Issue,20048,Electronics
405284,338343,2026-06-01,Quality Issue,20340,Home
405285,318691,2026-08-29,Size Issue,20378,Beauty
405286,334327,2025-12-15,Damaged,20575,Sports
405287,319647,2025-08-11,Quality Issue,20398,Beauty
405288,319568,2025-11-30,Size Issue,20020,Electronics
405289,346742,2024-12-22,Damaged,20256,Home
405290,334454,2025-01-07,Changed Mind,20599,Sports
405291,355016,2025-03-10,Damaged,20191,Fashion
405292,319337,2024-03-14,Size Issue,20062,Electronics
405293,353052,2025-09-26,Size Issue,20452,Beauty
405294,311812,2026-07-21,Changed Mind,20106,Electronics
405295,349116,2024-06-05,Quality Issue,20469,Beauty
405296,311646,2024-09-13,Quality Issue,20393,Beauty
405297,321816,2026-08-18,Quality Issue,20221,Fashion
405298,348842,2024-11-12,Quality Issue,20031,Electronics
405299,337482,2024-06-10,Quality Issue,20206,Fashion
405300,314582,2026-08-24,Quality Issue,20143,Fashion
405301,313185,2024-11-24,Damaged,20510,Sports
405302,329719,2025-07-13,Late Delivery,20511,Sports
405303,358186,2025-04-08,Quality Issue,20366,Beauty
405304,332852,2026-06-24,Damaged,20576,Sports
405305,334729,2026-03-08,Wrong Item,20495,Sports
405306,326864,2025-10-27,Changed Mind,20258,Home
405307,341871,2025-11-23,Quality Issue,20599,Sports
405308,329442,2024-05-21,Quality Issue,20455,Beauty
405309,303717,2024-01-19,Damaged,20411,Beauty
405310,310931,2024-12-29,Damaged,20556,Sports
405311,344552,2026-07-09,Quality Issue,20318,Home
405312,355536,2025-08-31,Damaged,20369,Beauty
405313,307291,2025-08-28,Size Issue,20570,Sports
405314,328975,2024-06-01,Quality Issue,20164,Fashion
405315,304041,2024-04-29,Quality Issue,20571,Sports
405316,346433,2024-11-05,Size Issue,20209,Fashion
405317,334391,2024-11-23,Quality Issue,20418,Beauty
405318,354459,2026-04-16,Size Issue,20239,Fashion
405319,340908,2026-03-10,Damaged,20128,Fashion
405320,304540,2024-04-20,Wrong Item,20281,Home
405321,339639,2026-09-06,Damaged,20068,Electronics
405322,343182,2025-12-21,Quality Issue,20428,Beauty
405323,330148,2026-07-29,Quality Issue,20072,Electronics
405324,301881,2025-02-24,Quality Issue,20011,Electronics
405325,312831,2025-07-01,Size Issue,20565,Sports
405326,329374,2024-06-11,Late Delivery,20466,Beauty
405327,315606,2026-01-09,Wrong Item,20503,Sports
405328,314173,2025-04-29,Size Issue,20531,Sports
405329,333177,2026-04-14,Quality Issue,20435,Beauty
405330,337970,2026-04-05,Size Issue,20229,Fashion
405331,317373,2026-04-13,Changed Mind,20208,Fashion
405332,312826,2026-08-06,Quality Issue,20425,Beauty
405333,346913,2024-06-13,Wrong Item,20269,Home
405334,314516,2024-02-11,Damaged,20513,Sports
405335,315429,2026-06-15,Changed Mind,20324,Home
405336,334857,2024-05-26,Damaged,20363,Beauty
405337,302099,2024-11-28,Late Delivery,20324,Home
405338,359381,2025-10-02,Quality Issue,20473,Beauty
405339,301957,2025-05-26,Damaged,20163,Fashion
405340,320925,2025-09-21,Size Issue,20249,Home
405341,302684,2025-05-18,Size Issue,20005,Electronics
405342,357155,2025-05-04,Wrong Item,20199,Fashion
405343,306884,2025-05-20,Late Delivery,20340,Home
405344,338493,2025-09-05,Changed Mind,20129,Fashion
405345,342212,2025-07-22,Damaged,20049,Electronics
405346,309094,2024-06-08,Damaged,20125,Fashion
405347,336297,2026-05-08,Size Issue,20383,Beauty
405348,302396,2026-03-02,Wrong Item,20346,Home
405349,317700,2024-06-04,Damaged,20267,Home
405350,346982,2025-07-23,Changed Mind,20309,Home
405351,325873,2026-02-08,Changed Mind,20391,Beauty
405352,319453,2026-03-16,Wrong Item,20138,Fashion
405353,355006,2024-03-03,Late Delivery,20505,Sports
405354,310882,2025-09-20,Changed Mind,20440,Beauty
405355,330724,2025-09-03,Wrong Item,20135,Fashion
405356,354893,2024-02-19,Size Issue,20575,Sports
405357,338521,2026-09-03,Quality Issue,20355,Home
405358,338656,2024-06-23,Quality Issue,20141,Fashion
405359,330065,2025-01-02,Late Delivery,20043,Electronics
405360,342864,2026-01-28,Changed Mind,20022,Electronics
405361,325040,2026-05-06,Size Issue,20392,Beauty
405362,332029,2024-08-02,Size Issue,20512,Sports
405363,346442,2026-08-24,Late Delivery,20411,Beauty
405364,352556,2024-08-09,Wrong Item,20199,Fashion
405365,325094,2024-09-27,Late Delivery,20136,Fashion
405366,313040,2024-09-17,Wrong Item,20013,Electronics
405367,320098,2024-04-01,Wrong Item,20479,Beauty
405368,307758,2026-03-11,Quality Issue,20109,Electronics
405369,304614,2025-05-02,Damaged,20368,Beauty
405370,346396,2025-05-23,Damaged,20315,Home
405371,329010,2025-05-13,Quality Issue,20099,Electronics
405372,323825,2025-06-23,Quality Issue,20405,Beauty
405373,357135,2026-08-09,Late Delivery,20465,Beauty
405374,308601,2026-03-22,Changed Mind,20184,Fashion
405375,330774,2024-08-24,Changed Mind,20312,Home
405376,303923,2025-02-28,Late Delivery,20339,Home
405377,321134,2025-08-03,Size Issue,20356,Home
405378,354196,2025-01-13,Changed Mind,20527,Sports
405379,306217,2025-12-22,Size Issue,20155,Fashion
405380,300100,2026-08-18,Size Issue,20322,Home
405381,357841,2024-06-02,Late Delivery,20239,Fashion
405382,332199,2026-06-17,Damaged,20465,Beauty
405383,346572,2025-12-16,Wrong Item,20228,Fashion
405384,301340,2026-09-09,Changed Mind,20162,Fashion
405385,303016,2025-04-13,Size Issue,20109,Electronics
405386,318186,2026-04-05,Quality Issue,20529,Sports
405387,337640,2026-04-25,Damaged,20407,Beauty
405388,352656,2025-08-31,Quality Issue,20257,Home
405389,320281,2025-08-15,Size Issue,20068,Electronics
405390,322114,2025-05-30,Size Issue,20114,Electronics
405391,300751,2024-04-14,Late Delivery,20549,Sports
405392,354165,2026-07-06,Late Delivery,20323,Home
405393,314926,2025-06-12,Wrong Item,20304,Home
405394,334759,2025-11-27,Late Delivery,20486,Sports
405395,356611,2025-01-17,Size Issue,20476,Beauty
405396,354129,2025-06-26,Size Issue,20140,Fashion
405397,322390,2025-10-07,Damaged,20068,Electronics
405398,310346,2025-03-19,Damaged,20117,Electronics
405399,314470,2025-12-16,Wrong Item,20534,Sports
405400,357207,2026-04-13,Changed Mind,20503,Sports
405401,301903,2026-08-31,Late Delivery,20472,Beauty
405402,330846,2026-06-21,Late Delivery,20262,Home
405403,350946,2025-10-25,Size Issue,20586,Sports
405404,343442,2025-03-20,Wrong Item,20080,Electronics
405405,315563,2025-03-04,Quality Issue,20499,Sports
405406,326849,2026-08-07,Size Issue,20269,Home
405407,334939,2026-08-09,Changed Mind,20259,Home
405408,322217,2026-07-19,Wrong Item,20353,Home
405409,324113,2024-05-30,Damaged,20042,Electronics
405410,313240,2024-11-01,Late Delivery,20170,Fashion
405411,323951,2024-10-10,Damaged,20371,Beauty
405412,332473,2026-04-01,Late Delivery,20088,Electronics
405413,335751,2024-07-29,Wrong Item,20404,Beauty
405414,301394,2025-10-13,Changed Mind,20465,Beauty
405415,340562,2025-02-08,Damaged,20439,Beauty
405416,314511,2026-05-02,Late Delivery,20238,Fashion
405417,325600,2025-10-05,Quality Issue,20377,Beauty
405418,349728,2025-11-16,Size Issue,20429,Beauty
405419,343353,2024-09-08,Changed Mind,20386,Beauty
405420,312914,2025-11-29,Wrong Item,20481,Sports
405421,325183,2026-01-17,Size Issue,20211,Fashion
405422,318763,2026-05-11,Size Issue,20143,Fashion
405423,345873,2025-03-25,Size Issue,20018,Electronics
405424,342530,2026-01-09,Size Issue,20471,Beauty
405425,356192,2026-04-04,Damaged,20533,Sports
405426,324295,2025-03-15,Wrong Item,20541,Sports
405427,341976,2025-11-24,Changed Mind,20124,Fashion
405428,352270,2025-06-14,Quality Issue,20467,Beauty
405429,336886,2024-07-01,Damaged,20551,Sports
405430,304280,2025-08-22,Damaged,20572,Sports
405431,304455,2026-01-24,Size Issue,20003,Electronics
405432,322774,2025-12-11,Changed Mind,20405,Beauty
405433,307236,2025-10-22,Wrong Item,20540,Sports
405434,312398,2026-01-12,Late Delivery,20535,Sports
405435,324324,2026-04-21,Changed Mind,20096,Electronics
405436,319794,2026-03-09,Changed Mind,20084,Electronics
405437,313902,2024-02-20,Damaged,20338,Home
405438,327678,2026-05-05,Changed Mind,20269,Home
405439,354395,2026-08-16,Changed Mind,20007,Electronics
405440,353018,2025-04-26,Size Issue,20293,Home
405441,356279,2024-12-24,Size Issue,20443,Beauty
405442,306899,2026-07-05,Size Issue,20580,Sports
405443,337106,2024-09-07,Damaged,20558,Sports
405444,344633,2026-05-22,Quality Issue,20055,Electronics
405445,339499,2025-10-26,Late Delivery,20395,Beauty
405446,306489,2025-08-16,Late Delivery,20034,Electronics
405447,349808,2025-03-26,Quality Issue,20186,Fashion
405448,300787,2026-01-01,Damaged,20276,Home
405449,300748,2025-02-05,Quality Issue,20301,Home
405450,302346,2025-05-11,Wrong Item,20257,Home
405451,303225,2025-10-04,Late Delivery,20368,Beauty
405452,308867,2025-08-28,Quality Issue,20331,Home
405453,323801,2025-06-08,Late Delivery,20052,Electronics
405454,355321,2026-05-17,Damaged,20359,Home
405455,357542,2024-10-31,Size Issue,20100,Electronics
405456,314180,2025-05-28,Changed Mind,20246,Home
405457,323708,2026-02-26,Damaged,20192,Fashion
405458,303405,2025-06-14,Size Issue,20364,Beauty
405459,356397,2025-03-16,Quality Issue,20141,Fashion
405460,301980,2025-02-10,Changed Mind,20084,Electronics
405461,351411,2025-08-31,Size Issue,20207,Fashion
405462,321491,2026-03-06,Wrong Item,20319,Home
405463,342511,2024-12-26,Wrong Item,20523,Sports
405464,337949,2025-07-11,Damaged,20364,Beauty
405465,336884,2025-01-18,Size Issue,20449,Beauty
405466,358474,2026-09-08,Quality Issue,20261,Home
405467,324062,2024-09-13,Damaged,20338,Home
405468,303382,2024-05-31,Wrong Item,20369,Beauty
405469,306458,2025-08-28,Late Delivery,20229,Fashion
405470,326955,2024-09-28,Damaged,20501,Sports
405471,328202,2025-10-10,Damaged,20520,Sports
405472,341912,2026-06-21,Wrong Item,20001,Electronics
405473,327657,2025-12-30,Quality Issue,20422,Beauty
405474,354340,2024-02-20,Quality Issue,20502,Sports
405475,322372,2026-03-30,Damaged,20537,Sports
405476,343937,2026-09-06,Wrong Item,20238,Fashion
405477,347697,2026-03-02,Quality Issue,20496,Sports
405478,320881,2025-09-22,Quality Issue,20024,Electronics
405479,339276,2025-03-05,Late Delivery,20023,Electronics
405480,306592,2024-09-16,Damaged,20149,Fashion
405481,312307,2026-07-25,Wrong Item,20186,Fashion
405482,317240,2025-11-15,Quality Issue,20375,Beauty
405483,304071,2026-09-08,Quality Issue,20525,Sports
405484,356653,2024-06-04,Size Issue,20192,Fashion
405485,304808,2025-10-08,Changed Mind,20038,Electronics
405486,357276,2025-07-09,Size Issue,20532,Sports
405487,349217,2024-07-31,Wrong Item,20242,Home
405488,345795,2025-04-21,Size Issue,20198,Fashion
405489,318215,2024-03-23,Quality Issue,20187,Fashion
405490,327159,2026-04-14,Quality Issue,20430,Beauty
405491,340665,2026-04-21,Late Delivery,20452,Beauty
405492,356294,2024-04-27,Size Issue,20542,Sports
405493,304170,2025-07-07,Quality Issue,20053,Electronics
405494,340303,2025-01-21,Wrong Item,20061,Electronics
405495,354391,2024-02-29,Late Delivery,20552,Sports
405496,319102,2024-08-19,Size Issue,20309,Home
405497,316954,2024-05-24,Wrong Item,20009,Electronics
405498,358804,2026-08-05,Wrong Item,20140,Fashion
405499,331723,2024-10-07,Size Issue,20459,Beauty
405500,336083,2026-05-19,Quality Issue,20194,Fashion
405501,332102,2026-05-29,Size Issue,20212,Fashion
405502,321903,2025-06-19,Size Issue,20214,Fashion
405503,325803,2025-05-28,Size Issue,20243,Home
405504,329958,2025-03-18,Size Issue,20059,Electronics
405505,322122,2026-06-13,Size Issue,20161,Fashion
405506,302239,2025-10-02,Late Delivery,20230,Fashion
405507,348175,2024-02-10,Changed Mind,20037,Electronics
405508,330204,2025-08-28,Quality Issue,20040,Electronics
405509,304617,2024-10-31,Size Issue,20259,Home
405510,300026,2026-01-22,Changed Mind,20210,Fashion
405511,351658,2025-03-10,Late Delivery,20548,Sports
405512,339212,2026-09-04,Damaged,20395,Beauty
405513,340547,2026-09-03,Size Issue,20477,Beauty
405514,349198,2026-02-05,Quality Issue,20304,Home
405515,329981,2024-10-27,Quality Issue,20022,Electronics
405516,308625,2024-06-13,Damaged,20324,Home
405517,354365,2025-08-07,Quality Issue,20300,Home
405518,322767,2025-07-01,Damaged,20047,Electronics
405519,342952,2024-12-05,Size Issue,20199,Fashion
405520,339615,2026-03-29,Quality Issue,20502,Sports
405521,338813,2026-08-24,Changed Mind,20126,Fashion
405522,352477,2025-04-24,Size Issue,20069,Electronics
405523,309729,2026-07-31,Damaged,20319,Home
405524,311371,2025-06-22,Size Issue,20228,Fashion
405525,359557,2024-04-06,Late Delivery,20259,Home
405526,339321,2025-11-11,Damaged,20167,Fashion
405527,303693,2024-10-12,Wrong Item,20420,Beauty
405528,321521,2026-07-20,Late Delivery,20592,Sports
405529,320523,2024-02-11,Damaged,20545,Sports
405530,302064,2024-02-21,Quality Issue,20168,Fashion
405531,337154,2024-04-06,Wrong Item,20255,Home
405532,357806,2025-10-16,Quality Issue,20263,Home
405533,354075,2024-12-13,Size Issue,20511,Sports
405534,338848,2026-04-24,Quality Issue,20200,Fashion
405535,333923,2025-10-01,Quality Issue,20097,Electronics
405536,334994,2026-05-31,Damaged,20270,Home
405537,352728,2025-04-15,Size Issue,20184,Fashion
405538,328145,2025-10-20,Size Issue,20018,Electronics
405539,300383,2025-03-06,Wrong Item,20391,Beauty
405540,311677,2025-08-25,Late Delivery,20123,Fashion
405541,303336,2024-06-15,Damaged,20460,Beauty
405542,341599,2025-02-17,Wrong Item,20447,Beauty
405543,331285,2025-03-23,Late Delivery,20312,Home
405544,346003,2025-11-17,Damaged,20151,Fashion
405545,341633,2025-03-11,Damaged,20491,Sports
405546,342412,2024-09-28,Quality Issue,20373,Beauty
405547,343534,2025-09-20,Quality Issue,20231,Fashion
405548,326521,2025-04-19,Size Issue,20188,Fashion
405549,353903,2025-06-29,Quality Issue,20235,Fashion
405550,331245,2024-09-20,Size Issue,20307,Home
405551,317958,2026-03-16,Size Issue,20416,Beauty
405552,348236,2026-08-11,Changed Mind,20068,Electronics
405553,346636,2026-05-06,Late Delivery,20165,Fashion
405554,331977,2024-05-14,Changed Mind,20141,Fashion
405555,331422,2026-08-10,Changed Mind,20159,Fashion
405556,327321,2025-07-27,Quality Issue,20309,Home
405557,310661,2026-04-05,Quality Issue,20563,Sports
405558,358322,2025-04-08,Damaged,20575,Sports
405559,358943,2025-05-08,Quality Issue,20598,Sports
405560,328686,2024-12-17,Late Delivery,20321,Home
405561,354417,2025-02-02,Quality Issue,20019,Electronics
405562,336956,2026-02-06,Quality Issue,20430,Beauty
405563,328864,2026-04-19,Late Delivery,20251,Home
405564,351004,2026-04-14,Late Delivery,20046,Electronics
405565,325204,2026-09-06,Quality Issue,20211,Fashion
405566,339426,2025-08-22,Quality Issue,20234,Fashion
405567,321182,2026-05-04,Damaged,20010,Electronics
405568,324712,2025-01-28,Quality Issue,20230,Fashion
405569,320561,2026-08-27,Quality Issue,20394,Beauty
405570,303370,2024-02-07,Changed Mind,20062,Electronics
405571,359647,2026-02-08,Quality Issue,20077,Electronics
405572,315821,2024-02-15,Changed Mind,20270,Home
405573,345219,2024-12-31,Wrong Item,20561,Sports
405574,314798,2026-03-18,Wrong Item,20430,Beauty
405575,308833,2026-08-13,Damaged,20430,Beauty
405576,338880,2025-04-01,Damaged,20509,Sports
405577,308172,2026-02-20,Late Delivery,20175,Fashion
405578,309725,2026-03-06,Wrong Item,20283,Home
405579,345144,2026-08-23,Quality Issue,20516,Sports
405580,312704,2026-02-05,Changed Mind,20305,Home
405581,312227,2025-04-26,Quality Issue,20568,Sports
405582,300063,2026-03-18,Late Delivery,20542,Sports
405583,323793,2025-03-20,Size Issue,20128,Fashion
405584,355748,2026-05-01,Wrong Item,20002,Electronics
405585,337258,2025-02-13,Size Issue,20477,Beauty
405586,330660,2024-04-14,Damaged,20059,Electronics
405587,337018,2025-10-04,Damaged,20110,Electronics
405588,306910,2025-06-04,Wrong Item,20201,Fashion
405589,313062,2024-05-07,Quality Issue,20460,Beauty
405590,325824,2025-09-15,Size Issue,20237,Fashion
405591,337134,2026-04-20,Changed Mind,20117,Electronics
405592,324756,2025-06-23,Quality Issue,20562,Sports
405593,337869,2025-08-03,Damaged,20226,Fashion
405594,304580,2025-08-16,Quality Issue,20414,Beauty
405595,318783,2026-08-14,Wrong Item,20180,Fashion
405596,357254,2024-11-15,Changed Mind,20403,Beauty
405597,335291,2024-10-14,Damaged,20586,Sports
405598,353290,2026-05-26,Late Delivery,20095,Electronics
405599,349355,2025-01-29,Wrong Item,20531,Sports
405600,337579,2024-10-04,Size Issue,20128,Fashion
405601,350828,2026-01-15,Damaged,20587,Sports
405602,304674,2025-06-08,Wrong Item,20378,Beauty
405603,354624,2024-05-28,Quality Issue,20189,Fashion
405604,311653,2025-08-28,Damaged,20449,Beauty
405605,357239,2024-02-05,Damaged,20159,Fashion
405606,353008,2025-04-25,Changed Mind,20450,Beauty
405607,349195,2024-10-08,Size Issue,20306,Home
405608,325509,2026-07-01,Wrong Item,20002,Electronics
405609,320821,2025-04-23,Size Issue,20003,Electronics
405610,348900,2024-08-21,Size Issue,20418,Beauty
405611,308924,2026-06-18,Quality Issue,20443,Beauty
405612,350185,2025-02-15,Late Delivery,20460,Beauty
405613,325391,2024-09-21,Quality Issue,20545,Sports
405614,358829,2024-09-01,Wrong Item,20528,Sports
405615,321006,2024-12-31,Late Delivery,20155,Fashion
405616,317859,2025-07-25,Quality Issue,20577,Sports
405617,340790,2025-09-01,Late Delivery,20030,Electronics
405618,312074,2026-03-26,Quality Issue,20501,Sports
405619,333586,2026-03-17,Damaged,20496,Sports
405620,314427,2025-09-15,Damaged,20577,Sports
405621,333051,2024-06-22,Quality Issue,20333,Home
405622,356857,2025-01-14,Quality Issue,20193,Fashion
405623,358017,2026-01-09,Size Issue,20041,Electronics
405624,310476,2025-01-03,Quality Issue,20110,Electronics
405625,301649,2025-11-13,Damaged,20477,Beauty
405626,315262,2024-12-27,Damaged,20243,Home
405627,328589,2025-12-17,Wrong Item,20488,Sports
405628,307887,2026-05-15,Wrong Item,20047,Electronics
405629,348160,2024-02-10,Late Delivery,20367,Beauty
405630,333028,2025-06-03,Quality Issue,20164,Fashion
405631,306174,2025-07-26,Wrong Item,20026,Electronics
405632,320446,2025-02-19,Size Issue,20466,Beauty
405633,347627,2025-01-30,Wrong Item,20427,Beauty
405634,314536,2026-02-01,Changed Mind,20167,Fashion
405635,301978,2026-09-04,Quality Issue,20075,Electronics
405636,330306,2024-03-05,Late Delivery,20541,Sports
405637,335602,2025-02-22,Changed Mind,20346,Home
405638,301285,2024-06-22,Damaged,20400,Beauty
405639,340632,2025-12-13,Wrong Item,20473,Beauty
405640,310170,2025-08-06,Quality Issue,20347,Home
405641,345299,2024-09-28,Quality Issue,20446,Beauty
405642,347952,2025-01-02,Wrong Item,20448,Beauty
405643,336114,2026-07-19,Changed Mind,20397,Beauty
405644,302223,2025-07-09,Size Issue,20139,Fashion
405645,357508,2026-04-27,Wrong Item,20026,Electronics
405646,313082,2025-04-24,Size Issue,20592,Sports
405647,335924,2025-06-22,Late Delivery,20239,Fashion
405648,307982,2025-03-11,Size Issue,20113,Electronics
405649,311166,2026-05-08,Size Issue,20397,Beauty
405650,304894,2025-11-05,Changed Mind,20382,Beauty
405651,318819,2024-03-27,Quality Issue,20334,Home
405652,312630,2024-09-15,Size Issue,20542,Sports
405653,341512,2025-07-06,Size Issue,20252,Home
405654,353615,2025-04-15,Size Issue,20199,Fashion
405655,305914,2026-09-12,Wrong Item,20569,Sports
405656,355656,2024-10-07,Changed Mind,20167,Fashion
405657,338040,2025-10-03,Quality Issue,20128,Fashion
405658,317695,2025-08-17,Changed Mind,20213,Fashion
405659,314341,2025-07-04,Wrong Item,20074,Electronics
405660,301247,2024-03-23,Damaged,20439,Beauty
405661,300710,2025-05-01,Quality Issue,20303,Home
405662,301612,2025-06-09,Damaged,20410,Beauty
405663,347496,2024-10-04,Damaged,20270,Home
405664,322406,2026-06-14,Size Issue,20047,Electronics
405665,331969,2025-02-09,Changed Mind,20242,Home
405666,340736,2026-01-06,Changed Mind,20287,Home
405667,335558,2025-08-31,Damaged,20064,Electronics
405668,338211,2025-03-04,Damaged,20070,Electronics
405669,345334,2026-09-19,Changed Mind,20484,Sports
405670,312233,2025-01-12,Late Delivery,20488,Sports
405671,353381,2025-04-25,Wrong Item,20080,Electronics
405672,354519,2024-04-07,Wrong Item,20402,Beauty
405673,339562,2025-03-23,Changed Mind,20035,Electronics
405674,358901,2026-02-22,Size Issue,20228,Fashion
405675,325217,2025-02-18,Size Issue,20388,Beauty
405676,315672,2026-01-19,Changed Mind,20165,Fashion
405677,302688,2025-06-05,Changed Mind,20278,Home
405678,311155,2025-10-15,Late Delivery,20101,Electronics
405679,352830,2025-10-04,Quality Issue,20194,Fashion
405680,303338,2025-09-16,Size Issue,20293,Home
405681,328317,2024-11-22,Wrong Item,20354,Home
405682,310042,2026-02-15,Wrong Item,20197,Fashion
405683,312212,2026-02-01,Size Issue,20532,Sports
405684,341484,2026-08-25,Damaged,20132,Fashion
405685,310414,2024-08-18,Damaged,20339,Home
405686,325665,2026-09-08,Wrong Item,20479,Beauty
405687,313857,2025-09-17,Damaged,20203,Fashion
405688,304188,2026-03-30,Changed Mind,20144,Fashion
405689,315600,2026-01-21,Late Delivery,20429,Beauty
405690,357208,2025-01-05,Damaged,20223,Fashion
405691,350096,2025-02-18,Damaged,20383,Beauty
405692,304612,2024-12-22,Wrong Item,20122,Fashion
405693,349388,2026-03-10,Damaged,20010,Electronics
405694,352380,2024-07-03,Size Issue,20069,Electronics
405695,317340,2024-08-15,Late Delivery,20299,Home
405696,332239,2026-07-20,Size Issue,20413,Beauty
405697,313790,2025-05-11,Damaged,20238,Fashion
405698,328516,2026-04-15,Damaged,20551,Sports
405699,355837,2026-01-30,Changed Mind,20130,Fashion
405700,327123,2024-12-28,Quality Issue,20269,Home
405701,356345,2025-10-03,Damaged,20460,Beauty
405702,321060,2025-09-26,Quality Issue,20173,Fashion
405703,335936,2025-07-15,Quality Issue,20417,Beauty
405704,357029,2024-12-17,Late Delivery,20115,Electronics
405705,312446,2025-12-31,Size Issue,20369,Beauty
405706,358697,2024-05-30,Changed Mind,20370,Beauty
405707,350220,2026-04-08,Quality Issue,20080,Electronics
405708,341164,2026-01-19,Wrong Item,20118,Electronics
405709,303620,2025-03-20,Size Issue,20254,Home
405710,339011,2026-05-01,Quality Issue,20501,Sports
405711,313468,2025-01-08,Wrong Item,20008,Electronics
405712,300493,2024-03-28,Late Delivery,20321,Home
405713,355897,2025-09-17,Size Issue,20378,Beauty
405714,324273,2024-02-06,Quality Issue,20550,Sports
405715,345727,2025-05-04,Size Issue,20571,Sports
405716,307007,2024-09-28,Quality Issue,20253,Home
405717,303652,2024-09-07,Late Delivery,20219,Fashion
405718,307872,2024-04-30,Quality Issue,20409,Beauty
405719,357758,2025-02-04,Late Delivery,20137,Fashion
405720,346151,2025-09-14,Damaged,20387,Beauty
405721,358379,2025-07-05,Wrong Item,20501,Sports
405722,336561,2025-08-24,Damaged,20595,Sports
405723,351114,2024-01-18,Changed Mind,20123,Fashion
405724,332231,2026-08-15,Damaged,20237,Fashion
405725,353020,2024-03-05,Damaged,20550,Sports
405726,338697,2025-12-05,Changed Mind,20595,Sports
405727,324548,2024-03-26,Late Delivery,20499,Sports
405728,310834,2026-04-11,Size Issue,20056,Electronics
405729,314766,2024-01-19,Damaged,20355,Home
405730,305055,2025-09-17,Wrong Item,20473,Beauty
405731,326219,2026-03-06,Wrong Item,20037,Electronics
405732,325978,2025-08-20,Damaged,20178,Fashion
405733,359267,2024-11-22,Late Delivery,20522,Sports
405734,309313,2025-12-16,Damaged,20162,Fashion
405735,325270,2026-07-02,Late Delivery,20393,Beauty
405736,321144,2026-09-11,Changed Mind,20164,Fashion
405737,312339,2025-06-22,Size Issue,20257,Home
405738,335563,2026-06-24,Quality Issue,20423,Beauty
405739,334118,2024-10-11,Wrong Item,20497,Sports
405740,332253,2026-05-29,Quality Issue,20029,Electronics
405741,330476,2025-07-28,Quality Issue,20147,Fashion
405742,317855,2025-05-24,Changed Mind,20034,Electronics
405743,314637,2025-06-15,Size Issue,20189,Fashion
405744,359576,2026-02-22,Size Issue,20141,Fashion
405745,330896,2024-05-08,Size Issue,20317,Home
405746,318530,2025-09-19,Late Delivery,20443,Beauty
405747,357227,2026-03-17,Late Delivery,20393,Beauty
405748,315326,2024-06-30,Wrong Item,20230,Fashion
405749,333928,2024-06-15,Late Delivery,20290,Home
405750,322999,2026-08-24,Late Delivery,20427,Beauty
405751,319767,2025-03-13,Damaged,20563,Sports
405752,334305,2025-09-22,Wrong Item,20220,Fashion
405753,342285,2026-08-14,Changed Mind,20548,Sports
405754,341016,2024-09-24,Size Issue,20387,Beauty
405755,327956,2026-05-22,Late Delivery,20595,Sports
405756,308823,2026-03-01,Wrong Item,20459,Beauty
405757,302836,2024-07-10,Quality Issue,20458,Beauty
405758,322260,2024-09-28,Quality Issue,20590,Sports
405759,352566,2026-08-27,Quality Issue,20215,Fashion
405760,355700,2024-12-13,Damaged,20544,Sports
405761,314142,2026-01-27,Late Delivery,20560,Sports
405762,342844,2024-08-27,Damaged,20527,Sports
405763,323960,2025-01-07,Size Issue,20218,Fashion
405764,338770,2026-05-04,Quality Issue,20396,Beauty
405765,323468,2026-02-10,Late Delivery,20404,Beauty
405766,358029,2024-07-12,Size Issue,20037,Electronics
405767,331215,2024-02-10,Damaged,20492,Sports
405768,310900,2025-03-30,Quality Issue,20170,Fashion
405769,356236,2024-08-30,Late Delivery,20176,Fashion
405770,337557,2024-05-10,Late Delivery,20105,Electronics
405771,317269,2026-04-26,Size Issue,20402,Beauty
405772,329232,2025-10-04,Size Issue,20499,Sports
405773,359196,2024-12-29,Damaged,20283,Home
405774,346164,2026-05-17,Damaged,20340,Home
405775,313339,2026-07-07,Damaged,20192,Fashion
405776,309001,2025-11-02,Quality Issue,20257,Home
405777,310095,2025-07-19,Size Issue,20447,Beauty
405778,359125,2024-07-14,Quality Issue,20301,Home
405779,321130,2026-07-01,Size Issue,20586,Sports
405780,315121,2025-01-11,Wrong Item,20407,Beauty
405781,334693,2025-11-01,Wrong Item,20043,Electronics
405782,330678,2025-12-30,Size Issue,20296,Home
405783,342892,2025-01-21,Damaged,20247,Home
405784,333687,2024-11-13,Late Delivery,20218,Fashion
405785,333921,2026-02-12,Damaged,20600,Sports
405786,328363,2024-03-21,Size Issue,20366,Beauty
405787,327315,2025-10-14,Size Issue,20373,Beauty
405788,328901,2025-07-23,Damaged,20310,Home
405789,335384,2026-01-17,Wrong Item,20444,Beauty
405790,302673,2024-04-19,Damaged,20117,Electronics
405791,350591,2026-05-14,Wrong Item,20088,Electronics
405792,334706,2024-04-25,Quality Issue,20329,Home
405793,329859,2024-11-28,Quality Issue,20279,Home
405794,331036,2025-05-11,Late Delivery,20084,Electronics
405795,321875,2025-01-19,Wrong Item,20382,Beauty
405796,318727,2025-10-03,Wrong Item,20060,Electronics
405797,325933,2024-03-16,Wrong Item,20530,Sports
405798,317762,2026-07-01,Size Issue,20243,Home
405799,344862,2025-07-26,Late Delivery,20488,Sports
405800,301652,2026-02-14,Changed Mind,20577,Sports
405801,354848,2025-03-10,Size Issue,20218,Fashion
405802,329629,2025-08-20,Changed Mind,20003,Electronics
405803,349761,2026-06-02,Late Delivery,20539,Sports
405804,335369,2026-07-16,Size Issue,20059,Electronics
405805,319575,2025-06-03,Size Issue,20336,Home
405806,340504,2025-06-27,Wrong Item,20332,Home
405807,308822,2025-09-05,Late Delivery,20249,Home
405808,345381,2026-07-02,Quality Issue,20401,Beauty
405809,329717,2024-10-29,Damaged,20592,Sports
405810,303833,2025-12-22,Wrong Item,20335,Home
405811,336031,2026-09-07,Wrong Item,20273,Home
405812,359012,2025-11-16,Late Delivery,20006,Electronics
405813,357474,2026-02-06,Late Delivery,20066,Electronics
405814,318425,2025-12-16,Quality Issue,20244,Home
405815,310725,2025-11-29,Late Delivery,20547,Sports
405816,325135,2024-12-25,Changed Mind,20448,Beauty
405817,302441,2024-08-01,Changed Mind,20166,Fashion
405818,326500,2026-07-20,Wrong Item,20376,Beauty
405819,302779,2024-06-05,Quality Issue,20522,Sports
405820,306102,2024-03-11,Quality Issue,20335,Home
405821,355025,2024-02-29,Changed Mind,20341,Home
405822,331449,2024-06-20,Damaged,20433,Beauty
405823,329057,2025-07-07,Late Delivery,20063,Electronics
405824,319709,2026-05-12,Damaged,20580,Sports
405825,359620,2025-04-03,Size Issue,20504,Sports
405826,313530,2025-11-24,Quality Issue,20106,Electronics
405827,307854,2026-06-23,Size Issue,20578,Sports
405828,302819,2024-07-05,Changed Mind,20268,Home
405829,314206,2024-06-30,Damaged,20519,Sports
405830,352385,2025-12-22,Wrong Item,20064,Electronics
405831,334541,2024-01-27,Quality Issue,20133,Fashion
405832,304683,2026-09-04,Wrong Item,20303,Home
405833,306412,2026-04-27,Size Issue,20600,Sports
405834,311612,2025-05-05,Size Issue,20524,Sports
405835,345644,2026-02-22,Quality Issue,20029,Electronics
405836,345146,2025-05-12,Quality Issue,20207,Fashion
405837,359704,2024-04-22,Late Delivery,20555,Sports
405838,338147,2024-10-06,Damaged,20130,Fashion
405839,338551,2025-06-02,Damaged,20046,Electronics
405840,320985,2025-11-26,Quality Issue,20053,Electronics
405841,304638,2026-04-20,Quality Issue,20577,Sports
405842,307127,2024-09-03,Late Delivery,20168,Fashion
405843,320085,2026-01-21,Size Issue,20556,Sports
405844,352726,2025-10-25,Damaged,20208,Fashion
405845,306647,2026-02-14,Quality Issue,20036,Electronics
405846,348167,2024-12-02,Size Issue,20041,Electronics
405847,347437,2025-03-02,Changed Mind,20026,Electronics
405848,302095,2024-02-15,Quality Issue,20035,Electronics
405849,342375,2024-03-15,Size Issue,20506,Sports
405850,317681,2024-10-25,Size Issue,20065,Electronics
405851,328092,2026-08-08,Quality Issue,20291,Home
405852,300889,2025-06-21,Changed Mind,20090,Electronics
405853,352965,2024-05-20,Damaged,20337,Home
405854,359370,2025-03-14,Size Issue,20380,Beauty
405855,346615,2025-07-05,Size Issue,20495,Sports
405856,311851,2025-10-28,Late Delivery,20078,Electronics
405857,339820,2026-08-15,Size Issue,20593,Sports
405858,315733,2024-10-27,Damaged,20103,Electronics
405859,310349,2024-12-15,Quality Issue,20408,Beauty
405860,300874,2025-11-14,Quality Issue,20166,Fashion
405861,337019,2026-08-28,Late Delivery,20359,Home
405862,339924,2024-11-08,Size Issue,20481,Sports
405863,337282,2025-05-03,Changed Mind,20296,Home
405864,316806,2025-01-30,Size Issue,20108,Electronics
405865,331483,2024-11-24,Wrong Item,20247,Home
405866,314879,2025-07-19,Quality Issue,20577,Sports
405867,319067,2025-12-11,Late Delivery,20573,Sports
405868,324242,2026-08-21,Changed Mind,20472,Beauty
405869,334216,2025-06-22,Quality Issue,20042,Electronics
405870,306770,2024-05-25,Size Issue,20535,Sports
405871,340060,2024-09-03,Late Delivery,20002,Electronics
405872,355825,2026-06-07,Quality Issue,20123,Fashion
405873,330913,2025-04-05,Damaged,20306,Home
405874,303184,2025-09-15,Changed Mind,20164,Fashion
405875,319492,2025-11-18,Changed Mind,20153,Fashion
405876,352097,2026-01-27,Late Delivery,20514,Sports
405877,358428,2026-07-08,Quality Issue,20187,Fashion
405878,350681,2026-03-04,Damaged,20112,Electronics
405879,317251,2026-02-24,Quality Issue,20261,Home
405880,346563,2025-05-14,Changed Mind,20048,Electronics
405881,317287,2024-03-10,Changed Mind,20038,Electronics
405882,303619,2025-04-03,Damaged,20066,Electronics
405883,352698,2024-07-12,Wrong Item,20223,Fashion
405884,320711,2024-11-02,Damaged,20561,Sports
405885,351134,2026-08-02,Damaged,20144,Fashion
405886,357985,2024-09-01,Late Delivery,20503,Sports
405887,321537,2026-08-01,Wrong Item,20438,Beauty
405888,310927,2024-12-05,Quality Issue,20568,Sports
405889,311617,2025-08-30,Damaged,20062,Electronics
405890,311244,2026-07-04,Quality Issue,20434,Beauty
405891,357739,2026-04-09,Wrong Item,20003,Electronics
405892,336340,2026-08-24,Wrong Item,20004,Electronics
405893,350216,2025-01-08,Damaged,20472,Beauty
405894,311836,2026-05-04,Damaged,20297,Home
405895,303302,2025-07-15,Size Issue,20249,Home
405896,300851,2024-02-06,Damaged,20023,Electronics
405897,331730,2025-08-05,Wrong Item,20464,Beauty
405898,323997,2026-01-23,Wrong Item,20091,Electronics
405899,322089,2024-05-17,Quality Issue,20184,Fashion
405900,338490,2024-02-08,Late Delivery,20546,Sports
405901,333788,2026-09-01,Size Issue,20330,Home
405902,337648,2025-09-29,Size Issue,20474,Beauty
405903,357723,2026-03-09,Late Delivery,20294,Home
405904,318588,2026-07-30,Damaged,20472,Beauty
405905,327565,2026-05-08,Quality Issue,20104,Electronics
405906,323267,2024-09-21,Late Delivery,20026,Electronics
405907,340514,2025-12-17,Changed Mind,20187,Fashion
405908,312863,2026-03-11,Quality Issue,20418,Beauty
405909,344955,2025-08-08,Damaged,20010,Electronics
405910,314317,2026-06-15,Size Issue,20051,Electronics
405911,357591,2025-05-14,Wrong Item,20513,Sports
405912,359291,2025-05-28,Quality Issue,20125,Fashion
405913,337215,2024-08-13,Changed Mind,20531,Sports
405914,328618,2024-10-25,Late Delivery,20292,Home
405915,352237,2026-06-24,Late Delivery,20107,Electronics
405916,353117,2024-11-01,Size Issue,20036,Electronics
405917,313207,2026-05-09,Size Issue,20368,Beauty
405918,326672,2026-03-14,Late Delivery,20020,Electronics
405919,354017,2026-09-28,Size Issue,20058,Electronics
405920,333723,2025-11-14,Damaged,20299,Home
405921,317578,2024-11-16,Size Issue,20112,Electronics
405922,324175,2025-09-20,Wrong Item,20338,Home
405923,350760,2024-03-15,Damaged,20263,Home
405924,345931,2025-09-17,Size Issue,20521,Sports
405925,304602,2025-07-22,Quality Issue,20038,Electronics
405926,352898,2025-09-29,Wrong Item,20075,Electronics
405927,306976,2024-06-16,Damaged,20214,Fashion
405928,328567,2026-06-01,Size Issue,20361,Beauty
405929,344906,2026-08-07,Changed Mind,20093,Electronics
405930,351385,2025-02-17,Size Issue,20002,Electronics
405931,325257,2024-12-06,Damaged,20276,Home
405932,309314,2025-08-29,Changed Mind,20345,Home
405933,347839,2025-05-14,Wrong Item,20533,Sports
405934,314254,2025-07-18,Changed Mind,20254,Home
405935,309050,2024-08-24,Quality Issue,20254,Home
405936,347321,2026-09-11,Changed Mind,20508,Sports
405937,347951,2024-12-18,Size Issue,20394,Beauty
405938,340806,2026-03-12,Wrong Item,20271,Home
405939,357291,2025-09-09,Damaged,20260,Home
405940,310234,2026-08-06,Wrong Item,20015,Electronics
405941,322438,2025-05-20,Quality Issue,20171,Fashion
405942,356067,2026-05-19,Quality Issue,20453,Beauty
405943,337751,2026-08-19,Quality Issue,20314,Home
405944,303733,2026-04-05,Quality Issue,20063,Electronics
405945,310053,2025-09-30,Damaged,20184,Fashion
405946,328278,2026-02-28,Wrong Item,20301,Home
405947,330032,2025-12-16,Late Delivery,20368,Beauty
405948,359822,2026-08-06,Changed Mind,20466,Beauty
405949,322592,2026-07-10,Damaged,20285,Home
405950,306033,2026-04-27,Size Issue,20526,Sports
405951,337103,2024-03-10,Quality Issue,20600,Sports
405952,331885,2025-04-20,Late Delivery,20226,Fashion
405953,319795,2025-12-10,Damaged,20359,Home
405954,318888,2026-08-11,Damaged,20163,Fashion
405955,340821,2025-12-13,Quality Issue,20282,Home
405956,316761,2024-11-22,Late Delivery,20431,Beauty
405957,305269,2026-07-07,Quality Issue,20537,Sports
405958,316481,2025-10-26,Quality Issue,20396,Beauty
405959,311164,2024-09-04,Quality Issue,20301,Home
405960,350017,2025-04-06,Damaged,20591,Sports
405961,310955,2026-07-13,Late Delivery,20545,Sports
405962,306709,2026-05-14,Damaged,20313,Home
405963,313985,2026-08-31,Late Delivery,20538,Sports
405964,348348,2025-06-08,Wrong Item,20398,Beauty
405965,304496,2024-07-17,Changed Mind,20441,Beauty
405966,359074,2024-04-25,Size Issue,20443,Beauty
405967,358772,2024-11-14,Damaged,20031,Electronics
405968,318983,2024-04-30,Wrong Item,20547,Sports
405969,341630,2025-01-11,Quality Issue,20204,Fashion
405970,338178,2024-08-19,Damaged,20595,Sports
405971,342483,2025-12-26,Damaged,20115,Electronics
405972,331010,2025-05-19,Changed Mind,20105,Electronics
405973,341923,2025-01-09,Quality Issue,20498,Sports
405974,356401,2026-09-15,Damaged,20087,Electronics
405975,349480,2025-01-09,Changed Mind,20565,Sports
405976,313406,2024-03-05,Damaged,20491,Sports
405977,352164,2024-07-16,Late Delivery,20201,Fashion
405978,325440,2024-07-04,Quality Issue,20425,Beauty
405979,301599,2026-03-14,Late Delivery,20571,Sports
405980,318495,2025-07-08,Quality Issue,20490,Sports
405981,316608,2026-10-05,Damaged,20119,Electronics
405982,316049,2024-03-10,Quality Issue,20236,Fashion
405983,307838,2025-04-04,Size Issue,20352,Home
405984,331759,2025-10-17,Changed Mind,20246,Home
405985,316929,2025-12-29,Wrong Item,20466,Beauty
405986,302789,2025-03-06,Damaged,20109,Electronics
405987,318368,2025-12-19,Size Issue,20346,Home
405988,323324,2025-01-27,Wrong Item,20377,Beauty
405989,350857,2025-04-23,Damaged,20102,Electronics
405990,335996,2024-06-25,Wrong Item,20018,Electronics
405991,348841,2025-09-29,Damaged,20056,Electronics
405992,359184,2024-10-25,Wrong Item,20165,Fashion
405993,316383,2025-04-11,Changed Mind,20091,Electronics
405994,336045,2025-11-22,Size Issue,20229,Fashion
405995,359732,2026-09-05,Damaged,20445,Beauty
405996,303743,2024-04-23,Size Issue,20051,Electronics
405997,324795,2025-08-15,Changed Mind,20297,Home
405998,325782,2025-12-17,Damaged,20306,Home
405999,317970,2024-09-28,Size Issue,20113,Electronics
406000,328637,2026-06-05,Quality Issue,20384,Beauty
406001,318748,2024-05-20,Size Issue,20575,Sports
406002,322892,2024-06-01,Size Issue,20234,Fashion
406003,349351,2026-07-07,Changed Mind,20368,Beauty
406004,317648,2026-07-20,Quality Issue,20126,Fashion
406005,350853,2025-03-02,Damaged,20071,Electronics
406006,323684,2024-12-14,Wrong Item,20598,Sports
406007,304730,2026-02-06,Quality Issue,20592,Sports
406008,326525,2026-02-20,Quality Issue,20089,Electronics
406009,342540,2026-03-19,Damaged,20039,Electronics
406010,345040,2024-10-13,Size Issue,20390,Beauty
406011,328269,2026-01-01,Quality Issue,20213,Fashion
406012,320134,2025-11-18,Wrong Item,20010,Electronics
406013,308362,2025-08-25,Quality Issue,20576,Sports
406014,324668,2026-08-09,Changed Mind,20450,Beauty
406015,359690,2024-12-08,Size Issue,20158,Fashion
406016,333987,2025-08-16,Wrong Item,20353,Home
406017,322187,2026-05-01,Damaged,20068,Electronics
406018,357654,2025-09-04,Damaged,20596,Sports
406019,322308,2026-09-01,Quality Issue,20009,Electronics
406020,302863,2026-04-14,Size Issue,20551,Sports
406021,326539,2024-06-12,Wrong Item,20300,Home
406022,317936,2025-09-13,Late Delivery,20402,Beauty
406023,318549,2024-04-17,Late Delivery,20136,Fashion
406024,351919,2025-06-26,Quality Issue,20202,Fashion
406025,337732,2025-12-31,Late Delivery,20055,Electronics
406026,347100,2025-03-15,Size Issue,20345,Home
406027,307238,2024-07-17,Quality Issue,20448,Beauty
406028,320241,2026-06-01,Quality Issue,20454,Beauty
406029,304937,2025-02-08,Wrong Item,20050,Electronics
406030,305719,2024-02-14,Damaged,20563,Sports
406031,340085,2025-07-27,Damaged,20053,Electronics
406032,339570,2024-12-27,Changed Mind,20075,Electronics
406033,357500,2026-06-16,Quality Issue,20211,Fashion
406034,315638,2026-02-11,Changed Mind,20094,Electronics
406035,347157,2025-05-13,Damaged,20541,Sports
406036,331211,2026-04-13,Size Issue,20371,Beauty
406037,328527,2024-09-25,Quality Issue,20537,Sports
406038,326914,2026-04-28,Quality Issue,20598,Sports
406039,310180,2026-06-26,Quality Issue,20121,Fashion
406040,336501,2026-09-05,Late Delivery,20387,Beauty
406041,317523,2025-01-18,Quality Issue,20278,Home
406042,342691,2025-06-25,Quality Issue,20466,Beauty
406043,305511,2024-04-21,Damaged,20187,Fashion
406044,328916,2024-05-19,Size Issue,20148,Fashion
406045,349129,2024-07-27,Quality Issue,20436,Beauty
406046,302181,2025-11-08,Late Delivery,20118,Electronics
406047,350514,2024-11-27,Wrong Item,20041,Electronics
406048,324340,2026-05-14,Damaged,20069,Electronics
406049,311766,2025-02-19,Late Delivery,20573,Sports
406050,325425,2024-01-19,Changed Mind,20067,Electronics
406051,308598,2024-02-07,Quality Issue,20181,Fashion
406052,314181,2026-02-19,Wrong Item,20564,Sports
406053,303635,2024-06-16,Wrong Item,20305,Home
406054,355019,2025-04-27,Size Issue,20374,Beauty
406055,344690,2025-02-15,Damaged,20556,Sports
406056,324560,2026-07-25,Damaged,20425,Beauty
406057,316471,2026-02-27,Size Issue,20045,Electronics
406058,338927,2024-05-27,Size Issue,20136,Fashion
406059,343971,2026-01-29,Changed Mind,20187,Fashion
406060,350474,2026-05-08,Quality Issue,20037,Electronics
406061,338030,2025-07-24,Changed Mind,20379,Beauty
406062,346714,2026-01-13,Late Delivery,20085,Electronics
406063,340932,2026-09-02,Damaged,20586,Sports
406064,306950,2025-08-23,Size Issue,20481,Sports
406065,321902,2024-04-27,Size Issue,20531,Sports
406066,348856,2025-06-23,Wrong Item,20565,Sports
406067,320739,2025-02-01,Damaged,20133,Fashion
406068,338911,2024-12-23,Changed Mind,20537,Sports
406069,329787,2026-03-21,Quality Issue,20249,Home
406070,348861,2024-11-10,Damaged,20109,Electronics
406071,327109,2025-07-18,Late Delivery,20500,Sports
406072,309935,2026-04-23,Late Delivery,20522,Sports
406073,346365,2026-03-29,Size Issue,20150,Fashion
406074,324532,2026-03-30,Size Issue,20543,Sports
406075,322945,2025-08-26,Damaged,20330,Home
406076,357132,2025-11-22,Changed Mind,20092,Electronics
406077,300142,2026-08-08,Quality Issue,20090,Electronics
406078,336601,2026-05-15,Changed Mind,20446,Beauty
406079,347893,2025-11-06,Size Issue,20134,Fashion
406080,332492,2025-08-10,Changed Mind,20011,Electronics
406081,348158,2026-03-01,Damaged,20098,Electronics
406082,312911,2026-08-30,Size Issue,20027,Electronics
406083,330396,2026-07-18,Late Delivery,20273,Home
406084,342458,2026-08-04,Size Issue,20037,Electronics
406085,339886,2026-04-07,Changed Mind,20351,Home
406086,324810,2026-05-13,Size Issue,20214,Fashion
406087,351800,2024-08-25,Damaged,20389,Beauty
406088,319622,2026-03-15,Changed Mind,20281,Home
406089,309195,2026-04-02,Damaged,20324,Home
406090,348902,2025-05-14,Wrong Item,20254,Home
406091,306418,2024-09-15,Wrong Item,20062,Electronics
406092,325292,2025-08-01,Size Issue,20073,Electronics
406093,302104,2025-09-26,Quality Issue,20536,Sports
406094,350954,2025-05-23,Late Delivery,20276,Home
406095,346183,2024-04-07,Wrong Item,20490,Sports
406096,341830,2026-05-17,Changed Mind,20417,Beauty
406097,356872,2024-10-21,Wrong Item,20263,Home
406098,341085,2026-08-06,Late Delivery,20409,Beauty
406099,306786,2024-04-10,Size Issue,20221,Fashion
406100,340133,2025-09-17,Size Issue,20134,Fashion
406101,319766,2025-04-10,Wrong Item,20481,Sports
406102,351195,2025-03-25,Quality Issue,20186,Fashion
406103,357914,2024-04-01,Changed Mind,20327,Home
406104,322820,2024-11-22,Wrong Item,20588,Sports
406105,320005,2026-02-15,Changed Mind,20131,Fashion
406106,311940,2026-04-07,Damaged,20548,Sports
406107,338001,2026-03-31,Late Delivery,20541,Sports
406108,339062,2024-10-28,Quality Issue,20443,Beauty
406109,349546,2025-12-14,Late Delivery,20439,Beauty
406110,323622,2024-09-27,Damaged,20437,Beauty
406111,356293,2025-03-09,Late Delivery,20036,Electronics
406112,330037,2025-12-28,Quality Issue,20185,Fashion
406113,346275,2026-03-28,Damaged,20423,Beauty
406114,323010,2024-04-19,Quality Issue,20488,Sports
406115,356545,2025-07-15,Damaged,20274,Home
406116,343538,2026-08-11,Damaged,20139,Fashion
406117,322920,2026-06-08,Wrong Item,20043,Electronics
406118,354335,2025-07-21,Quality Issue,20289,Home
406119,322211,2026-05-15,Late Delivery,20068,Electronics
406120,315269,2024-11-16,Changed Mind,20311,Home
406121,310780,2026-09-25,Late Delivery,20466,Beauty
406122,341429,2024-04-24,Damaged,20338,Home
406123,335852,2025-09-27,Size Issue,20553,Sports
406124,306965,2026-09-15,Late Delivery,20511,Sports
406125,316304,2025-08-08,Size Issue,20269,Home
406126,340671,2025-05-27,Damaged,20196,Fashion
406127,354964,2026-06-25,Wrong Item,20327,Home
406128,346489,2026-07-28,Damaged,20070,Electronics
406129,350759,2024-06-03,Damaged,20340,Home
406130,310997,2025-12-09,Wrong Item,20167,Fashion
406131,323919,2026-03-09,Wrong Item,20234,Fashion
406132,356666,2025-04-04,Late Delivery,20185,Fashion
406133,339788,2024-08-31,Late Delivery,20237,Fashion
406134,340826,2025-12-05,Wrong Item,20036,Electronics
406135,324171,2025-01-12,Quality Issue,20241,Home
406136,321744,2026-06-19,Late Delivery,20161,Fashion
406137,304940,2024-11-02,Size Issue,20025,Electronics
406138,351374,2024-12-27,Changed Mind,20208,Fashion
406139,332401,2026-05-09,Quality Issue,20177,Fashion
406140,308353,2026-02-12,Size Issue,20570,Sports
406141,300972,2024-12-10,Quality Issue,20486,Sports
406142,303871,2024-09-10,Late Delivery,20314,Home
406143,347578,2024-05-15,Quality Issue,20002,Electronics
406144,345877,2025-10-08,Damaged,20245,Home
406145,344481,2026-07-23,Wrong Item,20088,Electronics
406146,351160,2024-03-24,Changed Mind,20192,Fashion
406147,321013,2024-04-12,Wrong Item,20236,Fashion
406148,320539,2024-05-02,Size Issue,20272,Home
406149,350749,2025-10-11,Late Delivery,20061,Electronics
406150,348277,2025-07-06,Late Delivery,20484,Sports
406151,327150,2026-07-14,Late Delivery,20331,Home
406152,333763,2024-05-26,Quality Issue,20394,Beauty
406153,346637,2025-08-21,Damaged,20162,Fashion
406154,338447,2026-02-06,Quality Issue,20509,Sports
406155,329250,2025-02-17,Wrong Item,20229,Fashion
406156,329505,2024-07-10,Damaged,20469,Beauty
406157,308282,2025-12-14,Changed Mind,20116,Electronics
406158,311792,2025-04-10,Late Delivery,20124,Fashion
406159,339054,2026-09-05,Size Issue,20261,Home
406160,357325,2026-04-21,Wrong Item,20320,Home
406161,346618,2026-03-31,Size Issue,20067,Electronics
406162,339490,2025-09-11,Damaged,20462,Beauty
406163,357979,2025-03-09,Changed Mind,20015,Electronics
406164,332389,2024-10-13,Late Delivery,20333,Home
406165,330146,2024-10-23,Wrong Item,20318,Home
406166,352471,2026-08-07,Changed Mind,20292,Home
406167,317738,2024-04-10,Quality Issue,20241,Home
406168,301678,2026-07-13,Wrong Item,20277,Home
406169,343908,2026-02-20,Damaged,20318,Home
406170,330050,2025-12-27,Changed Mind,20361,Beauty
406171,335610,2025-03-18,Damaged,20114,Electronics
406172,325351,2025-02-05,Damaged,20294,Home
406173,336275,2025-01-19,Wrong Item,20525,Sports
406174,330641,2025-08-17,Changed Mind,20125,Fashion
406175,334151,2026-07-17,Changed Mind,20340,Home
406176,311820,2026-06-18,Changed Mind,20109,Electronics
406177,350177,2026-01-09,Late Delivery,20137,Fashion
406178,345461,2024-10-08,Late Delivery,20277,Home
406179,358419,2024-03-06,Late Delivery,20265,Home
406180,320595,2025-07-25,Damaged,20001,Electronics
406181,304960,2024-07-05,Late Delivery,20169,Fashion
406182,312672,2026-01-18,Damaged,20474,Beauty
406183,340494,2026-03-11,Quality Issue,20350,Home
406184,325483,2024-04-18,Quality Issue,20396,Beauty
406185,331513,2025-05-24,Wrong Item,20016,Electronics
406186,331187,2024-07-13,Size Issue,20392,Beauty
406187,358919,2024-06-19,Wrong Item,20293,Home
406188,334966,2025-05-24,Quality Issue,20259,Home
406189,325315,2024-04-14,Late Delivery,20505,Sports
406190,334447,2024-07-30,Wrong Item,20113,Electronics
406191,355043,2025-04-25,Late Delivery,20516,Sports
406192,314679,2025-03-21,Quality Issue,20591,Sports
406193,341289,2025-06-05,Changed Mind,20083,Electronics
406194,352661,2025-07-28,Size Issue,20106,Electronics
406195,330459,2026-03-17,Wrong Item,20267,Home
406196,354471,2025-10-13,Late Delivery,20574,Sports
406197,310901,2026-01-21,Size Issue,20198,Fashion
406198,326595,2025-06-26,Quality Issue,20268,Home
406199,343987,2024-04-07,Quality Issue,20138,Fashion
406200,334967,2026-02-07,Quality Issue,20002,Electronics
406201,353565,2026-08-10,Late Delivery,20193,Fashion
406202,331321,2026-03-26,Wrong Item,20224,Fashion
406203,332068,2025-07-08,Damaged,20084,Electronics
406204,340653,2025-06-15,Size Issue,20179,Fashion
406205,358383,2025-05-15,Wrong Item,20436,Beauty
406206,348739,2026-09-06,Quality Issue,20245,Home
406207,318173,2026-04-11,Size Issue,20236,Fashion
406208,352112,2024-08-22,Damaged,20240,Fashion
406209,357913,2024-09-05,Late Delivery,20407,Beauty
406210,357533,2025-01-24,Changed Mind,20105,Electronics
406211,352279,2024-10-04,Quality Issue,20447,Beauty
406212,327103,2025-03-13,Quality Issue,20200,Fashion
406213,355635,2024-05-04,Late Delivery,20199,Fashion
406214,311072,2025-05-31,Damaged,20234,Fashion
406215,358620,2024-07-23,Late Delivery,20146,Fashion
406216,326988,2026-07-15,Quality Issue,20278,Home
406217,323221,2026-08-03,Size Issue,20563,Sports
406218,303435,2025-03-07,Quality Issue,20572,Sports
406219,319097,2026-01-14,Size Issue,20582,Sports
406220,302894,2024-03-28,Changed Mind,20160,Fashion
406221,321859,2026-06-06,Late Delivery,20258,Home
406222,345948,2024-11-05,Quality Issue,20477,Beauty
406223,323228,2026-09-25,Quality Issue,20181,Fashion
406224,330704,2026-06-07,Changed Mind,20003,Electronics
406225,311156,2026-07-30,Wrong Item,20235,Fashion
406226,317932,2024-08-29,Damaged,20519,Sports
406227,319058,2025-01-11,Wrong Item,20219,Fashion
406228,332974,2024-11-18,Damaged,20405,Beauty
406229,313449,2024-10-08,Quality Issue,20042,Electronics
406230,327236,2026-01-25,Late Delivery,20476,Beauty
406231,310285,2025-12-20,Size Issue,20549,Sports
406232,352530,2024-06-03,Late Delivery,20229,Fashion
406233,333209,2024-02-19,Damaged,20057,Electronics
406234,320452,2024-11-02,Late Delivery,20356,Home
406235,313196,2026-02-03,Changed Mind,20543,Sports
406236,300673,2024-11-12,Size Issue,20149,Fashion
406237,313459,2026-03-04,Wrong Item,20432,Beauty
406238,344266,2026-03-27,Size Issue,20579,Sports
406239,300375,2024-05-27,Damaged,20540,Sports
406240,311814,2025-04-29,Wrong Item,20417,Beauty
406241,347483,2025-06-07,Late Delivery,20203,Fashion
406242,302493,2024-07-28,Quality Issue,20337,Home
406243,307965,2026-04-21,Changed Mind,20397,Beauty
406244,308024,2024-12-14,Damaged,20175,Fashion
406245,352425,2024-07-21,Size Issue,20079,Electronics
406246,321247,2026-06-07,Damaged,20123,Fashion
406247,353967,2026-01-25,Wrong Item,20163,Fashion
406248,352056,2024-07-25,Size Issue,20499,Sports
406249,345324,2024-09-17,Late Delivery,20123,Fashion
406250,322854,2025-05-23,Quality Issue,20563,Sports
406251,338127,2024-08-11,Wrong Item,20560,Sports
406252,335789,2025-01-25,Wrong Item,20050,Electronics
406253,306243,2024-11-01,Size Issue,20527,Sports
406254,334189,2026-08-31,Late Delivery,20186,Fashion
406255,339892,2025-02-11,Late Delivery,20113,Electronics
406256,345803,2025-10-13,Quality Issue,20266,Home
406257,319104,2025-12-01,Size Issue,20353,Home
406258,307434,2025-09-27,Damaged,20413,Beauty
406259,333625,2026-04-18,Late Delivery,20585,Sports
406260,322003,2025-07-24,Damaged,20373,Beauty
406261,334723,2025-08-08,Wrong Item,20425,Beauty
406262,349440,2024-11-28,Late Delivery,20138,Fashion
406263,344123,2026-07-15,Size Issue,20238,Fashion
406264,322598,2024-07-23,Wrong Item,20578,Sports
406265,341967,2026-01-07,Quality Issue,20532,Sports
406266,336173,2026-09-27,Late Delivery,20477,Beauty
406267,350014,2025-09-02,Damaged,20074,Electronics
406268,341340,2026-05-29,Late Delivery,20073,Electronics
406269,316565,2025-12-28,Wrong Item,20396,Beauty
406270,314186,2026-07-03,Damaged,20364,Beauty
406271,355828,2026-03-10,Late Delivery,20463,Beauty
406272,317915,2024-01-26,Damaged,20420,Beauty
406273,335497,2025-05-05,Wrong Item,20137,Fashion
406274,356168,2024-11-20,Quality Issue,20389,Beauty
406275,300410,2026-05-19,Size Issue,20490,Sports
406276,328210,2024-03-17,Quality Issue,20328,Home
406277,319724,2025-11-01,Changed Mind,20086,Electronics
406278,314386,2025-03-13,Late Delivery,20064,Electronics
406279,336300,2025-04-12,Wrong Item,20198,Fashion
406280,305262,2026-04-22,Damaged,20478,Beauty
406281,329072,2026-05-26,Wrong Item,20192,Fashion
406282,324355,2026-09-26,Changed Mind,20166,Fashion
406283,339149,2024-04-13,Damaged,20297,Home
406284,331107,2025-04-11,Quality Issue,20096,Electronics
406285,314265,2026-08-13,Wrong Item,20069,Electronics
406286,348792,2026-05-11,Quality Issue,20285,Home
406287,301656,2026-02-09,Changed Mind,20020,Electronics
406288,341706,2025-12-25,Wrong Item,20321,Home
406289,346158,2026-07-06,Quality Issue,20159,Fashion
406290,328626,2024-09-24,Wrong Item,20231,Fashion
406291,332280,2024-02-04,Changed Mind,20150,Fashion
406292,335119,2025-03-07,Changed Mind,20578,Sports
406293,347237,2024-12-11,Wrong Item,20438,Beauty
406294,324873,2026-04-02,Quality Issue,20353,Home
406295,301119,2024-07-10,Damaged,20460,Beauty
406296,357298,2026-05-19,Damaged,20374,Beauty
406297,326502,2026-04-01,Quality Issue,20462,Beauty
406298,317878,2024-11-07,Late Delivery,20573,Sports
406299,319936,2026-06-13,Damaged,20530,Sports
406300,348300,2026-08-13,Damaged,20368,Beauty
406301,347338,2024-04-02,Wrong Item,20019,Electronics
406302,357710,2025-09-07,Size Issue,20403,Beauty
406303,314784,2025-04-10,Quality Issue,20044,Electronics
406304,332484,2026-07-05,Size Issue,20208,Fashion
406305,336719,2025-01-24,Wrong Item,20306,Home
406306,305798,2025-04-23,Changed Mind,20301,Home
406307,340637,2025-01-10,Quality Issue,20425,Beauty
406308,327318,2025-10-04,Size Issue,20487,Sports
406309,344948,2025-04-22,Changed Mind,20494,Sports
406310,306205,2024-04-20,Damaged,20261,Home
406311,342550,2025-08-09,Late Delivery,20275,Home
406312,353021,2024-09-24,Changed Mind,20360,Home
406313,359404,2026-05-18,Quality Issue,20586,Sports
406314,302006,2024-09-18,Changed Mind,20026,Electronics
406315,301760,2026-01-18,Changed Mind,20023,Electronics
406316,313157,2025-09-07,Wrong Item,20160,Fashion
406317,333858,2025-06-08,Damaged,20029,Electronics
406318,351648,2025-11-11,Damaged,20538,Sports
406319,342344,2025-10-25,Damaged,20512,Sports
406320,338263,2026-04-21,Late Delivery,20419,Beauty
406321,355866,2025-03-26,Wrong Item,20299,Home
406322,333852,2025-07-06,Quality Issue,20193,Fashion
406323,336565,2024-06-11,Quality Issue,20250,Home
406324,332489,2024-03-16,Size Issue,20096,Electronics
406325,336069,2024-11-13,Wrong Item,20220,Fashion
406326,343341,2025-07-20,Size Issue,20064,Electronics
406327,332168,2024-11-29,Size Issue,20369,Beauty
406328,319231,2025-11-25,Late Delivery,20557,Sports
406329,358047,2025-07-15,Damaged,20012,Electronics
406330,333512,2025-04-09,Damaged,20134,Fashion
406331,305860,2026-08-07,Damaged,20402,Beauty
406332,350195,2026-08-16,Wrong Item,20546,Sports
406333,343238,2026-02-21,Damaged,20019,Electronics
406334,342657,2026-07-26,Damaged,20594,Sports
406335,319931,2025-03-10,Late Delivery,20181,Fashion
406336,342783,2026-03-03,Quality Issue,20075,Electronics
406337,331007,2026-08-27,Quality Issue,20182,Fashion
406338,343932,2026-08-13,Wrong Item,20487,Sports
406339,339704,2025-03-08,Wrong Item,20219,Fashion
406340,357580,2025-02-03,Late Delivery,20448,Beauty
406341,324951,2025-03-08,Late Delivery,20302,Home
406342,344823,2025-03-11,Quality Issue,20479,Beauty
406343,354151,2024-05-09,Damaged,20045,Electronics
406344,344491,2026-03-08,Size Issue,20376,Beauty
406345,340383,2025-03-11,Wrong Item,20180,Fashion
406346,343794,2026-07-05,Quality Issue,20187,Fashion
406347,327049,2024-05-05,Damaged,20344,Home
406348,300657,2024-10-18,Late Delivery,20473,Beauty
406349,351516,2024-03-05,Quality Issue,20540,Sports
406350,319434,2026-09-13,Wrong Item,20080,Electronics
406351,308583,2025-11-18,Late Delivery,20221,Fashion
406352,328257,2025-10-09,Wrong Item,20010,Electronics
406353,339800,2025-12-25,Quality Issue,20337,Home
406354,300168,2026-06-29,Damaged,20200,Fashion
406355,318648,2025-12-12,Changed Mind,20256,Home
406356,317979,2026-06-14,Damaged,20262,Home
406357,309609,2024-12-29,Quality Issue,20093,Electronics
406358,308409,2026-04-26,Wrong Item,20001,Electronics
406359,341690,2024-08-04,Damaged,20108,Electronics
406360,330698,2025-11-30,Wrong Item,20497,Sports
406361,355539,2025-03-07,Wrong Item,20093,Electronics
406362,352156,2025-04-25,Changed Mind,20124,Fashion
406363,348217,2026-05-31,Changed Mind,20042,Electronics
406364,340475,2024-09-22,Size Issue,20423,Beauty
406365,311285,2025-11-30,Wrong Item,20333,Home
406366,307266,2026-07-10,Changed Mind,20415,Beauty
406367,307537,2026-05-25,Damaged,20225,Fashion
406368,318939,2024-06-22,Quality Issue,20587,Sports
406369,314780,2025-12-07,Quality Issue,20371,Beauty
406370,341477,2024-11-28,Quality Issue,20572,Sports
406371,328209,2024-09-05,Changed Mind,20155,Fashion
406372,308962,2026-01-18,Size Issue,20530,Sports
406373,330832,2026-09-18,Wrong Item,20268,Home
406374,322651,2026-06-01,Quality Issue,20248,Home
406375,341035,2025-12-15,Wrong Item,20475,Beauty
406376,301065,2026-08-08,Damaged,20096,Electronics
406377,320820,2026-09-22,Size Issue,20288,Home
406378,326834,2024-05-13,Damaged,20502,Sports
406379,323232,2025-04-17,Wrong Item,20564,Sports
406380,350258,2024-06-22,Quality Issue,20553,Sports
406381,328605,2025-10-03,Size Issue,20340,Home
406382,321127,2024-02-05,Changed Mind,20030,Electronics
406383,332696,2026-06-26,Changed Mind,20336,Home
406384,307317,2024-11-12,Wrong Item,20404,Beauty
406385,341124,2024-09-11,Quality Issue,20035,Electronics
406386,346965,2025-02-04,Late Delivery,20045,Electronics
406387,356829,2025-07-10,Quality Issue,20594,Sports
406388,307638,2024-05-14,Late Delivery,20406,Beauty
406389,313678,2026-08-10,Size Issue,20470,Beauty
406390,305407,2024-04-01,Damaged,20102,Electronics
406391,339855,2024-10-21,Quality Issue,20174,Fashion
406392,341057,2025-09-26,Size Issue,20310,Home
406393,336571,2025-11-25,Damaged,20474,Beauty
406394,334596,2025-10-02,Quality Issue,20530,Sports
406395,327668,2024-04-06,Size Issue,20538,Sports
406396,317959,2026-08-19,Size Issue,20211,Fashion
406397,350490,2024-12-05,Changed Mind,20360,Home
406398,300377,2026-05-16,Quality Issue,20377,Beauty
406399,321900,2026-07-01,Size Issue,20142,Fashion
406400,345024,2026-06-09,Wrong Item,20459,Beauty
406401,359302,2024-04-06,Damaged,20286,Home
406402,328461,2026-01-20,Damaged,20398,Beauty
406403,332154,2025-11-26,Size Issue,20088,Electronics
406404,311839,2024-02-20,Late Delivery,20304,Home
406405,303534,2026-05-05,Damaged,20046,Electronics
406406,350801,2026-01-17,Wrong Item,20566,Sports
406407,348935,2026-04-07,Damaged,20363,Beauty
406408,324768,2025-12-03,Quality Issue,20584,Sports
406409,343466,2026-05-05,Damaged,20034,Electronics
406410,330369,2026-05-07,Damaged,20519,Sports
406411,357605,2024-06-10,Changed Mind,20279,Home
406412,333258,2025-03-20,Wrong Item,20492,Sports
406413,307973,2024-10-28,Damaged,20454,Beauty
406414,345308,2024-05-30,Late Delivery,20488,Sports
406415,304461,2024-08-13,Changed Mind,20272,Home
406416,355060,2024-03-11,Wrong Item,20268,Home
406417,301137,2024-08-03,Damaged,20509,Sports
406418,335265,2024-12-12,Changed Mind,20502,Sports
406419,302858,2024-05-21,Changed Mind,20589,Sports
406420,332730,2025-11-08,Size Issue,20261,Home
406421,356490,2025-07-31,Late Delivery,20407,Beauty
406422,300008,2025-09-17,Damaged,20156,Fashion
406423,359914,2024-09-07,Size Issue,20314,Home
406424,313552,2025-12-28,Changed Mind,20270,Home
406425,306891,2026-09-05,Late Delivery,20336,Home
406426,315406,2024-09-24,Size Issue,20509,Sports
406427,325585,2025-05-02,Late Delivery,20204,Fashion
406428,357821,2026-07-27,Changed Mind,20215,Fashion
406429,353659,2025-09-05,Damaged,20506,Sports
406430,324488,2026-08-30,Wrong Item,20296,Home
406431,326490,2025-05-10,Quality Issue,20285,Home
406432,335025,2025-07-17,Size Issue,20264,Home
406433,317753,2026-03-13,Late Delivery,20533,Sports
406434,306015,2026-03-22,Size Issue,20410,Beauty
406435,358728,2026-09-03,Wrong Item,20186,Fashion
406436,327186,2024-08-15,Late Delivery,20431,Beauty
406437,336686,2026-07-29,Damaged,20534,Sports
406438,356791,2026-07-12,Late Delivery,20180,Fashion
406439,300064,2025-08-11,Quality Issue,20192,Fashion
406440,356745,2025-04-27,Quality Issue,20134,Fashion
406441,307265,2026-04-15,Wrong Item,20493,Sports
406442,315704,2026-07-22,Size Issue,20479,Beauty
406443,302072,2025-12-29,Size Issue,20536,Sports
406444,338300,2025-07-29,Wrong Item,20140,Fashion
406445,321560,2025-01-13,Wrong Item,20118,Electronics
406446,315714,2025-03-15,Damaged,20124,Fashion
406447,359377,2026-03-15,Changed Mind,20490,Sports
406448,323830,2024-11-21,Quality Issue,20060,Electronics
406449,339340,2024-05-18,Size Issue,20122,Fashion
406450,315975,2024-05-28,Changed Mind,20583,Sports
406451,325593,2025-11-09,Damaged,20035,Electronics
406452,319917,2024-03-02,Quality Issue,20191,Fashion
406453,323907,2025-07-18,Changed Mind,20416,Beauty
406454,359675,2026-08-24,Size Issue,20056,Electronics
406455,306596,2025-08-21,Late Delivery,20490,Sports
406456,345259,2025-02-12,Damaged,20056,Electronics
406457,321714,2025-02-14,Damaged,20218,Fashion
406458,341711,2026-04-18,Late Delivery,20364,Beauty
406459,338756,2026-01-05,Quality Issue,20109,Electronics
406460,325263,2025-04-25,Wrong Item,20170,Fashion
406461,333015,2025-08-05,Damaged,20561,Sports
406462,323285,2025-10-16,Wrong Item,20160,Fashion
406463,305251,2025-03-09,Damaged,20247,Home
406464,340131,2025-05-23,Size Issue,20259,Home
406465,342660,2026-03-04,Late Delivery,20157,Fashion
406466,307157,2026-03-01,Damaged,20101,Electronics
406467,307837,2025-10-01,Wrong Item,20280,Home
406468,317831,2025-03-31,Quality Issue,20586,Sports
406469,346789,2024-12-08,Size Issue,20177,Fashion
406470,313637,2024-01-28,Changed Mind,20365,Beauty
406471,356360,2026-02-04,Damaged,20312,Home
406472,305549,2025-05-19,Damaged,20122,Fashion
406473,318134,2025-04-23,Changed Mind,20066,Electronics
406474,326856,2024-05-24,Wrong Item,20502,Sports
406475,350264,2026-05-07,Quality Issue,20458,Beauty
406476,350996,2024-08-29,Late Delivery,20600,Sports
406477,354308,2024-11-20,Quality Issue,20452,Beauty
406478,352692,2025-11-16,Quality Issue,20449,Beauty
406479,336155,2026-09-07,Wrong Item,20066,Electronics
406480,310366,2026-08-20,Damaged,20112,Electronics
406481,345460,2026-04-10,Changed Mind,20187,Fashion
406482,317424,2024-05-18,Damaged,20227,Fashion
406483,319850,2024-07-21,Size Issue,20531,Sports
406484,310026,2026-01-29,Damaged,20057,Electronics
406485,337682,2026-04-14,Damaged,20037,Electronics
406486,310756,2025-03-26,Changed Mind,20479,Beauty
406487,324592,2024-07-26,Quality Issue,20290,Home
406488,308926,2025-12-03,Damaged,20536,Sports
406489,305824,2025-01-01,Damaged,20570,Sports
406490,320201,2026-09-17,Size Issue,20010,Electronics
406491,323679,2024-03-15,Size Issue,20143,Fashion
406492,316570,2026-10-03,Size Issue,20512,Sports
406493,321277,2024-05-21,Changed Mind,20293,Home
406494,354619,2024-02-25,Damaged,20576,Sports
406495,351241,2025-02-11,Size Issue,20420,Beauty
406496,347563,2026-01-05,Wrong Item,20483,Sports
406497,331921,2025-12-08,Late Delivery,20011,Electronics
406498,354161,2026-06-10,Wrong Item,20572,Sports
406499,313590,2024-12-22,Quality Issue,20459,Beauty
406500,349239,2025-01-25,Damaged,20227,Fashion
406501,314852,2026-04-26,Late Delivery,20008,Electronics
406502,339675,2026-02-11,Size Issue,20280,Home
406503,343140,2026-07-04,Changed Mind,20065,Electronics
406504,339831,2026-01-03,Wrong Item,20275,Home
406505,318509,2025-06-23,Changed Mind,20082,Electronics
406506,328607,2026-03-13,Size Issue,20390,Beauty
406507,351690,2024-02-11,Changed Mind,20355,Home
406508,309831,2025-11-26,Wrong Item,20520,Sports
406509,319052,2026-03-05,Quality Issue,20515,Sports
406510,320485,2024-05-28,Size Issue,20195,Fashion
406511,347262,2026-07-29,Quality Issue,20205,Fashion
406512,325533,2025-12-29,Late Delivery,20107,Electronics
406513,322922,2026-03-10,Damaged,20037,Electronics
406514,339404,2026-04-18,Size Issue,20147,Fashion
406515,339933,2024-10-27,Changed Mind,20500,Sports
406516,311409,2025-12-26,Wrong Item,20420,Beauty
406517,326437,2025-08-11,Quality Issue,20469,Beauty
406518,332289,2026-09-09,Size Issue,20298,Home
406519,335363,2026-02-15,Late Delivery,20563,Sports
406520,351538,2025-12-30,Wrong Item,20579,Sports
406521,357625,2026-02-25,Quality Issue,20373,Beauty
406522,304271,2024-05-11,Size Issue,20433,Beauty
406523,347964,2025-10-13,Late Delivery,20512,Sports
406524,304492,2026-01-09,Late Delivery,20193,Fashion
406525,348309,2025-11-27,Damaged,20450,Beauty
406526,351169,2025-09-29,Late Delivery,20155,Fashion
406527,321624,2026-04-22,Wrong Item,20185,Fashion
406528,313586,2025-07-04,Late Delivery,20085,Electronics
406529,332498,2026-05-13,Wrong Item,20159,Fashion
406530,332781,2026-08-04,Quality Issue,20001,Electronics
406531,301719,2026-07-30,Quality Issue,20277,Home
406532,340885,2024-10-25,Size Issue,20218,Fashion
406533,305115,2026-07-10,Changed Mind,20439,Beauty
406534,357469,2024-08-22,Size Issue,20307,Home
406535,347792,2025-05-15,Quality Issue,20327,Home
406536,355675,2024-07-25,Damaged,20204,Fashion
406537,329475,2025-09-21,Damaged,20353,Home
406538,306306,2025-03-01,Changed Mind,20569,Sports
406539,351108,2024-11-26,Damaged,20304,Home
406540,343689,2026-06-27,Changed Mind,20568,Sports
406541,322243,2025-04-22,Damaged,20583,Sports
406542,317339,2026-05-08,Late Delivery,20222,Fashion
406543,306063,2024-12-23,Changed Mind,20527,Sports
406544,310077,2024-12-12,Quality Issue,20028,Electronics
406545,352657,2025-07-27,Size Issue,20293,Home
406546,349150,2025-04-25,Late Delivery,20419,Beauty
406547,316444,2025-12-08,Wrong Item,20007,Electronics
406548,318664,2026-06-05,Size Issue,20145,Fashion
406549,314366,2026-09-07,Damaged,20217,Fashion
406550,315261,2024-06-12,Wrong Item,20399,Beauty
406551,336806,2026-01-20,Damaged,20312,Home
406552,357818,2026-07-02,Changed Mind,20194,Fashion
406553,351369,2026-08-13,Late Delivery,20434,Beauty
406554,303205,2024-06-09,Size Issue,20389,Beauty
406555,337735,2025-02-07,Late Delivery,20044,Electronics
406556,350550,2025-06-25,Wrong Item,20524,Sports
406557,311860,2025-06-03,Wrong Item,20557,Sports
406558,303648,2024-10-14,Late Delivery,20398,Beauty
406559,339013,2024-04-09,Damaged,20045,Electronics
406560,335797,2026-05-05,Size Issue,20180,Fashion
406561,326778,2024-07-21,Wrong Item,20011,Electronics
406562,347350,2026-03-15,Wrong Item,20346,Home
406563,328508,2026-03-01,Size Issue,20589,Sports
406564,338492,2024-05-10,Wrong Item,20293,Home
406565,316933,2025-06-23,Changed Mind,20315,Home
406566,345318,2026-04-12,Quality Issue,20012,Electronics
406567,312629,2026-02-23,Size Issue,20595,Sports
406568,343737,2026-10-09,Damaged,20128,Fashion
406569,307400,2025-08-31,Damaged,20362,Beauty
406570,311408,2025-08-04,Wrong Item,20588,Sports
406571,341194,2026-04-30,Quality Issue,20130,Fashion
406572,358840,2026-03-25,Quality Issue,20260,Home
406573,316044,2024-09-04,Size Issue,20072,Electronics
406574,304198,2026-02-20,Changed Mind,20070,Electronics
406575,325811,2024-09-25,Size Issue,20527,Sports
406576,312673,2025-03-01,Damaged,20184,Fashion
406577,311346,2026-07-20,Size Issue,20311,Home
406578,304166,2025-07-16,Quality Issue,20036,Electronics
406579,302826,2025-09-03,Size Issue,20510,Sports
406580,335526,2024-04-15,Size Issue,20519,Sports
406581,343099,2024-08-23,Changed Mind,20507,Sports
406582,303576,2024-10-25,Quality Issue,20005,Electronics
406583,314962,2025-04-29,Damaged,20275,Home
406584,353204,2024-07-23,Wrong Item,20256,Home
406585,313525,2026-03-12,Quality Issue,20373,Beauty
406586,357488,2024-06-16,Quality Issue,20169,Fashion
406587,359295,2025-03-21,Late Delivery,20238,Fashion
406588,315762,2026-07-04,Late Delivery,20345,Home
406589,353145,2026-08-01,Damaged,20142,Fashion
406590,343668,2024-11-11,Late Delivery,20441,Beauty
406591,322768,2026-07-10,Size Issue,20412,Beauty
406592,322318,2025-08-30,Wrong Item,20161,Fashion
406593,326057,2025-01-16,Late Delivery,20356,Home
406594,319029,2025-03-02,Quality Issue,20330,Home
406595,306016,2024-10-09,Size Issue,20158,Fashion
406596,320242,2025-01-25,Late Delivery,20375,Beauty
406597,323150,2025-08-30,Size Issue,20181,Fashion
406598,317893,2026-03-14,Changed Mind,20048,Electronics
406599,352539,2026-07-23,Quality Issue,20056,Electronics
406600,320904,2024-11-15,Size Issue,20165,Fashion
406601,326444,2025-07-15,Quality Issue,20344,Home
406602,347997,2024-11-22,Late Delivery,20432,Beauty
406603,329710,2025-12-23,Wrong Item,20153,Fashion
406604,312830,2026-03-31,Changed Mind,20142,Fashion
406605,301158,2025-10-18,Wrong Item,20370,Beauty
406606,317507,2024-04-19,Size Issue,20183,Fashion
406607,325057,2024-09-22,Late Delivery,20238,Fashion
406608,358145,2025-09-28,Quality Issue,20250,Home
406609,306834,2025-05-06,Changed Mind,20295,Home
406610,323915,2024-07-24,Size Issue,20383,Beauty
406611,318276,2026-01-30,Damaged,20537,Sports
406612,344129,2024-09-17,Size Issue,20443,Beauty
406613,306999,2024-03-14,Damaged,20555,Sports
406614,310820,2024-04-25,Size Issue,20347,Home
406615,319686,2026-06-22,Quality Issue,20281,Home
406616,323325,2025-07-26,Late Delivery,20597,Sports
406617,358067,2026-03-03,Changed Mind,20250,Home
406618,310247,2025-09-06,Wrong Item,20220,Fashion
406619,355932,2026-07-06,Late Delivery,20583,Sports
406620,303775,2025-11-07,Damaged,20185,Fashion
406621,309900,2024-10-24,Wrong Item,20062,Electronics
406622,346383,2025-06-26,Changed Mind,20425,Beauty
406623,312135,2026-01-05,Changed Mind,20371,Beauty
406624,343458,2024-07-12,Size Issue,20076,Electronics
406625,315235,2024-10-11,Size Issue,20234,Fashion
406626,315723,2024-08-14,Size Issue,20404,Beauty
406627,356164,2026-08-01,Wrong Item,20445,Beauty
406628,338394,2025-11-27,Size Issue,20147,Fashion
406629,306420,2024-02-12,Size Issue,20552,Sports
406630,325482,2024-02-02,Quality Issue,20464,Beauty
406631,338574,2025-10-15,Wrong Item,20318,Home
406632,301088,2026-02-23,Size Issue,20018,Electronics
406633,357922,2025-03-31,Damaged,20034,Electronics
406634,310672,2026-04-02,Wrong Item,20179,Fashion
406635,347598,2026-05-06,Size Issue,20300,Home
406636,333831,2026-06-18,Wrong Item,20244,Home
406637,335673,2025-10-26,Changed Mind,20421,Beauty
406638,359119,2026-09-07,Quality Issue,20552,Sports
406639,349555,2026-01-21,Size Issue,20278,Home
406640,325804,2026-01-23,Size Issue,20364,Beauty
406641,314569,2024-01-25,Damaged,20135,Fashion
406642,346506,2025-07-21,Wrong Item,20342,Home
406643,325079,2026-06-10,Late Delivery,20014,Electronics
406644,307693,2025-01-11,Quality Issue,20202,Fashion
406645,331177,2025-09-24,Quality Issue,20472,Beauty
406646,326396,2025-12-13,Wrong Item,20032,Electronics
406647,352187,2024-05-13,Damaged,20262,Home
406648,337741,2024-05-11,Changed Mind,20426,Beauty
406649,320975,2025-11-18,Quality Issue,20212,Fashion
406650,343766,2024-04-09,Quality Issue,20401,Beauty
406651,317063,2026-02-14,Damaged,20535,Sports
406652,356084,2026-01-22,Wrong Item,20011,Electronics
406653,352933,2026-01-31,Quality Issue,20265,Home
406654,324233,2026-01-29,Quality Issue,20386,Beauty
406655,346723,2024-10-11,Wrong Item,20397,Beauty
406656,349973,2025-12-29,Damaged,20164,Fashion
406657,313378,2026-06-06,Changed Mind,20142,Fashion
406658,340511,2026-08-04,Changed Mind,20495,Sports
406659,305550,2025-04-22,Damaged,20212,Fashion
406660,313229,2025-07-19,Late Delivery,20168,Fashion
406661,306422,2024-12-22,Wrong Item,20532,Sports
406662,319232,2025-07-04,Quality Issue,20304,Home
406663,347663,2026-01-08,Changed Mind,20123,Fashion
406664,314642,2026-01-18,Wrong Item,20103,Electronics
406665,301280,2026-03-21,Size Issue,20538,Sports
406666,338473,2025-12-19,Size Issue,20234,Fashion
406667,339167,2025-10-30,Late Delivery,20014,Electronics
406668,305258,2026-05-02,Changed Mind,20204,Fashion
406669,315117,2024-11-26,Damaged,20113,Electronics
406670,314856,2026-05-04,Quality Issue,20147,Fashion
406671,353505,2026-02-04,Size Issue,20506,Sports
406672,332037,2026-07-15,Wrong Item,20151,Fashion
406673,350535,2024-10-31,Late Delivery,20504,Sports
406674,324749,2025-01-22,Wrong Item,20445,Beauty
406675,335199,2025-11-17,Late Delivery,20096,Electronics
406676,327618,2025-08-19,Damaged,20411,Beauty
406677,332471,2024-09-14,Late Delivery,20136,Fashion
406678,352962,2025-08-30,Size Issue,20556,Sports
406679,307213,2026-02-23,Quality Issue,20096,Electronics
406680,316977,2024-11-21,Damaged,20393,Beauty
406681,330403,2026-03-08,Quality Issue,20230,Fashion
406682,359089,2025-11-21,Wrong Item,20156,Fashion
406683,313401,2026-04-02,Size Issue,20230,Fashion
406684,347514,2024-09-21,Changed Mind,20021,Electronics
406685,303560,2025-04-22,Late Delivery,20015,Electronics
406686,322231,2026-06-02,Size Issue,20146,Fashion
406687,318328,2024-06-11,Wrong Item,20165,Fashion
406688,318759,2025-06-20,Quality Issue,20142,Fashion
406689,345728,2024-05-31,Damaged,20177,Fashion
406690,321889,2026-05-28,Size Issue,20461,Beauty
406691,317288,2024-09-21,Size Issue,20195,Fashion
406692,347700,2026-08-04,Quality Issue,20295,Home
406693,346235,2026-06-13,Quality Issue,20163,Fashion
406694,314336,2025-04-15,Damaged,20013,Electronics
406695,348864,2024-04-02,Damaged,20341,Home
406696,353406,2026-07-22,Damaged,20466,Beauty
406697,358204,2024-02-23,Wrong Item,20467,Beauty
406698,326443,2025-10-21,Quality Issue,20546,Sports
406699,304622,2025-08-27,Changed Mind,20184,Fashion
406700,315889,2025-03-16,Damaged,20421,Beauty
406701,353302,2024-06-03,Quality Issue,20247,Home
406702,318281,2024-09-05,Size Issue,20318,Home
406703,308856,2026-07-24,Late Delivery,20160,Fashion
406704,341233,2025-12-08,Changed Mind,20386,Beauty
406705,350703,2025-09-02,Late Delivery,20015,Electronics
406706,354076,2026-02-08,Size Issue,20444,Beauty
406707,313076,2025-01-11,Size Issue,20332,Home
406708,329325,2024-12-09,Damaged,20580,Sports
406709,317702,2025-08-17,Late Delivery,20406,Beauty
406710,352851,2025-11-23,Wrong Item,20582,Sports
406711,316643,2026-01-18,Quality Issue,20370,Beauty
406712,344113,2026-09-20,Size Issue,20051,Electronics
406713,344773,2024-08-16,Wrong Item,20172,Fashion
406714,333919,2024-04-16,Damaged,20031,Electronics
406715,300351,2026-08-21,Quality Issue,20236,Fashion
406716,310592,2026-01-15,Quality Issue,20349,Home
406717,302822,2025-12-19,Late Delivery,20558,Sports
406718,308465,2026-07-11,Size Issue,20271,Home
406719,354825,2025-03-29,Quality Issue,20364,Beauty
406720,351737,2024-12-18,Quality Issue,20448,Beauty
406721,313440,2025-05-29,Damaged,20264,Home
406722,303412,2024-09-12,Damaged,20098,Electronics
406723,328406,2024-08-01,Quality Issue,20288,Home
406724,345374,2026-02-24,Size Issue,20077,Electronics
406725,335388,2025-03-25,Late Delivery,20281,Home
406726,332518,2025-12-04,Damaged,20190,Fashion
406727,353035,2025-05-11,Size Issue,20130,Fashion
406728,332159,2025-12-25,Late Delivery,20455,Beauty
406729,320445,2025-02-13,Wrong Item,20519,Sports
406730,314347,2024-12-17,Late Delivery,20116,Electronics
406731,320629,2026-07-10,Damaged,20416,Beauty
406732,339742,2024-02-16,Quality Issue,20233,Fashion
406733,354769,2025-02-21,Damaged,20385,Beauty
406734,341581,2025-05-10,Wrong Item,20321,Home
406735,309221,2024-03-21,Damaged,20369,Beauty
406736,333222,2025-08-27,Size Issue,20321,Home
406737,332252,2025-06-24,Quality Issue,20060,Electronics
406738,349178,2025-04-16,Damaged,20562,Sports
406739,352788,2024-11-28,Damaged,20472,Beauty
406740,330888,2026-06-06,Damaged,20170,Fashion
406741,358868,2025-02-14,Quality Issue,20126,Fashion
406742,346218,2025-05-30,Damaged,20536,Sports
406743,304205,2026-02-28,Changed Mind,20030,Electronics
406744,335469,2026-05-03,Size Issue,20010,Electronics
406745,355030,2026-01-27,Quality Issue,20013,Electronics
406746,314862,2024-06-11,Wrong Item,20447,Beauty
406747,314703,2025-03-27,Wrong Item,20487,Sports
406748,312664,2024-02-12,Quality Issue,20124,Fashion
406749,329112,2026-06-05,Size Issue,20082,Electronics
406750,309883,2025-12-14,Wrong Item,20537,Sports
406751,353404,2024-09-30,Quality Issue,20455,Beauty
406752,308224,2025-07-03,Wrong Item,20183,Fashion
406753,337131,2026-02-10,Changed Mind,20323,Home
406754,344560,2025-03-01,Quality Issue,20501,Sports
406755,331318,2025-01-13,Wrong Item,20187,Fashion
406756,354883,2025-02-07,Damaged,20093,Electronics
406757,347897,2026-04-05,Wrong Item,20232,Fashion
406758,359684,2024-08-18,Size Issue,20212,Fashion
406759,332499,2026-08-11,Damaged,20395,Beauty
406760,318540,2024-07-22,Damaged,20133,Fashion
406761,317734,2024-09-03,Size Issue,20560,Sports
406762,322296,2026-07-16,Damaged,20591,Sports
406763,352543,2025-02-18,Late Delivery,20255,Home
406764,347962,2024-01-25,Size Issue,20265,Home
406765,346607,2024-08-25,Size Issue,20117,Electronics
406766,309589,2025-03-29,Wrong Item,20328,Home
406767,353058,2025-01-05,Size Issue,20525,Sports
406768,303759,2025-02-15,Size Issue,20172,Fashion
406769,346405,2025-09-30,Changed Mind,20265,Home
406770,339540,2025-12-12,Quality Issue,20522,Sports
406771,358783,2024-12-30,Wrong Item,20446,Beauty
406772,326258,2025-02-28,Quality Issue,20074,Electronics
406773,347035,2026-08-21,Wrong Item,20114,Electronics
406774,324315,2024-08-08,Wrong Item,20213,Fashion
406775,339673,2024-03-30,Damaged,20457,Beauty
406776,315939,2025-03-09,Wrong Item,20157,Fashion
406777,350771,2026-04-27,Size Issue,20013,Electronics
406778,352857,2024-10-28,Wrong Item,20520,Sports
406779,318002,2026-06-12,Damaged,20554,Sports
406780,315400,2025-10-29,Damaged,20173,Fashion
406781,303093,2025-03-30,Damaged,20505,Sports
406782,355670,2026-01-27,Quality Issue,20512,Sports
406783,309130,2024-04-15,Wrong Item,20283,Home
406784,315338,2025-09-18,Late Delivery,20044,Electronics
406785,354086,2025-02-02,Size Issue,20471,Beauty
406786,348873,2025-12-04,Size Issue,20393,Beauty
406787,348460,2026-05-15,Late Delivery,20048,Electronics
406788,345214,2025-11-23,Quality Issue,20264,Home
406789,317933,2025-06-02,Late Delivery,20573,Sports
406790,312432,2025-05-09,Changed Mind,20169,Fashion
406791,330580,2024-08-15,Wrong Item,20244,Home
406792,359386,2025-02-20,Late Delivery,20292,Home
406793,333075,2025-10-27,Damaged,20472,Beauty
406794,307820,2025-09-09,Damaged,20219,Fashion
406795,314449,2024-09-23,Quality Issue,20589,Sports
406796,358304,2025-11-15,Size Issue,20241,Home
406797,319623,2026-07-15,Late Delivery,20099,Electronics
406798,330663,2024-03-16,Size Issue,20269,Home
406799,320052,2025-10-18,Size Issue,20545,Sports
406800,337332,2026-01-20,Quality Issue,20029,Electronics
406801,323666,2025-10-04,Quality Issue,20516,Sports
406802,329525,2026-02-09,Size Issue,20211,Fashion
406803,319796,2025-06-19,Wrong Item,20585,Sports
406804,359617,2024-04-26,Wrong Item,20208,Fashion
406805,328444,2026-06-01,Quality Issue,20533,Sports
406806,355169,2025-05-10,Changed Mind,20558,Sports
406807,341042,2025-08-22,Quality Issue,20166,Fashion
406808,321942,2026-07-16,Quality Issue,20259,Home
406809,352388,2026-08-02,Wrong Item,20229,Fashion
406810,302427,2026-01-07,Damaged,20470,Beauty
406811,353364,2025-05-29,Quality Issue,20105,Electronics
406812,338171,2025-02-09,Changed Mind,20231,Fashion
406813,311142,2024-06-06,Size Issue,20277,Home
406814,335458,2024-10-02,Wrong Item,20224,Fashion
406815,343259,2025-09-20,Damaged,20285,Home
406816,326459,2024-12-04,Changed Mind,20471,Beauty
406817,344744,2025-08-22,Size Issue,20095,Electronics
406818,335351,2024-03-25,Late Delivery,20268,Home
406819,334395,2026-02-15,Quality Issue,20134,Fashion
406820,333568,2026-04-28,Late Delivery,20296,Home
406821,317134,2024-10-07,Damaged,20252,Home
406822,311910,2026-06-07,Damaged,20101,Electronics
406823,313822,2026-09-19,Quality Issue,20318,Home
406824,336483,2025-06-28,Wrong Item,20170,Fashion
406825,342026,2024-10-13,Size Issue,20238,Fashion
406826,350151,2026-08-15,Late Delivery,20166,Fashion
406827,338924,2024-01-31,Quality Issue,20033,Electronics
406828,352693,2024-03-24,Damaged,20314,Home
406829,303385,2024-04-02,Changed Mind,20529,Sports
406830,307454,2024-04-27,Size Issue,20515,Sports
406831,314714,2025-09-09,Late Delivery,20568,Sports
406832,329630,2026-04-08,Size Issue,20380,Beauty
406833,308588,2024-10-12,Late Delivery,20194,Fashion
406834,335940,2025-12-02,Damaged,20418,Beauty
406835,348780,2025-11-21,Late Delivery,20495,Sports
406836,343201,2025-08-02,Damaged,20196,Fashion
406837,323160,2024-05-01,Size Issue,20474,Beauty
406838,349641,2026-01-27,Quality Issue,20459,Beauty
406839,301167,2024-09-30,Size Issue,20072,Electronics
406840,350124,2026-06-05,Changed Mind,20150,Fashion
406841,350316,2026-09-14,Damaged,20415,Beauty
406842,328384,2025-08-28,Changed Mind,20229,Fashion
406843,310824,2026-07-27,Wrong Item,20408,Beauty
406844,323028,2026-05-22,Changed Mind,20254,Home
406845,354264,2025-03-17,Damaged,20104,Electronics
406846,323398,2025-10-17,Size Issue,20530,Sports
406847,341740,2026-04-20,Damaged,20317,Home
406848,333248,2025-09-19,Size Issue,20415,Beauty
406849,340811,2026-09-30,Size Issue,20548,Sports
406850,342719,2024-04-15,Damaged,20478,Beauty
406851,358070,2026-03-26,Late Delivery,20567,Sports
406852,351423,2026-08-17,Size Issue,20279,Home
406853,337386,2025-07-31,Size Issue,20167,Fashion
406854,347073,2025-11-24,Late Delivery,20300,Home
406855,354991,2026-03-31,Changed Mind,20183,Fashion
406856,310970,2024-07-24,Damaged,20239,Fashion
406857,344255,2024-10-10,Late Delivery,20317,Home
406858,349075,2026-02-28,Late Delivery,20172,Fashion
406859,324567,2024-01-28,Damaged,20448,Beauty
406860,303399,2026-01-31,Quality Issue,20415,Beauty
406861,348570,2025-12-06,Changed Mind,20442,Beauty
406862,317354,2026-03-17,Quality Issue,20114,Electronics
406863,323173,2026-05-28,Damaged,20094,Electronics
406864,357256,2025-05-25,Size Issue,20567,Sports
406865,331136,2025-09-08,Damaged,20100,Electronics
406866,301747,2024-05-10,Wrong Item,20457,Beauty
406867,330411,2025-03-21,Quality Issue,20532,Sports
406868,330943,2026-06-14,Quality Issue,20426,Beauty
406869,331239,2025-07-24,Size Issue,20335,Home
406870,311560,2026-08-28,Quality Issue,20283,Home
406871,332281,2024-06-15,Late Delivery,20092,Electronics
406872,335155,2026-06-29,Damaged,20249,Home
406873,317940,2024-07-03,Size Issue,20574,Sports
406874,321609,2026-10-04,Damaged,20459,Beauty
406875,313545,2026-09-08,Wrong Item,20359,Home
406876,355040,2025-06-03,Damaged,20103,Electronics
406877,316018,2024-11-10,Damaged,20559,Sports
406878,352930,2026-07-09,Changed Mind,20502,Sports
406879,341043,2024-03-26,Quality Issue,20537,Sports
406880,323344,2025-09-28,Damaged,20597,Sports
406881,305548,2026-08-15,Wrong Item,20332,Home
406882,306550,2025-12-16,Wrong Item,20370,Beauty
406883,330246,2026-06-19,Damaged,20576,Sports
406884,328477,2025-08-27,Damaged,20207,Fashion
406885,337654,2024-07-21,Changed Mind,20157,Fashion
406886,333458,2026-09-09,Wrong Item,20212,Fashion
406887,326966,2026-07-27,Damaged,20080,Electronics
406888,346487,2025-12-12,Damaged,20044,Electronics
406889,311064,2026-09-02,Size Issue,20127,Fashion
406890,313529,2025-01-12,Size Issue,20147,Fashion
406891,325202,2024-01-23,Size Issue,20346,Home
406892,332763,2025-12-17,Changed Mind,20280,Home
406893,357514,2026-03-18,Quality Issue,20223,Fashion
406894,348907,2026-09-14,Late Delivery,20032,Electronics
406895,348524,2026-03-07,Quality Issue,20068,Electronics
406896,312429,2026-01-04,Damaged,20064,Electronics
406897,335874,2026-01-17,Size Issue,20092,Electronics
406898,357394,2026-01-04,Damaged,20415,Beauty
406899,358413,2024-03-21,Changed Mind,20332,Home
406900,332591,2025-10-23,Quality Issue,20203,Fashion
406901,339172,2025-11-05,Size Issue,20240,Fashion
406902,300180,2024-09-10,Quality Issue,20332,Home
406903,319974,2024-03-29,Quality Issue,20102,Electronics
406904,353850,2025-07-22,Quality Issue,20563,Sports
406905,308347,2026-04-04,Damaged,20298,Home
406906,334602,2025-11-18,Late Delivery,20579,Sports
406907,321912,2025-02-16,Size Issue,20506,Sports
406908,320152,2024-10-29,Size Issue,20315,Home
406909,316810,2024-04-12,Changed Mind,20012,Electronics
406910,320290,2026-08-29,Wrong Item,20111,Electronics
406911,305867,2025-01-07,Wrong Item,20408,Beauty
406912,309416,2026-02-18,Size Issue,20190,Fashion
406913,341667,2024-09-29,Quality Issue,20437,Beauty
406914,351611,2024-07-05,Damaged,20448,Beauty
406915,338610,2024-10-25,Wrong Item,20357,Home
406916,336727,2026-03-09,Quality Issue,20401,Beauty
406917,300470,2024-06-20,Quality Issue,20373,Beauty
406918,305302,2024-11-12,Late Delivery,20350,Home
406919,346173,2026-06-22,Changed Mind,20563,Sports
406920,331171,2025-09-17,Size Issue,20315,Home
406921,355291,2025-01-28,Size Issue,20443,Beauty
406922,307037,2025-08-07,Quality Issue,20134,Fashion
406923,308230,2026-05-01,Wrong Item,20212,Fashion
406924,319163,2024-06-03,Changed Mind,20113,Electronics
406925,303154,2024-10-06,Changed Mind,20281,Home
406926,343367,2025-06-25,Damaged,20238,Fashion
406927,352050,2025-06-16,Wrong Item,20466,Beauty
406928,342347,2026-01-22,Quality Issue,20143,Fashion
406929,322444,2024-05-03,Changed Mind,20459,Beauty
406930,349064,2026-06-17,Quality Issue,20402,Beauty
406931,303019,2025-11-02,Late Delivery,20546,Sports
406932,349660,2026-05-06,Wrong Item,20596,Sports
406933,304460,2024-11-04,Quality Issue,20323,Home
406934,328833,2025-04-19,Changed Mind,20213,Fashion
406935,327081,2025-04-23,Quality Issue,20039,Electronics
406936,357795,2024-08-11,Wrong Item,20534,Sports
406937,326283,2026-03-14,Late Delivery,20217,Fashion
406938,337614,2025-12-17,Damaged,20563,Sports
406939,317011,2026-07-26,Quality Issue,20211,Fashion
406940,300056,2026-02-13,Wrong Item,20084,Electronics
406941,342462,2025-04-10,Quality Issue,20310,Home
406942,346251,2025-08-18,Size Issue,20426,Beauty
406943,301842,2026-05-18,Changed Mind,20590,Sports
406944,348164,2026-01-02,Quality Issue,20111,Electronics
406945,320350,2026-08-23,Wrong Item,20502,Sports
406946,328280,2024-01-27,Size Issue,20150,Fashion
406947,326093,2025-03-08,Quality Issue,20341,Home
406948,314710,2024-07-03,Damaged,20532,Sports
406949,322152,2026-03-19,Quality Issue,20552,Sports
406950,339178,2026-07-05,Size Issue,20309,Home
406951,316342,2026-07-10,Damaged,20310,Home
406952,349081,2024-09-04,Wrong Item,20267,Home
406953,354061,2025-03-16,Changed Mind,20149,Fashion
406954,323095,2025-10-28,Damaged,20038,Electronics
406955,351567,2025-07-05,Late Delivery,20208,Fashion
406956,350359,2024-07-09,Wrong Item,20285,Home
406957,326822,2024-12-07,Quality Issue,20361,Beauty
406958,307566,2025-10-04,Quality Issue,20252,Home
406959,335427,2024-02-27,Late Delivery,20089,Electronics
406960,327376,2024-12-15,Changed Mind,20081,Electronics
406961,326367,2026-05-14,Changed Mind,20371,Beauty
406962,350386,2025-11-11,Wrong Item,20056,Electronics
406963,358284,2026-07-07,Quality Issue,20285,Home
406964,306036,2025-07-11,Damaged,20180,Fashion
406965,316300,2025-02-27,Late Delivery,20528,Sports
406966,359931,2024-02-12,Late Delivery,20534,Sports
406967,333057,2025-12-10,Size Issue,20131,Fashion
406968,333034,2024-02-21,Changed Mind,20288,Home
406969,323789,2026-09-08,Wrong Item,20284,Home
406970,314423,2026-02-20,Quality Issue,20236,Fashion
406971,300395,2025-03-26,Size Issue,20014,Electronics
406972,315440,2026-06-06,Quality Issue,20288,Home
406973,352368,2026-08-23,Size Issue,20075,Electronics
406974,347244,2026-07-27,Wrong Item,20463,Beauty
406975,320538,2024-02-17,Late Delivery,20156,Fashion
406976,306779,2025-08-13,Changed Mind,20059,Electronics
406977,352454,2026-08-15,Damaged,20340,Home
406978,332597,2025-09-12,Wrong Item,20561,Sports
406979,320533,2024-08-23,Changed Mind,20164,Fashion
406980,304828,2024-06-30,Damaged,20518,Sports
406981,342548,2025-06-19,Late Delivery,20215,Fashion
406982,301687,2024-07-10,Quality Issue,20065,Electronics
406983,336570,2025-05-29,Late Delivery,20502,Sports
406984,330379,2025-06-11,Late Delivery,20193,Fashion
406985,303143,2025-02-16,Size Issue,20294,Home
406986,323263,2025-07-27,Wrong Item,20516,Sports
406987,334597,2025-02-08,Quality Issue,20411,Beauty
406988,352370,2026-07-09,Wrong Item,20409,Beauty
406989,331026,2024-09-23,Damaged,20572,Sports
406990,352151,2024-04-20,Quality Issue,20538,Sports
406991,326078,2025-01-14,Size Issue,20574,Sports
406992,300624,2024-08-14,Wrong Item,20237,Fashion
406993,353660,2024-10-21,Quality Issue,20342,Home
406994,345421,2025-11-21,Quality Issue,20282,Home
406995,345551,2024-07-12,Quality Issue,20570,Sports
406996,346658,2025-12-05,Quality Issue,20416,Beauty
406997,355799,2025-03-27,Changed Mind,20049,Electronics
406998,302780,2024-12-11,Wrong Item,20189,Fashion
406999,330685,2026-08-09,Changed Mind,20560,Sports
407000,301084,2026-01-25,Changed Mind,20446,Beauty
