Customer_ID,Customer_Name,Gender,Age,City,State,Customer_Segment,Registration_Date
10001,Yash Mehta,Female,42,Agra,Uttar Pradesh,Premium,2023-01-13
10002,Aditya Arora,Male,37,Siliguri,West Bengal,Regular,2023-11-18
10003,Aditya Sharma,Male,43,Gandhinagar,Gujarat,Premium,2023-11-09
10004,Isha Kumar,Male,27,Nagpur,Maharashtra,New,2024-04-01
10005,Rohan Kumar,Male,31,Jalandhar,Punjab,New,2023-02-05
10006,Meera Arora,Female,37,Jalandhar,Punjab,Premium,2023-02-13
10007,Diya Mishra,Female,34,Karnal,Haryana,Regular,2025-09-21
10008,Arjun Bansal,Male,31,Kolkata,West Bengal,Premium,2025-02-01
10009,Meera Sharma,Male,37,Nagpur,Maharashtra,Regular,2025-08-04
10010,Rohan Kumar,Male,48,Nashik,Maharashtra,Regular,2024-06-14
10011,Rohan Arora,Female,39,Faridabad,Haryana,Premium,2023-02-21
10012,Kavya Bansal,Male,46,Kolkata,West Bengal,Premium,2023-01-13
10013,Vikas Gupta,Other,32,Vadodara,Gujarat,Premium,2023-09-02
10014,Neha Singh,Female,35,Saket,Delhi,Premium,2024-02-18
10015,Riya Mishra,Female,36,Ludhiana,Punjab,Regular,2025-11-01
10016,Neha Singh,Female,30,Jalandhar,Punjab,VIP,2025-01-11
10017,Rohan Verma,Female,37,Lucknow,Uttar Pradesh,Premium,2025-12-12
10018,Vikas Sharma,Male,50,Jodhpur,Rajasthan,Regular,2023-09-10
10019,Kavya Kapoor,Female,51,Kanpur,Uttar Pradesh,Premium,2024-12-24
10020,Aditi Mishra,Female,48,Varanasi,Uttar Pradesh,Premium,2024-12-17
10021,Vivaan Gupta,Male,37,Thane,Maharashtra,Regular,2025-12-12
10022,Meera Agarwal,Male,27,Ludhiana ,Punjab,Regular,2025-11-16
10023,Neha Verma,Male,58,Lucknow,Uttar Pradesh,Premium,2025-03-22
10024,Karan Kapoor,Male,29,Kanpur,Uttar Pradesh,New,2024-07-06
10025,Karan Saini,Male,49,Kota,Rajasthan,New,2025-11-13
10026,Karan Bansal,Female,38,Surat,Gujarat,Premium,2025-03-12
10027,Vikas Agarwal,Female,24,Rohini,Delhi,Regular,2023-12-15
10028,Yash Yadav,Female,19,Jaipur,Rajasthan,New,2023-06-26
10029,Neha Kapoor,Female,48,Thane,Maharashtra,Regular,2025-10-13
10030,Karan Kapoor,Female,28,Faridabad,Haryana,Regular,2025-12-26
10031,Arjun Bansal,Other,21,Nagpur,Maharashtra,Premium,2023-12-12
10032,Rahul Verma,Male,31,Ludhiana,Punjab,Regular,2025-02-22
10033,Rohan Verma,Female,34,Ambala,Haryana,Regular,2024-11-23
10034,Aman Arora,Male,38,Kolkata,West Bengal,Regular,2023-01-13
10035,Aarav Gupta,Female,37,Durgapur,West Bengal,Premium,2025-08-29
10036,Riya Agarwal,Female,27,Surat,Gujarat,VIP,2024-08-22
10037,Aarav Kumar,Female,34,Varanasi,Uttar Pradesh,Premium,2025-12-18
10038,Vikas Kapoor,Male,51,Karnal,Haryana,Regular,2023-11-23
10039,Yash Verma,Male,23,Pune,Maharashtra,Premium,2023-04-19
10040,Diya Arora,Male,39,Agra,Uttar Pradesh,Regular,2024-01-27
10041,Vikas Agarwal,Male,23,Jalandhar,Punjab,New,2023-02-07
10042,Karan Gupta,Male,30,Jodhpur,Rajasthan,Regular,2025-10-06
10043,Vivaan Agarwal,Male,45,Ambala,Haryana,Regular,2023-05-03
10044,Vikas Mehta,Female,18,Kolkata,West Bengal,Regular,2023-08-23
10045,Arjun Kumar,Male,55,Saket,Delhi,Regular,2025-10-31
10046,Isha Bansal,Female,21,Thane,Maharashtra,Regular,2025-08-28
10047,Isha Mishra,Male,18,Varanasi,Uttar Pradesh,Premium,2024-09-27
10048,Yash Arora,Male,34,Jaipur,Rajasthan,Regular,2023-01-01
10049,Meera Yadav,Female,30,Nashik,Maharashtra,VIP,2025-04-26
10050,Vivaan Agarwal,Female,28,Ludhiana,Punjab,Regular,2025-02-04
10051,Kavya Agarwal,Male,40,Durgapur,West Bengal,Regular,2025-07-08
10052,Meera Arora,Female,25,Surat,Gujarat,New,2025-03-03
10053,Isha Kumar,Female,40,Durgapur,West Bengal,Regular,2025-05-26
10054,Karan Kumar,Female,42,Durgapur,West Bengal,VIP,2025-08-24
10055,Aditi Sharma,Female,20,Thane,Maharashtra,Premium,2023-09-16
10056,Aditi Gupta,Female,44,Durgapur,West Bengal,Regular,2024-11-06
10057,Isha Yadav,Female,42,Faridabad,Haryana,Regular,2023-07-29
10058,Karan Mehta,Female,50,Rohini,Delhi,Regular,2023-09-03
10059,Isha Agarwal,Female,34,Faridabad,Haryana,New,2024-08-08
10060,Rahul Kumar,Female,26,Noida,Uttar Pradesh,Premium,2024-05-02
10061,Sneha Verma,Female,47,Varanasi,Uttar Pradesh,Regular,2025-12-13
10062,Arjun Sharma,Male,34,Saket,Delhi,Regular,2023-01-21
10063,Rahul Singh,Male,52,Vadodara,Gujarat,Regular,2024-12-21
10064,Isha Singh,Female,41,Varanasi,Uttar Pradesh,New,2023-02-25
10065,Isha Singh,Female,34,Karol Bagh,Delhi,Premium,2025-03-12
10066,Aditya Arora,Male,25,Kota,Rajasthan,New,2023-01-08
10067,Vikas Bansal,Male,33,Patiala,Punjab,Regular,2025-03-07
10068,Aditi Singh,Female,43,Surat,Gujarat,Premium,2025-12-19
10069,Karan Arora,Male,19,Panipat,Haryana,Regular,2025-12-07
10070,Karan Chopra,Male,30,Asansol,West Bengal,Regular,2023-01-19
10071,Arjun Bansal,Male,18,Surat,Gujarat,Regular,2024-03-20
10072,Meera Kapoor,Female,24,Rohini,Delhi,VIP,2023-05-06
10073,Sneha Saini,Male,28,Karnal,Haryana,Premium,2025-08-10
10074,Karan Sharma,Female,31,Gandhinagar,Gujarat,VIP,2023-12-15
10075,Neha Yadav,Female,38,Mumbai,Maharashtra,Premium,2023-01-05
10076,Riya Sharma,Female,41,Surat,Gujarat,Regular,2025-09-07
10077,Riya Saini,Male,48,Rajkot,Gujarat,Regular,2025-10-23
10078,Meera Kumar,Male,50,Ambala,Haryana,Premium,2024-01-22
10079,Aarav Mishra,Female,46,Lucknow,Uttar Pradesh,Regular,2023-05-09
10080,Aditya Yadav,Female,30,Jalandhar,Punjab,Regular,2023-11-02
10081,Rahul Kumar,Male,36,Gandhinagar,Gujarat,VIP,2024-06-02
10082,Aarav Sharma,Male,28,Thane,Maharashtra,New,2023-07-04
10083,Riya Arora,Female,37,Agra,Uttar Pradesh,Regular,2025-03-19
10084,Ananya Agarwal,Female,32,Ambala,Haryana,Premium,2025-02-21
10085,Isha Gupta,Male,23,Agra,Uttar Pradesh,Premium,2024-01-02
10086,Diya Mehta,Male,49,Lucknow,Uttar Pradesh,Regular,2024-09-20
10087,Kavya Chopra,Male,51,Vadodara,Gujarat,Regular,2024-08-11
10088,Arjun Yadav,Male,26,Nagpur,Maharashtra,New,2023-06-21
10089,Arjun Gupta,Male,39,Asansol,West Bengal,Regular,2025-04-02
10090,Karan Kumar,Male,27,Ajmer,Rajasthan,Regular,2024-05-14
10091,Ananya Bansal,Female,33,Amritsar,Punjab,Premium,2023-09-18
10092,Yash Gupta,Male,29,Nashik,Maharashtra,Regular,2023-06-27
10093,Yash Mishra,Female,28,Vadodara,Gujarat,Premium,2024-02-09
10094,Diya Gupta,Female,36,Nashik,Maharashtra,Premium,2023-09-30
10095,Aditi Kumar,Female,18,Surat,Gujarat,Premium,2023-10-02
10096,Diya Bansal,Other,29,Jodhpur,Rajasthan,Regular,2024-05-15
10097,Neha Singh,Female,65,Jodhpur,Rajasthan,Regular,2023-03-13
10098,Aman Verma,Female,19,Noida,Uttar Pradesh,Premium,2025-03-19
10099,Vikas Bansal,Male,30,Panipat,Haryana,VIP,2023-02-21
10100,Kavya Mishra,Male,37,Amritsar,Punjab,Regular,2023-11-04
10101,Karan Mehta,Female,32,Karnal,Haryana,Premium,2024-01-11
10102,Rahul Yadav,Female,26,Nashik,Maharashtra,Regular,2024-06-04
10103,Karan Saini,Male,44,Noida,Uttar Pradesh,Premium,2024-01-23
10104,Aditi Gupta,Female,35,Udaipur,Rajasthan,Regular,2023-12-28
10105,Diya Kumar,Male,28,Howrah,West Bengal,Premium,2025-09-29
10106,Isha Verma,Female,43,Rohini,Delhi,Premium,2025-11-27
10107,Rahul Bansal,Male,29,Noida,Uttar Pradesh,Premium,2023-01-14
10108,Rohan Mishra,Female,25,Rajkot,Gujarat,Premium,2024-08-05
10109,Meera Mehta,Male,40,Saket,Delhi,Regular,2024-11-17
10110,Arjun Agarwal,Female,21,Faridabad,Haryana,Regular,2025-07-28
10111,Aarav Singh,Male,52,Noida,Uttar Pradesh,Regular,2024-10-08
10112,Aditya Mishra,Other,49,Jalandhar,Punjab,Regular,2023-08-06
10113,Arjun Sharma,Male,39,Howrah,West Bengal,Regular,2025-11-07
10114,Diya Mishra,Female,28,Ahmedabad,Gujarat,Regular,2023-10-15
10115,Vivaan Yadav,Male,23,Pune,Maharashtra,Premium,2023-11-30
10116,Yash Kapoor,Female,18,Kolkata,West Bengal,Premium,2023-04-29
10117,Isha Mehta,Female,50,Ahmedabad,Gujarat,Regular,2024-01-31
10118,Vivaan Sharma,Female,24,Ludhiana,Punjab,Premium,2023-12-31
10119,Neha Kapoor,Male,38,Howrah,West Bengal,Regular,2023-12-04
10120,Neha Gupta,Female,36,Jaipur,Rajasthan,Regular,2024-09-13
10121,Vikas Kapoor,Male,18,Surat,Gujarat,Premium,2025-05-06
10122,Diya Saini,Male,28,Howrah,West Bengal,Regular,2024-04-26
10123,Yash Yadav,Male,23,Lucknow,Uttar Pradesh,Regular,2023-09-04
10124,Arjun Kapoor,Male,42,Mohali,Punjab,Regular,2024-11-22
10125,Aditi Saini,Female,42,New Delhi,Delhi,Regular,2025-05-28
10126,Vivaan Kapoor,Male,32,Agra,Uttar Pradesh,Regular,2023-10-18
10127,Neha Mehta,Male,26,Rajkot,Gujarat,New,2024-02-20
10128,Diya Bansal,Female,36,Ahmedabad,Gujarat,Regular,2025-05-10
10129,Ananya Kumar,Other,45,Gurugram,Haryana,Premium,2025-08-02
10130,Rahul Mishra,Female,19,Jodhpur,Rajasthan,New,2025-05-30
10131,Aarav Arora,Female,55,Lucknow,Uttar Pradesh,New,2024-07-01
10132,Rohan Mehta,Female,32,New Delhi,Delhi,New,2023-05-12
10133,Isha Saini,Female,33,Ludhiana,Punjab,Regular,2023-10-13
10134,Vikas Singh,Female,50,Varanasi,Uttar Pradesh,Regular,2023-04-29
10135,Vivaan Chopra,Female,33,Durgapur,West Bengal,Regular,2024-11-29
10136,Vikas Verma,Male,33,Kanpur,Uttar Pradesh,VIP,2025-01-18
10137,Riya Mishra,Female,25,Jaipur,Rajasthan,Regular,2025-04-09
10138,Karan Kumar,Female,28,Pune,Maharashtra,Regular,2024-04-11
10139,Aditya Saini,Male,27,Noida,Uttar Pradesh,VIP,2025-01-09
10140,Ananya Gupta,Female,18,Siliguri,West Bengal,New,2025-12-21
10141,Yash Gupta,Female,18,Durgapur,West Bengal,Premium,2025-06-22
10142,Kavya Saini,Female,32,Karol Bagh,Delhi,Regular,2025-12-24
10143,Sneha Verma,Male,20,Kota,Rajasthan,Premium,2023-09-01
10144,Rahul Chopra,Female,41,Kanpur,Uttar Pradesh,Premium,2023-07-05
10145,Aman Singh,Male,32,Lucknow,Uttar Pradesh,Regular,2023-02-10
10146,Aarav Mehta,Male,18,Karnal,Haryana,Regular,2024-01-09
10147,Sneha Saini,Other,49,Nagpur,Maharashtra,Regular,2024-05-01
10148,Vivaan Mehta,Female,30,Ajmer,Rajasthan,VIP,2025-12-27
10149,Aarav Gupta,Female,39,Panipat,Haryana,Regular,2025-09-03
10150,Arjun Mishra,Female,50,New Delhi,Delhi,VIP,2024-07-10
10151,Aditya Mishra,Female,34,Howrah,West Bengal,Premium,2023-08-04
10152,Ananya Singh,Female,34,Dwarka,Delhi,Regular,2023-07-17
10153,Aditi Kumar,Male,48,Ludhiana,Punjab,Premium,2025-07-12
10154,Vikas Kumar,Female,31,Kota,Rajasthan,New,2023-08-06
10155,Aman Kapoor,Female,45,Kolkata,West Bengal,Regular,2025-07-30
10156,Aditi Yadav,Female,33,Saket,Delhi,Regular,2023-04-08
10157,Rahul Saini,Male,36,Nashik,Maharashtra,Regular,2025-02-13
10158,Kavya Bansal,Male,36,Rajkot,Gujarat,Regular,2024-03-17
10159,Vivaan Mehta,Male,30,New Delhi,Delhi,Regular,2024-09-29
10160,Kavya Saini,Female,29,Rajkot,Gujarat,Premium,2023-07-04
10161,Karan Chopra,Female,27,Lucknow,Uttar Pradesh,Premium,2025-03-20
10162,Isha Bansal,Female,21,Thane,Maharashtra,VIP,2024-10-04
10163,Vivaan Chopra,Male,30,Thane,Maharashtra,Premium,2024-12-26
10164,Aman Chopra,Male,31,Kota,Rajasthan,Premium,2024-06-03
10165,Rohan Mehta,Male,38,Ambala,Haryana,Regular,2025-10-27
10166,Arjun Kapoor,Male,33,Gandhinagar,Gujarat,New,2023-10-08
10167,Vivaan Kapoor,Female,45,Agra,Uttar Pradesh,New,2023-10-04
10168,Neha Sharma,Female,44,Patiala,Punjab,Regular,2023-03-12
10169,Ananya Kumar,Male,47,Panipat,Haryana,Premium,2025-09-20
10170,Neha Arora,Male,32,Nagpur,Maharashtra,Premium,2024-11-17
10171,Diya Arora,Male,29,Mumbai,Maharashtra,VIP,2025-02-03
10172,Aarav Singh,Male,20,Faridabad,Haryana,Regular,2025-05-12
10173,Diya Saini,Female,47,Kota,Rajasthan,Regular,2025-11-13
10174,Karan Gupta,Female,22,Karol Bagh,Delhi,Premium,2025-06-11
10175,Rohan Agarwal,Female,25,Pune,Maharashtra,Regular,2024-11-13
10176,Diya Mishra,Female,36,Mohali,Punjab,Regular,2025-08-08
10177,Isha Mishra,Male,31,Nashik,Maharashtra,VIP,2025-02-28
10178,Aditi Arora,Male,48,Agra,Uttar Pradesh,Regular,2025-01-19
10179,Riya Mehta,Male,26,Asansol,West Bengal,Premium,2023-07-27
10180,Diya Verma,Female,34,Patiala,Punjab,VIP,2024-06-23
10181,Arjun Singh,Female,18,Kanpur,Uttar Pradesh,Regular,2025-04-04
10182,Diya Gupta,Female,46,Ludhiana,Punjab,New,2023-01-12
10183,Aditi Mehta,Male,18,Kolkata,West Bengal,Premium,2024-03-14
10184,Aditi Saini,Female,59,Kolkata,West Bengal,Premium,2024-08-18
10185,Aditi Saini,Male,33,Rohini,Delhi,New,2024-08-31
10186,Rahul Verma,Male,31,Nashik,Maharashtra,Regular,2025-09-26
10187,Kavya Verma,Male,34,Gandhinagar,Gujarat,Regular,2023-07-19
10188,Isha Arora,Male,23,Pune,Maharashtra,Premium,2023-03-25
10189,Meera Sharma,Female,41,Kota,Rajasthan,Regular,2023-12-08
10190,Ananya Bansal,Female,30,Rohini,Delhi,Regular,2024-10-29
10191,Yash Mishra,Male,31,Gurugram,Haryana,Regular,2023-06-16
10192,Sneha Mishra,Male,47,Kolkata,West Bengal,Regular,2025-05-05
10193,Ananya Yadav,Male,18,Howrah,West Bengal,VIP,2024-01-06
10194,Aditya Sharma,Male,32,Mumbai,Maharashtra,VIP,2024-05-25
10195,Vikas Chopra,Male,33,Lucknow,Uttar Pradesh,New,2025-12-21
10196,Kavya Mishra,Female,35,Noida,Uttar Pradesh,Regular,2024-11-06
10197,Rahul Mishra,Male,28,Pune,Maharashtra,New,2024-09-16
10198,Karan Gupta,Female,31,Durgapur,West Bengal,Regular,2024-01-26
10199,Karan Yadav,Male,52,Kolkata,West Bengal,Premium,2023-02-22
10200,Aditya Mishra,Male,39,Ahmedabad,Gujarat,Regular,2023-07-23
10201,Isha Agarwal,Male,26,Thane,Maharashtra,New,2025-10-04
10202,Isha Sharma,Female,41,Gurugram,Haryana,Regular,2023-03-04
10203,Vikas Kumar,Female,34,Mohali,Punjab,New,2024-06-07
10204,Aditi Bansal,Male,41,Siliguri,West Bengal,Regular,2023-07-30
10205,Isha Bansal,Female,32,Pune,Maharashtra,Premium,2023-12-20
10206,Isha Kumar,Male,26,Gurugram,Haryana,Regular,2024-06-30
10207,Sneha Saini,Female,18,Panipat,Haryana,New,2023-08-28
10208,Sneha Bansal,Male,46,Nagpur,Maharashtra,Premium,2024-02-15
10209,Rahul Arora,Female,41,Panipat,Haryana,Premium,2023-05-04
10210,Aditi Singh,Female,38,Patiala,Punjab,Regular,2024-07-27
10211,Aman Chopra,Female,40,Mumbai,Maharashtra,Regular,2025-09-02
10212,Riya Singh,Male,46,Nashik,Maharashtra,New,2024-09-02
10213,Diya Bansal,Male,18,Nagpur,Maharashtra,Regular,2024-09-25
10214,Aditya Yadav,Female,35,Rohini,Delhi,Premium,2025-07-02
10215,Riya Chopra,Female,18,Nashik,Maharashtra,Regular,2024-10-13
10216,Aarav Saini,Female,30,New Delhi,Delhi,Regular,2024-11-16
10217,Rohan Kapoor,Male,37,Noida,Uttar Pradesh,VIP,2024-06-26
10218,Diya Singh,Male,30,Gandhinagar,Gujarat,Premium,2024-12-26
10219,Karan Mehta,Female,52,Pune,Maharashtra,Regular,2025-01-18
10220,Aditya Chopra,Male,31,Gandhinagar,Gujarat,Regular,2024-02-21
10221,Arjun Mishra,Male,26,Mumbai,Maharashtra,Regular,2025-04-22
10222,Kavya Kumar,Female,34,Nashik,Maharashtra,Premium,2024-11-17
10223,Neha Sharma,Male,24,Panipat,Haryana,New,2025-03-29
10224,Meera Yadav,Male,25,Agra,Uttar Pradesh,New,2024-07-18
10225,Kavya Sharma,Male,43,Karol Bagh,Delhi,New,2023-05-31
10226,Aman Verma,Female,44,Rohini,Delhi,Regular,2023-01-03
10227,Sneha Arora,Male,36,Howrah,West Bengal,Regular,2023-04-16
10228,Karan Yadav,Female,40,Varanasi,Uttar Pradesh,Premium,2025-01-11
10229,Aditya Sharma,Male,55,Asansol,West Bengal,VIP,2025-01-16
10230,Diya Saini,Male,33,Thane,Maharashtra,Premium,2023-03-13
10231,Kavya Arora,Female,25,Vadodara,Gujarat,New,2025-11-04
10232,Aditya Mishra,Female,39,Jodhpur,Rajasthan,Regular,2023-05-06
10233,Meera Saini,Male,42,Nagpur,Maharashtra,New,2025-06-11
10234,Meera Singh,Male,43,Udaipur,Rajasthan,New,2025-06-13
10235,Vivaan Singh,Male,45,Rohini,Delhi,Regular,2025-04-13
10236,Arjun Yadav,Female,44,Nagpur,Maharashtra,Premium,2023-04-23
10237,Aditi Sharma,Male,39,Rohini,Delhi,Premium,2025-12-15
10238,Aarav Agarwal,Female,40,Faridabad,Haryana,Premium,2025-04-18
10239,Rohan Mehta,Female,38,Nagpur,Maharashtra,Regular,2023-09-09
10240,Diya Mehta,Female,18,Amritsar,Punjab,Regular,2023-11-02
10241,Karan Bansal,Female,18,Asansol,West Bengal,VIP,2023-10-06
10242,Aditi Chopra,Female,23,Howrah,West Bengal,Premium,2023-10-18
10243,Isha Arora,Male,42,Kolkata,West Bengal,Regular,2024-12-11
10244,Diya Gupta,Male,30,Kanpur,Uttar Pradesh,Regular,2023-12-28
10245,Aditi Bansal,Male,35,Ambala,Haryana,New,2025-12-12
10246,Neha Yadav,Female,50,Asansol,West Bengal,Premium,2024-04-23
10247,Vivaan Saini,Female,45,Agra,Uttar Pradesh,New,2023-04-18
10248,Aditi Kumar,Male,18,Kolkata,West Bengal,Regular,2023-12-03
10249,Neha Kapoor,Female,41,Siliguri,West Bengal,Regular,2024-03-28
10250,Meera Bansal,Female,35,Gandhinagar,Gujarat,Premium,2024-01-14
10251,Aarav Yadav,Male,27,Varanasi,Uttar Pradesh,New,2025-01-30
10252,Neha Saini,Male,31,Varanasi,Uttar Pradesh,New,2024-10-06
10253,Vikas Kapoor,Male,31,Gandhinagar,Gujarat,Premium,2025-07-05
10254,Vivaan Yadav,Female,21,Agra,Uttar Pradesh,Regular,2023-05-18
10255,Meera Bansal,Male,36,Ludhiana,Punjab,Regular,2025-01-21
10256,Ananya Gupta,Male,56,Thane,Maharashtra,VIP,2025-05-07
10257,Isha Kumar,Other,44,Siliguri,West Bengal,Premium,2023-02-13
10258,Isha Verma,Female,18,Pune,Maharashtra,Regular,2025-01-06
10259,Karan Mehta,Female,37,Nagpur,Maharashtra,Premium,2023-09-26
10260,Diya Singh,Female,37,Ambala,Haryana,New,2023-10-29
10261,Rohan Kapoor,Male,24,Thane,Maharashtra,VIP,2024-11-08
10262,Vikas Mehta,Female,22,Asansol,West Bengal,VIP,2023-10-24
10263,Aditya Kapoor,Female,43,Mohali,Punjab,Regular,2024-10-31
10264,Vikas Gupta,Female,35,Ajmer,Rajasthan,Premium,2025-02-18
10265,Ananya Verma,Male,29,Siliguri,West Bengal,Premium,2023-08-28
10266,Aman Chopra,Male,40,Ahmedabad,Gujarat,Premium,2023-07-07
10267,Diya Singh,Male,55,Mumbai,Maharashtra,Regular,2025-03-28
10268,Vikas Gupta,Female,37,Nagpur,Maharashtra,Regular,2024-05-20
10269,Meera Saini,Male,37,Lucknow,Uttar Pradesh,Regular,2023-09-26
10270,Neha Bansal,Female,34,Varanasi,Uttar Pradesh,Regular,2025-06-22
10271,Arjun Bansal,Female,30,Ahmedabad,Gujarat,Regular,2025-10-24
10272,Vivaan Bansal,Male,42,Rajkot,Gujarat,Regular,2024-06-10
10273,Yash Verma,Female,32,Howrah,West Bengal,Premium,2025-12-22
10274,Ananya Mishra,Male,39,Howrah,West Bengal,Regular,2023-08-01
10275,Karan Bansal,Female,49,Ajmer,Rajasthan,Regular,2024-10-20
10276,Meera Singh,Male,41,Ajmer,Rajasthan,New,2024-02-13
10277,Vivaan Kapoor,Male,21,Vadodara,Gujarat,Regular,2024-06-18
10278,Riya Bansal,Male,21,Nagpur,Maharashtra,Premium,2023-09-05
10279,Karan Saini,Other,47,Nagpur,Maharashtra,Regular,2024-01-26
10280,Aditi Singh,Female,33,Rajkot,Gujarat,Regular,2024-10-15
10281,Kavya Kapoor,Male,37,Asansol,West Bengal,Premium,2025-07-08
10282,Ananya Mishra,Male,26,Agra,Uttar Pradesh,Regular,2023-09-03
10283,Aditya Agarwal,Female,40,Kanpur,Uttar Pradesh,Regular,2024-01-08
10284,Vivaan Mishra,Male,53,Ambala,Haryana,New,2025-04-06
10285,Neha Kumar,Other,36,Pune,Maharashtra,Regular,2023-02-24
10286,Isha Mishra,Female,40,Karnal,Haryana,Premium,2025-03-06
10287,Sneha Yadav,Female,46,Jaipur,Rajasthan,Regular,2025-08-14
10288,Isha Verma,Female,51,Jodhpur,Rajasthan,Regular,2023-01-07
10289,Isha Singh,Male,27,Agra,Uttar Pradesh,Regular,2024-08-29
10290,Aman Kapoor,Male,38,Pune,Maharashtra,New,2023-09-15
10291,Rohan Verma,Male,47,Ambala,Haryana,New,2025-10-26
10292,Vikas Agarwal,Male,50,Faridabad,Haryana,Regular,2025-11-14
10293,Vivaan Yadav,Female,30,Vadodara,Gujarat,New,2025-07-03
10294,Vikas Kapoor,Male,27,Agra,Uttar Pradesh,Premium,2025-02-02
10295,Aditya Mishra,Female,32,Jalandhar,Punjab,VIP,2024-12-31
10296,Arjun Mishra,Female,31,Jaipur,Rajasthan,New,2025-11-19
10297,Rahul Singh,Male,31,Ahmedabad,Gujarat,Premium,2025-08-20
10298,Yash Kapoor,Male,38,Saket,Delhi,Premium,2025-07-29
10299,Aditi Sharma,Male,29,Pune,Maharashtra,Premium,2025-09-25
10300,Sneha Agarwal,Male,50,Ambala,Haryana,New,2024-01-02
10301,Isha Singh,Male,30,Gurugram,Haryana,Premium,2024-01-29
10302,Isha Kumar,Male,28,Ajmer,Rajasthan,VIP,2023-04-21
10303,Aditi Agarwal,Female,22,Jaipur,Rajasthan,Premium,2024-06-29
10304,Neha Saini,Female,47,Pune,Maharashtra,Premium,2023-07-25
10305,Arjun Yadav,Male,21,Pune,Maharashtra,New,2024-07-17
10306,Ananya Chopra,Male,39,Asansol,West Bengal,Regular,2025-08-19
10307,Isha Mehta,Female,41,Jaipur,Rajasthan,Premium,2023-09-19
10308,Vikas Yadav,Male,18,Varanasi,Uttar Pradesh,Regular,2025-06-07
10309,Isha Bansal,Male,21,Rajkot,Gujarat,Regular,2024-03-12
10310,Aarav Sharma,Female,30,Dwarka,Delhi,New,2023-05-17
10311,Riya Mehta,Female,53,Lucknow,Uttar Pradesh,Regular,2025-09-25
10312,Arjun Saini,Female,30,Faridabad,Haryana,Regular,2024-11-20
10313,Aarav Bansal,Male,29,Karnal,Haryana,VIP,2023-03-22
10314,Diya Saini,Female,27,Siliguri,West Bengal,Premium,2025-04-18
10315,Kavya Kumar,Male,26,Vadodara,Gujarat,Regular,2025-03-02
10316,Aman Sharma,Female,28,Nagpur,Maharashtra,Regular,2024-10-25
10317,Aditya Agarwal,Male,27,Noida,Uttar Pradesh,Regular,2023-05-02
10318,Riya Sharma,Male,27,Patiala,Punjab,New,2025-03-01
10319,Aman Mehta,Female,27,Mohali,Punjab,Premium,2024-03-24
10320,Aarav Gupta,Female,30,New Delhi,Delhi,Regular,2024-06-15
10321,Diya Gupta,Female,44,Thane,Maharashtra,Regular,2025-07-03
10322,Meera Saini,Male,23,Mumbai,Maharashtra,New,2023-04-27
10323,Vikas Arora,Male,28,Nagpur,Maharashtra,Premium,2023-07-11
10324,Sneha Verma,Female,29,Saket,Delhi,Regular,2024-12-20
10325,Aarav Verma,Female,34,Durgapur,West Bengal,Regular,2024-03-29
10326,Diya Sharma,Male,26,Rajkot,Gujarat,Premium,2025-03-13
10327,Vivaan Yadav,Male,55,Thane,Maharashtra,Regular,2024-11-30
10328,Aditi Kumar,Female,40,Mumbai,Maharashtra,Regular,2023-01-19
10329,Rahul Mehta,Female,44,Lucknow,Uttar Pradesh,Premium,2023-09-03
10330,Karan Mehta,Female,36,Dwarka,Delhi,Premium,2024-01-27
10331,Vikas Kumar,Male,48,Agra,Uttar Pradesh,Premium,2025-11-08
10332,Riya Chopra,Female,23,Rajkot,Gujarat,Premium,2024-01-30
10333,Rahul Gupta,Female,28,Gurugram,Haryana,New,2025-06-14
10334,Aman Gupta,Male,26,Amritsar,Punjab,VIP,2023-07-09
10335,Sneha Mehta,Female,32,Gurugram,Haryana,New,2025-10-09
10336,Aditya Sharma,Male,50,Ambala,Haryana,Regular,2024-02-11
10337,Aarav Gupta,Male,56,Surat,Gujarat,New,2024-03-03
10338,Arjun Agarwal,Female,44,Thane,Maharashtra,VIP,2023-03-06
10339,Vivaan Bansal,Female,33,Jaipur,Rajasthan,Regular,2025-06-18
10340,Ananya Arora,Female,45,Gurugram,Haryana,Regular,2025-01-27
10341,Diya Mishra,Male,49,Kota,Rajasthan,New,2025-08-27
10342,Meera Gupta,Male,46,Udaipur,Rajasthan,New,2025-09-13
10343,Yash Saini,Female,33,Jalandhar,Punjab,Regular,2024-03-23
10344,Rahul Mishra,Male,33,Agra,Uttar Pradesh,New,2024-08-08
10345,Arjun Mishra,Female,27,Noida,Uttar Pradesh,Regular,2023-11-21
10346,Vikas Verma,Male,32,Pune,Maharashtra,Premium,2023-07-10
10347,Rahul Saini,Female,26,Thane,Maharashtra,Regular,2024-01-12
10348,Aditi Arora,Female,33,Karnal,Haryana,Premium,2023-06-05
10349,Sneha Yadav,Male,34,Agra,Uttar Pradesh,Regular,2025-01-26
10350,Isha Mehta,Female,25,Pune,Maharashtra,New,2025-09-17
10351,Yash Gupta,Male,61,Udaipur,Rajasthan,Premium,2024-02-12
10352,Isha Mishra,Male,37,Ahmedabad,Gujarat,Premium,2023-10-01
10353,Yash Verma,Male,47,Pune,Maharashtra,Regular,2023-02-14
10354,Rohan Saini,Female,46,Patiala,Punjab,Premium,2023-11-07
10355,Vivaan Sharma,Male,53,Karnal,Haryana,Regular,2025-10-16
10356,Arjun Mehta,Female,25,Thane,Maharashtra,Regular,2023-03-28
10357,Neha Arora,Male,29,Karnal,Haryana,Regular,2024-03-21
10358,Vikas Gupta,Male,18,Mumbai,Maharashtra,Regular,2024-05-28
10359,Diya Yadav,Female,18,Asansol,West Bengal,Regular,2023-09-19
10360,Ananya Kumar,Female,24,Nashik,Maharashtra,New,2023-11-04
10361,Aditya Yadav,Female,32,Kanpur,Uttar Pradesh,Regular,2024-01-20
10362,Riya Mishra,Female,33,Nagpur,Maharashtra,Premium,2023-05-06
10363,Rahul Gupta,Female,65,Ajmer,Rajasthan,New,2024-03-23
10364,Diya Arora,Male,39,Nashik,Maharashtra,Regular,2025-07-26
10365,Diya Verma,Male,44,Siliguri,West Bengal,VIP,2024-04-23
10366,Aditya Yadav,Female,35,Varanasi,Uttar Pradesh,Regular,2023-12-02
10367,Vivaan Agarwal,Female,21,Durgapur,West Bengal,Regular,2024-02-08
10368,Sneha Singh,Female,37,Howrah,West Bengal,Premium,2024-03-28
10369,Aditi Kumar,Female,18,New Delhi,Delhi,Regular,2023-05-03
10370,Aditi Kapoor,Male,32,Faridabad,Haryana,Regular,2024-12-27
10371,Rahul Kapoor,Male,40,Faridabad,Haryana,Regular,2023-02-27
10372,Riya Sharma,Female,28,Gurugram,Haryana,Premium,2025-10-13
10373,Diya Saini,Male,36,Gurugram,Haryana,Premium,2024-02-13
10374,Kavya Saini,Male,28,Pune,Maharashtra,Regular,2023-02-20
10375,Vivaan Kumar,Male,23,Panipat,Haryana,Regular,2025-12-08
10376,Neha Mishra,Male,39,Varanasi,Uttar Pradesh,Regular,2025-02-09
10377,Meera Singh,Female,44,Ahmedabad,Gujarat,Regular,2024-02-04
10378,Aman Mehta,Male,44,Panipat,Haryana,Regular,2024-02-28
10379,Vivaan Singh,Other,32,Vadodara,Gujarat,Premium,2023-01-13
10380,Meera Agarwal,Female,18,Saket,Delhi,VIP,2025-12-06
10381,Rahul Bansal,Male,35,Mohali,Punjab,Premium,2024-05-17
10382,Diya Gupta,Male,47,Pune,Maharashtra,VIP,2025-09-08
10383,Aditi Bansal,Male,21,Nashik,Maharashtra,Regular,2024-01-14
10384,Vikas Kapoor,Female,52,Howrah,West Bengal,Premium,2025-11-04
10385,Karan Agarwal,Male,18,Surat,Gujarat,Premium,2025-09-14
10386,Riya Chopra,Male,38,Ahmedabad,Gujarat,Regular,2025-09-26
10387,Karan Agarwal,Male,42,New Delhi,Delhi,Regular,2025-01-13
10388,Sneha Chopra,Female,49,Mohali,Punjab,Regular,2023-08-23
10389,Kavya Mishra,Female,39,Ahmedabad,Gujarat,Premium,2023-01-09
10390,Sneha Gupta,Female,31,Gandhinagar,Gujarat,Premium,2024-04-10
10391,Arjun Chopra,Female,36,Durgapur,West Bengal,Regular,2023-01-18
10392,Sneha Agarwal,Male,27,Lucknow,Uttar Pradesh,Premium,2024-11-18
10393,Vikas Chopra,Female,18,Agra,Uttar Pradesh,Regular,2023-02-13
10394,Yash Agarwal,Male,32,Gandhinagar,Gujarat,Premium,2023-08-27
10395,Vikas Saini,Female,39,Noida,Uttar Pradesh,Regular,2025-11-07
10396,Aman Verma,Female,44,Asansol,West Bengal,Regular,2025-08-06
10397,Arjun Singh,Male,29,Gandhinagar,Gujarat,VIP,2023-05-29
10398,Diya Verma,Male,49,Noida,Uttar Pradesh,Regular,2023-05-13
10399,Vikas Gupta,Female,32,Ahmedabad,Gujarat,Premium,2025-03-15
10400,Neha Kapoor,Male,39,Surat,Gujarat,Regular,2024-07-08
10401,Aarav Mehta,Male,41,Patiala,Punjab,VIP,2025-10-25
10402,Isha Mishra,Female,35,Siliguri,West Bengal,New,2023-04-08
10403,Aditya Mishra,Female,33,Udaipur,Rajasthan,Regular,2024-07-16
10404,Aditya Kumar,Female,50,Ahmedabad,Gujarat,New,2023-04-16
10405,Kavya Yadav,Female,18,Noida,Uttar Pradesh,Regular,2025-12-10
10406,Arjun Mishra,Male,34,Howrah,West Bengal,Regular,2024-11-12
10407,Isha Gupta,Male,18,Varanasi,Uttar Pradesh,Regular,2023-03-30
10408,Meera Kapoor,Female,18,Panipat,Haryana,Premium,2023-06-06
10409,Aditya Agarwal,Female,33,Howrah,West Bengal,Regular,2024-10-20
10410,Vivaan Verma,Male,29,Panipat,Haryana,Regular,2023-06-04
10411,Ananya Sharma,Male,55,Varanasi,Uttar Pradesh,VIP,2025-09-23
10412,Meera Sharma,Male,31,Siliguri,West Bengal,Premium,2025-02-07
10413,Meera Chopra,Female,45,Durgapur,West Bengal,New,2023-10-07
10414,Aditi Agarwal,Male,35,Nashik,Maharashtra,New,2024-11-13
10415,Aditya Verma,Female,22,Mumbai,Maharashtra,New,2025-04-03
10416,Kavya Agarwal,Other,18,Lucknow,Uttar Pradesh,New,2024-08-22
10417,Vivaan Yadav,Female,20,Agra,Uttar Pradesh,Regular,2023-06-25
10418,Ananya Agarwal,Female,37,Agra,Uttar Pradesh,Premium,2025-04-17
10419,Aditi Saini,Male,50,Pune,Maharashtra,Regular,2024-10-30
10420,Karan Gupta,Male,25,Ahmedabad,Gujarat,Regular,2024-02-01
10421,Isha Kapoor,Female,42,Ahmedabad,Gujarat,Regular,2024-04-29
10422,Ananya Kapoor,Male,32,Surat,Gujarat,Regular,2023-10-16
10423,Isha Mishra,Male,23,Faridabad,Haryana,Premium,2024-10-19
10424,Aarav Agarwal,Female,38,Jaipur,Rajasthan,VIP,2024-03-04
10425,Kavya Gupta,Male,50,Panipat,Haryana,Regular,2024-10-03
10426,Riya Agarwal,Female,33,Pune,Maharashtra,Regular,2023-06-16
10427,Aditya Saini,Male,42,Lucknow,Uttar Pradesh,Premium,2024-10-07
10428,Arjun Mishra,Male,37,Howrah,West Bengal,Premium,2023-03-06
10429,Rahul Sharma,Male,37,Noida,Uttar Pradesh,Regular,2024-07-03
10430,Kavya Gupta,Female,26,Patiala,Punjab,Premium,2024-03-04
10431,Riya Mishra,Female,39,Jalandhar,Punjab,Regular,2025-02-27
10432,Sneha Kapoor,Male,19,Ahmedabad,Gujarat,VIP,2024-06-28
10433,Aarav Mishra,Male,38,Nashik,Maharashtra,New,2025-10-07
10434,Arjun Yadav,Female,48,Karnal,Haryana,Regular,2025-12-18
10435,Rahul Saini,Male,52,Gurugram,Haryana,Regular,2024-03-03
10436,Vivaan Sharma,Male,24,Thane,Maharashtra,Premium,2023-06-02
10437,Aarav Chopra,Male,38,Panipat,Haryana,Regular,2024-04-01
10438,Sneha Agarwal,Female,27,Rajkot,Gujarat,Regular,2025-05-21
10439,Aarav Chopra,Male,35,Nagpur,Maharashtra,Premium,2024-05-21
10440,Aditya Saini,Male,53,Gurugram,Haryana,Regular,2025-08-11
10441,Rahul Yadav,Female,43,Karnal,Haryana,Regular,2025-12-21
10442,Yash Mehta,Male,27,Kolkata,West Bengal,Regular,2023-11-13
10443,Aditya Sharma,Female,27,Lucknow,Uttar Pradesh,Premium,2024-08-22
10444,Kavya Chopra,Female,34,Noida,Uttar Pradesh,Regular,2023-04-01
10445,Vivaan Saini,Male,35,Rajkot,Gujarat,Premium,2023-12-05
10446,Rohan Sharma,Male,35,Howrah,West Bengal,Premium,2025-07-23
10447,Kavya Yadav,Female,19,Howrah,West Bengal,New,2023-09-07
10448,Rohan Kapoor,Male,54,Gandhinagar,Gujarat,Regular,2023-06-18
10449,Sneha Chopra,Male,55,Agra,Uttar Pradesh,New,2025-10-28
10450,Rahul Mishra,Female,39,Karnal,Haryana,Regular,2024-08-17
10451,Vikas Agarwal,Female,25,Ahmedabad,Gujarat,Regular,2025-01-18
10452,Vikas Kapoor,Male,28,Nashik,Maharashtra,Premium,2023-01-13
10453,Isha Agarwal,Male,25,Kanpur,Uttar Pradesh,Regular,2024-03-08
10454,Kavya Saini,Male,24,Durgapur,West Bengal,Regular,2024-11-17
10455,Vivaan Sharma,Female,28,Jalandhar,Punjab,Regular,2023-04-03
10456,Karan Mishra,Female,38,Udaipur,Rajasthan,VIP,2023-06-07
10457,Yash Gupta,Female,35,Ambala,Haryana,Regular,2023-04-28
10458,Rohan Bansal,Female,49,Kota,Rajasthan,Premium,2023-03-09
10459,Rahul Agarwal,Female,19,Panipat,Haryana,Regular,2023-08-03
10460,Arjun Saini,Male,25,Jalandhar,Punjab,Regular,2024-11-23
10461,Neha Verma,Male,18,Patiala,Punjab,Premium,2025-04-03
10462,Aditi Agarwal,Female,35,Pune,Maharashtra,Regular,2023-02-24
10463,Arjun Yadav,Male,50,Ahmedabad,Gujarat,Regular,2023-05-31
10464,Meera Mehta,Male,29,Nagpur,Maharashtra,Regular,2024-03-17
10465,Rohan Bansal,Male,48,Kolkata,West Bengal,Premium,2025-05-19
10466,Vivaan Verma,Female,41,Noida,Uttar Pradesh,New,2025-08-23
10467,Arjun Singh,Male,43,Kanpur,Uttar Pradesh,Regular,2024-07-01
10468,Aditi Singh,Male,40,Asansol,West Bengal,Premium,2024-02-14
10469,Kavya Gupta,Female,52,Rohini,Delhi,New,2025-12-06
10470,Rohan Chopra,Male,32,Asansol,West Bengal,Regular,2023-12-13
10471,Karan Gupta,Female,41,Ambala,Haryana,Regular,2025-07-11
10472,Aditi Chopra,Male,52,Asansol,West Bengal,Regular,2024-12-31
10473,Diya Sharma,Female,24,Faridabad,Haryana,Regular,2023-06-09
10474,Neha Gupta,Male,32,Howrah,West Bengal,Premium,2025-07-27
10475,Arjun Bansal,Female,40,Ajmer,Rajasthan,Regular,2024-05-12
10476,Karan Yadav,Female,25,Kolkata,West Bengal,New,2025-12-21
10477,Neha Kapoor,Female,25,Ambala,Haryana,Regular,2023-02-05
10478,Riya Mishra,Female,54,Pune,Maharashtra,VIP,2023-12-25
10479,Kavya Bansal,Male,26,Asansol,West Bengal,New,2023-02-03
10480,Isha Mishra,Female,30,Kota,Rajasthan,New,2025-03-23
10481,Aarav Verma,Female,36,Nashik,Maharashtra,VIP,2025-05-28
10482,Aditya Sharma,Female,38,Pune,Maharashtra,Premium,2024-08-06
10483,Rohan Mishra,Female,29,Lucknow,Uttar Pradesh,Premium,2025-03-15
10484,Karan Kumar,Male,32,Nagpur,Maharashtra,New,2023-03-01
10485,Aditi Sharma,Female,24,Mumbai,Maharashtra,Regular,2023-01-10
10486,Aarav Kapoor,Male,28,Kolkata,West Bengal,Regular,2024-04-29
10487,Meera Kumar,Female,41,Karnal,Haryana,Regular,2023-04-15
10488,Meera Singh,Male,43,Saket,Delhi,Regular,2023-12-29
10489,Ananya Agarwal,Male,44,Kolkata,West Bengal,New,2024-12-29
10490,Isha Saini,Female,34,Durgapur,West Bengal,Regular,2023-03-01
10491,Vikas Kumar,Female,32,Jodhpur,Rajasthan,Premium,2025-06-26
10492,Riya Verma,Female,21,Mumbai,Maharashtra,Premium,2024-06-28
10493,Rahul Kumar,Female,30,Dwarka,Delhi,Regular,2024-08-14
10494,Kavya Bansal,Female,36,Jalandhar,Punjab,New,2023-02-08
10495,Yash Saini,Female,45,Udaipur,Rajasthan,Premium,2025-10-14
10496,Aman Agarwal,Male,18,Agra,Uttar Pradesh,Regular,2025-02-12
10497,Meera Saini,Female,31,Nagpur,Maharashtra,Regular,2025-07-29
10498,Vikas Sharma,Female,18,Panipat,Haryana,VIP,2023-05-27
10499,Diya Gupta,Female,18,Kolkata,West Bengal,New,2025-01-25
10500,Vivaan Singh,Female,47,Howrah,West Bengal,Regular,2023-01-12
10501,Vivaan Yadav,Female,21,Thane,Maharashtra,Premium,2025-01-23
10502,Aditi Singh,Male,35,Ajmer,Rajasthan,New,2023-05-13
10503,Aman Singh,Female,44,Noida,Uttar Pradesh,Regular,2024-01-18
10504,Vikas Verma,Male,29,Rajkot,Gujarat,VIP,2023-04-10
10505,Neha Verma,Female,22,Nashik,Maharashtra,Regular,2025-04-30
10506,Vivaan Yadav,Male,35,Patiala,Punjab,Regular,2024-04-08
10507,Aman Arora,Female,50,Howrah,West Bengal,Premium,2025-10-28
10508,Kavya Chopra,Female,44,Gandhinagar,Gujarat,Regular,2024-12-13
10509,Ananya Agarwal,Female,32,Siliguri,West Bengal,Regular,2023-06-11
10510,Riya Agarwal,Female,28,Nashik,Maharashtra,New,2025-08-09
10511,Aman Singh,Male,46,Pune,Maharashtra,Regular,2024-12-10
10512,Rahul Saini,Female,19,Agra,Uttar Pradesh,Premium,2023-09-15
10513,Aditya Kumar,Female,43,Kolkata,West Bengal,Premium,2023-07-14
10514,Vivaan Yadav,Male,29,Durgapur,West Bengal,Regular,2024-08-30
10515,Rohan Kapoor,Male,19,Gurugram,Haryana,Regular,2023-12-12
10516,Arjun Agarwal,Male,18,Faridabad,Haryana,Regular,2023-10-13
10517,Ananya Mehta,Female,50,Lucknow,Uttar Pradesh,Regular,2025-04-20
10518,Yash Singh,Female,32,Gandhinagar,Gujarat,Premium,2024-01-19
10519,Yash Chopra,Female,25,Kolkata,West Bengal,New,2025-09-26
10520,Diya Sharma,Female,34,Mohali,Punjab,Premium,2025-12-13
10521,Vikas Sharma,Male,28,Nashik,Maharashtra,Regular,2025-08-22
10522,Kavya Singh,Female,29,Kanpur,Uttar Pradesh,Premium,2023-09-20
10523,Sneha Kapoor,Male,29,Durgapur,West Bengal,Regular,2024-11-11
10524,Sneha Bansal,Male,34,Surat,Gujarat,Premium,2024-03-30
10525,Yash Chopra,Male,42,Rajkot,Gujarat,Premium,2025-09-09
10526,Aditi Chopra,Male,19,Ajmer,Rajasthan,Regular,2024-10-30
10527,Aditi Bansal,Male,48,Agra,Uttar Pradesh,Regular,2023-02-24
10528,Arjun Yadav,Male,25,Saket,Delhi,Regular,2025-05-29
10529,Sneha Gupta,Male,37,Gurugram,Haryana,Regular,2024-07-25
10530,Diya Mehta,Male,33,Asansol,West Bengal,Regular,2023-09-12
10531,Aarav Sharma,Female,26,Ahmedabad,Gujarat,Regular,2024-05-19
10532,Isha Agarwal,Male,45,Durgapur,West Bengal,Regular,2024-05-27
10533,Meera Kapoor,Male,26,Asansol,West Bengal,Regular,2023-01-07
10534,Aman Arora,Male,48,Pune,Maharashtra,New,2025-10-16
10535,Ananya Arora,Female,41,Vadodara,Gujarat,VIP,2025-05-10
10536,Sneha Mishra,Female,27,Siliguri,West Bengal,Regular,2025-04-08
10537,Isha Saini,Female,22,Vadodara,Gujarat,Regular,2025-11-01
10538,Yash Sharma,Female,45,Saket,Delhi,New,2023-02-02
10539,Neha Mishra,Male,23,Varanasi,Uttar Pradesh,Regular,2023-05-17
10540,Kavya Mishra,Male,33,Amritsar,Punjab,New,2024-09-19
10541,Diya Mishra,Male,41,Durgapur,West Bengal,Premium,2023-02-14
10542,Vikas Arora,Female,39,Pune,Maharashtra,New,2024-02-17
10543,Ananya Kapoor,Female,32,Rohini,Delhi,Premium,2024-12-25
10544,Aarav Chopra,Male,27,Nagpur,Maharashtra,Regular,2025-08-04
10545,Riya Singh,Male,41,Mumbai,Maharashtra,Premium,2023-12-29
10546,Aarav Saini,Male,18,Noida,Uttar Pradesh,New,2023-12-20
10547,Rohan Gupta,Male,37,Ludhiana,Punjab,New,2025-08-30
10548,Kavya Singh,Female,21,Pune,Maharashtra,Regular,2025-03-03
10549,Vivaan Kapoor,Female,25,Kota,Rajasthan,Regular,2024-11-23
10550,Isha Singh,Female,38,Vadodara,Gujarat,Regular,2025-12-30
10551,Diya Agarwal,Male,27,Ajmer,Rajasthan,New,2024-04-18
10552,Vivaan Mehta,Male,46,Ahmedabad,Gujarat,Regular,2023-03-30
10553,Yash Arora,Female,41,Pune,Maharashtra,Premium,2024-03-30
10554,Neha Singh,Female,27,Pune,Maharashtra,Regular,2025-09-18
10555,Ananya Sharma,Male,32,Siliguri,West Bengal,VIP,2023-10-05
10556,Vikas Gupta,Female,23,Varanasi,Uttar Pradesh,Regular,2024-09-05
10557,Vikas Mehta,Female,39,Mohali,Punjab,Regular,2024-10-13
10558,Vivaan Sharma,Male,50,Karnal,Haryana,Premium,2024-04-03
10559,Karan Yadav,Female,22,Gandhinagar,Gujarat,Regular,2024-08-19
10560,Kavya Singh,Male,36,Mumbai,Maharashtra,Regular,2024-12-20
10561,Isha Bansal,Female,37,Thane,Maharashtra,VIP,2025-04-04
10562,Aditya Verma,Male,21,Karol Bagh,Delhi,Regular,2024-03-29
10563,Meera Verma,Female,24,Mohali,Punjab,Regular,2025-11-13
10564,Neha Mehta,Male,18,Karnal,Haryana,Premium,2023-10-24
10565,Neha Saini,Male,40,Kanpur,Uttar Pradesh,Premium,2023-05-20
10566,Rahul Kapoor,Female,30,Mumbai,Maharashtra,Regular,2023-09-01
10567,Sneha Mishra,Female,27,Kanpur,Uttar Pradesh,New,2024-08-04
10568,Neha Kapoor,Female,55,Lucknow,Uttar Pradesh,VIP,2025-05-24
10569,Aman Arora,Female,18,Siliguri,West Bengal,Regular,2024-08-05
10570,Sneha Verma,Female,47,Noida,Uttar Pradesh,Regular,2024-11-27
10571,Rohan Agarwal,Female,18,Jodhpur,Rajasthan,VIP,2023-11-11
10572,Aman Chopra,Male,29,Vadodara,Gujarat,Premium,2023-08-31
10573,Riya Mehta,Male,18,Kanpur,Uttar Pradesh,Regular,2023-06-09
10574,Yash Chopra,Male,26,Pune,Maharashtra,Regular,2025-10-01
10575,Aditi Sharma,Male,29,Ahmedabad,Gujarat,Premium,2024-12-19
10576,Sneha Singh,Male,27,Howrah,West Bengal,Regular,2025-09-15
10577,Vivaan Gupta,Female,37,Jalandhar,Punjab,Regular,2024-10-05
10578,Rahul Agarwal,Female,43,Durgapur,West Bengal,VIP,2023-08-20
10579,Sneha Yadav,Female,33,Kota,Rajasthan,Regular,2025-05-05
10580,Kavya Mishra,Other,37,New Delhi,Delhi,Premium,2023-07-24
10581,Neha Mishra,Male,50,Jodhpur,Rajasthan,Premium,2023-03-10
10582,Aarav Bansal,Male,27,Kolkata,West Bengal,Premium,2023-09-10
10583,Aditya Bansal,Female,43,Jodhpur,Rajasthan,Premium,2023-07-15
10584,Riya Singh,Female,59,Varanasi,Uttar Pradesh,Regular,2024-12-24
10585,Riya Chopra,Male,52,Nagpur,Maharashtra,Premium,2023-02-12
10586,Karan Mishra,Female,50,Karol Bagh,Delhi,Premium,2023-04-29
10587,Rahul Chopra,Male,41,Karnal,Haryana,VIP,2023-12-02
10588,Aarav Mehta,Male,46,Jalandhar,Punjab,Premium,2024-11-24
10589,Ananya Agarwal,Male,29,Amritsar,Punjab,Premium,2023-07-29
10590,Karan Kumar,Male,33,Amritsar,Punjab,New,2024-11-10
10591,Kavya Chopra,Female,32,Patiala,Punjab,New,2023-09-19
10592,Kavya Saini,Male,27,Pune,Maharashtra,New,2023-02-14
10593,Isha Kapoor,Female,35,Mohali,Punjab,New,2023-09-21
10594,Vikas Agarwal,Male,29,Lucknow,Uttar Pradesh,New,2024-05-31
10595,Kavya Gupta,Female,35,Siliguri,West Bengal,New,2024-07-23
10596,Diya Kapoor,Female,20,Udaipur,Rajasthan,VIP,2025-09-11
10597,Yash Agarwal,Female,29,Nagpur,Maharashtra,Regular,2023-04-14
10598,Karan Mishra,Male,47,Patiala,Punjab,Regular,2024-03-06
10599,Rahul Saini,Female,36,Ludhiana,Punjab,Premium,2023-05-04
10600,Aman Sharma,Female,47,Faridabad,Haryana,Premium,2023-02-28
10601,Rahul Verma,Male,28,Mohali,Punjab,Regular,2024-10-11
10602,Aditya Bansal,Male,32,Rohini,Delhi,New,2024-08-15
10603,Rohan Kapoor,Male,36,Jalandhar,Punjab,New,2025-09-13
10604,Isha Yadav,Male,32,Panipat,Haryana,VIP,2023-07-06
10605,Neha Saini,Male,20,Amritsar,Punjab,Premium,2025-06-20
10606,Aditi Kapoor,Female,40,Ajmer,Rajasthan,Premium,2025-12-17
10607,Riya Mehta,Male,24,Rohini,Delhi,Premium,2025-09-30
10608,Karan Verma,Female,34,Noida,Uttar Pradesh,New,2025-08-20
10609,Kavya Singh,Female,18,Kota,Rajasthan,Premium,2025-06-23
10610,Kavya Verma,Female,28,Nagpur,Maharashtra,Premium,2024-10-11
10611,Aditya Agarwal,Male,33,Karnal,Haryana,VIP,2023-01-11
10612,Arjun Mehta,Female,40,Ahmedabad,Gujarat,Regular,2025-08-19
10613,Aditi Yadav,Male,22,Nashik,Maharashtra,Regular,2025-05-11
10614,Karan Yadav,Male,25,Karnal,Haryana,Regular,2023-10-31
10615,Kavya Bansal,Male,52,Asansol,West Bengal,Regular,2024-12-02
10616,Arjun Kapoor,Female,54,Kolkata,West Bengal,Premium,2025-03-14
10617,Arjun Saini,Female,39,Ambala,Haryana,New,2024-10-22
10618,Vivaan Chopra,Male,47,New Delhi,Delhi,Regular,2024-03-10
10619,Karan Arora,Male,30,Surat,Gujarat,Regular,2025-02-23
10620,Riya Mishra,Male,41,Ahmedabad,Gujarat,New,2024-03-20
10621,Vivaan Singh,Female,40,Mohali,Punjab,Regular,2023-09-27
10622,Aarav Kapoor,Female,25,New Delhi,Delhi,VIP,2024-04-12
10623,Neha Chopra,Male,36,Noida,Uttar Pradesh,Premium,2024-02-19
10624,Riya Kumar,Male,31,Jaipur,Rajasthan,Premium,2025-07-06
10625,Ananya Arora,Female,38,Thane,Maharashtra,Premium,2024-02-07
10626,Vikas Agarwal,Male,29,Noida,Uttar Pradesh,New,2023-06-24
10627,Karan Kumar,Male,19,Kota,Rajasthan,New,2024-06-15
10628,Isha Agarwal,Female,34,Rajkot,Gujarat,New,2024-06-05
10629,Ananya Singh,Male,42,Ambala,Haryana,Regular,2024-04-29
10630,Diya Singh,Female,42,Dwarka,Delhi,Regular,2023-10-17
10631,Aarav Gupta,Male,18,Nashik,Maharashtra,New,2024-07-30
10632,Vikas Kapoor,Female,36,Durgapur,West Bengal,New,2023-10-07
10633,Diya Kapoor,Female,41,Kota,Rajasthan,Premium,2024-08-26
10634,Aditya Bansal,Female,35,Jodhpur,Rajasthan,Regular,2023-10-29
10635,Vikas Arora,Female,43,Mohali,Punjab,VIP,2025-08-31
10636,Kavya Singh,Male,20,Lucknow,Uttar Pradesh,Regular,2024-10-14
10637,Karan Verma,Male,23,Jodhpur,Rajasthan,Regular,2024-11-29
10638,Ananya Yadav,Male,40,Rohini,Delhi,Premium,2024-04-10
10639,Vivaan Saini,Male,31,Saket,Delhi,Premium,2023-05-06
10640,Rohan Yadav,Male,46,Kanpur,Uttar Pradesh,Regular,2025-06-04
10641,Arjun Bansal,Female,37,Ambala,Haryana,Regular,2024-08-27
10642,Isha Mishra,Male,25,Varanasi,Uttar Pradesh,Regular,2025-01-06
10643,Riya Verma,Male,25,Karol Bagh,Delhi,Premium,2024-06-20
10644,Isha Kapoor,Female,18,Agra,Uttar Pradesh,Regular,2023-11-05
10645,Aditi Arora,Female,41,Amritsar,Punjab,Regular,2023-10-30
10646,Neha Kumar,Male,33,Howrah,West Bengal,New,2025-08-10
10647,Vivaan Mishra,Male,43,Thane,Maharashtra,Regular,2023-08-28
10648,Rohan Kapoor,Male,37,Nashik,Maharashtra,Regular,2024-04-05
10649,Karan Mishra,Male,35,Gandhinagar,Gujarat,Premium,2023-09-18
10650,Diya Kumar,Female,42,Jaipur,Rajasthan,Premium,2023-11-28
10651,Vikas Saini,Male,33,Karnal,Haryana,Regular,2023-04-29
10652,Sneha Arora,Female,31,Jodhpur,Rajasthan,Regular,2023-06-13
10653,Aditi Chopra,Female,34,Pune,Maharashtra,New,2024-05-23
10654,Vivaan Gupta,Female,42,Ahmedabad,Gujarat,Regular,2025-07-12
10655,Isha Sharma,Male,25,Varanasi,Uttar Pradesh,New,2023-08-13
10656,Aditya Chopra,Female,43,Patiala,Punjab,Premium,2023-08-04
10657,Vikas Singh,Female,35,Saket,Delhi,Regular,2025-08-14
10658,Isha Mishra,Female,30,Kanpur,Uttar Pradesh,Regular,2023-06-04
10659,Rahul Kapoor,Female,36,Nashik,Maharashtra,Regular,2023-12-17
10660,Meera Saini,Female,46,Mumbai,Maharashtra,New,2023-09-16
10661,Rohan Yadav,Female,46,Agra,Uttar Pradesh,Regular,2025-06-23
10662,Aditi Chopra,Female,38,Kolkata,West Bengal,VIP,2023-12-23
10663,Arjun Kapoor,Female,40,Mumbai,Maharashtra,Regular,2024-11-17
10664,Sneha Kumar,Female,34,Dwarka,Delhi,Regular,2023-09-01
10665,Vivaan Agarwal,Female,28,Gurugram,Haryana,Regular,2025-03-30
10666,Neha Saini,Female,38,Mohali,Punjab,Regular,2025-09-07
10667,Ananya Verma,Female,30,New Delhi,Delhi,Regular,2024-01-08
10668,Meera Kumar,Male,24,Jalandhar,Punjab,New,2024-01-31
10669,Arjun Sharma,Female,30,Mohali,Punjab,Regular,2024-03-18
10670,Sneha Yadav,Female,18,Agra,Uttar Pradesh,Premium,2025-06-25
10671,Aman Yadav,Female,22,Jalandhar,Punjab,VIP,2025-09-21
10672,Kavya Mishra,Female,54,Durgapur,West Bengal,New,2023-02-26
10673,Arjun Singh,Male,45,Gurugram,Haryana,New,2023-06-13
10674,Aditya Bansal,Male,32,Kota,Rajasthan,Premium,2023-09-04
10675,Arjun Agarwal,Female,39,Agra,Uttar Pradesh,Regular,2025-02-24
10676,Riya Saini,Female,24,Durgapur,West Bengal,VIP,2025-10-15
10677,Meera Saini,Male,41,Amritsar,Punjab,Regular,2023-07-19
10678,Arjun Mehta,Female,37,Noida,Uttar Pradesh,Regular,2025-06-25
10679,Vikas Mishra,Female,27,Howrah,West Bengal,Regular,2024-09-22
10680,Arjun Kumar,Female,31,Siliguri,West Bengal,New,2024-07-21
10681,Aman Kumar,Female,30,Rajkot,Gujarat,Regular,2025-10-31
10682,Diya Sharma,Male,43,Rohini,Delhi,New,2023-02-10
10683,Aman Mishra,Female,33,Amritsar,Punjab,Regular,2025-04-13
10684,Rohan Gupta,Female,18,Thane,Maharashtra,Premium,2023-10-10
10685,Kavya Singh,Female,30,Kolkata,West Bengal,Regular,2024-07-29
10686,Diya Kapoor,Female,26,Mumbai,Maharashtra,New,2024-03-31
10687,Meera Kumar,Male,19,Nashik,Maharashtra,VIP,2024-08-25
10688,Aditi Agarwal,Other,26,New Delhi,Delhi,New,2023-10-10
10689,Diya Mishra,Female,18,Gandhinagar,Gujarat,Regular,2024-08-06
10690,Sneha Kumar,Female,25,Amritsar,Punjab,Premium,2024-09-20
10691,Rohan Mishra,Female,36,Lucknow,Uttar Pradesh,Regular,2025-09-17
10692,Neha Agarwal,Female,39,Kanpur,Uttar Pradesh,Premium,2023-03-15
10693,Neha Mishra,Female,39,Udaipur,Rajasthan,Regular,2025-11-12
10694,Aarav Kapoor,Female,44,Saket,Delhi,Regular,2024-05-08
10695,Aditi Gupta,Female,46,Mohali,Punjab,Premium,2024-11-02
10696,Aman Kapoor,Male,24,Nagpur,Maharashtra,Regular,2023-11-14
10697,Diya Mehta,Male,20,Agra,Uttar Pradesh,Regular,2025-10-09
10698,Riya Kapoor,Female,34,Nashik,Maharashtra,Regular,2023-04-22
10699,Meera Arora,Female,39,Patiala,Punjab,Regular,2023-07-08
10700,Karan Yadav,Male,26,Jaipur,Rajasthan,Regular,2023-06-20
10701,Arjun Agarwal,Female,37,Kota,Rajasthan,New,2023-08-14
10702,Ananya Sharma,Female,52,Karnal,Haryana,Regular,2023-10-30
10703,Vivaan Yadav,Female,21,Lucknow,Uttar Pradesh,Regular,2025-10-15
10704,Karan Singh,Male,34,Ludhiana,Punjab,New,2023-12-19
10705,Aditya Kapoor,Male,44,Faridabad,Haryana,New,2024-02-24
10706,Rahul Verma,Female,32,Asansol,West Bengal,Regular,2025-12-23
10707,Vikas Saini,Male,38,Varanasi,Uttar Pradesh,Premium,2024-07-01
10708,Meera Sharma,Female,43,Surat,Gujarat,Regular,2025-09-17
10709,Aman Kapoor,Female,31,Saket,Delhi,Regular,2025-04-05
10710,Meera Chopra,Female,23,Mumbai,Maharashtra,Regular,2024-11-17
10711,Diya Sharma,Female,33,Gandhinagar,Gujarat,Premium,2023-07-07
10712,Isha Yadav,Male,23,Nagpur,Maharashtra,Regular,2025-11-01
10713,Riya Agarwal,Male,28,Kota,Rajasthan,Premium,2023-12-17
10714,Kavya Gupta,Female,38,Agra,Uttar Pradesh,Regular,2025-11-07
10715,Sneha Verma,Female,36,Kanpur,Uttar Pradesh,New,2025-06-26
10716,Rohan Singh,Male,44,Asansol,West Bengal,Regular,2023-02-18
10717,Karan Verma,Male,36,Vadodara,Gujarat,Premium,2025-09-02
10718,Sneha Singh,Male,26,Siliguri,West Bengal,Regular,2023-07-03
10719,Aarav Mishra,Female,24,Ludhiana,Punjab,Regular,2025-07-03
10720,Ananya Gupta,Male,40,Ahmedabad,Gujarat,Premium,2025-10-10
10721,Aditi Verma,Male,36,Asansol,West Bengal,Regular,2025-04-19
10722,Aman Kumar,Female,32,Jalandhar,Punjab,Premium,2025-07-23
10723,Isha Singh,Male,37,Faridabad,Haryana,Regular,2023-07-21
10724,Diya Singh,Female,27,Rajkot,Gujarat,Regular,2023-12-23
10725,Vikas Yadav,Male,18,Nashik,Maharashtra,VIP,2025-01-10
10726,Kavya Yadav,Female,44,Surat,Gujarat,Premium,2025-09-10
10727,Meera Yadav,Male,40,Amritsar,Punjab,Regular,2024-01-05
10728,Neha Mehta,Male,33,Rajkot,Gujarat,Premium,2024-09-29
10729,Diya Bansal,Female,25,Karol Bagh,Delhi,Regular,2024-07-13
10730,Ananya Mehta,Male,32,Amritsar,Punjab,Regular,2025-07-13
10731,Sneha Verma,Female,18,Amritsar,Punjab,Premium,2025-12-01
10732,Isha Agarwal,Male,35,Ahmedabad,Gujarat,New,2023-09-07
10733,Karan Yadav,Male,18,Mumbai,Maharashtra,Regular,2023-01-19
10734,Rahul Singh,Female,35,Ajmer,Rajasthan,Regular,2023-08-16
10735,Rahul Mishra,Female,27,Lucknow,Uttar Pradesh,Premium,2023-01-04
10736,Ananya Arora,Male,33,Siliguri,West Bengal,New,2025-12-26
10737,Kavya Verma,Female,23,Kanpur,Uttar Pradesh,Premium,2025-10-25
10738,Neha Chopra,Female,49,Gandhinagar,Gujarat,Regular,2023-07-02
10739,Aman Mishra,Male,38,Varanasi,Uttar Pradesh,New,2024-04-14
10740,Karan Arora,Female,27,Kanpur,Uttar Pradesh,VIP,2025-10-18
10741,Arjun Gupta,Male,32,Jodhpur,Rajasthan,Regular,2025-12-17
10742,Sneha Agarwal,Male,50,Noida,Uttar Pradesh,Regular,2023-06-10
10743,Neha Mishra,Male,25,Gandhinagar,Gujarat,Regular,2023-08-25
10744,Aditi Verma,Female,23,Ajmer,Rajasthan,Premium,2023-01-08
10745,Neha Kumar,Male,22,Rohini,Delhi,Premium,2024-08-17
10746,Yash Sharma,Female,27,Howrah,West Bengal,Premium,2025-05-31
10747,Arjun Chopra,Male,49,Agra,Uttar Pradesh,Regular,2023-09-11
10748,Rahul Saini,Male,28,Jaipur,Rajasthan,Regular,2023-08-19
10749,Sneha Chopra,Female,30,Howrah,West Bengal,Premium,2024-01-06
10750,Kavya Arora,Female,36,Nashik,Maharashtra,Regular,2024-03-12
10751,Aditya Arora,Male,34,Patiala,Punjab,Premium,2024-02-13
10752,Neha Kumar,Male,44,Siliguri,West Bengal,Premium,2024-01-18
10753,Ananya Bansal,Female,42,Mumbai,Maharashtra,New,2024-03-26
10754,Kavya Yadav,Male,37,Kanpur,Uttar Pradesh,New,2024-01-02
10755,Rohan Chopra,Female,32,Patiala,Punjab,Premium,2023-07-05
10756,Isha Mehta,Female,44,Surat,Gujarat,Regular,2025-09-22
10757,Meera Verma,Female,26,Nashik,Maharashtra,Regular,2023-08-16
10758,Aditi Yadav,Female,25,Udaipur,Rajasthan,Regular,2024-05-23
10759,Aarav Kapoor,Female,30,Kolkata,West Bengal,Regular,2025-02-04
10760,Sneha Yadav,Male,46,Rajkot,Gujarat,Regular,2024-07-03
10761,Neha Kapoor,Male,26,Amritsar,Punjab,Regular,2025-07-29
10762,Aarav Singh,Male,28,Varanasi,Uttar Pradesh,Regular,2025-02-25
10763,Aman Mishra,Male,36,Karol Bagh,Delhi,Regular,2023-07-04
10764,Ananya Singh,Female,33,Surat,Gujarat,Premium,2025-05-04
10765,Riya Kumar,Male,30,Faridabad,Haryana,Premium,2023-07-25
10766,Meera Agarwal,Female,39,Nashik,Maharashtra,Regular,2024-04-14
10767,Riya Sharma,Female,29,Ahmedabad,Gujarat,Regular,2023-07-09
10768,Ananya Verma,Female,45,Kolkata,West Bengal,New,2024-03-01
10769,Meera Saini,Female,36,Kanpur,Uttar Pradesh,New,2024-02-24
10770,Riya Mishra,Female,44,Ahmedabad,Gujarat,New,2024-09-25
10771,Ananya Mishra,Male,26,Patiala,Punjab,New,2023-04-22
10772,Neha Arora,Female,33,Vadodara,Gujarat,Premium,2023-05-15
10773,Yash Mehta,Male,18,Ludhiana,Punjab,VIP,2023-11-05
10774,Ananya Sharma,Female,47,Lucknow,Uttar Pradesh,New,2025-03-20
10775,Aarav Agarwal,Male,57,Gandhinagar,Gujarat,New,2023-07-31
10776,Ananya Kapoor,Male,31,Ludhiana,Punjab,Premium,2024-10-09
10777,Vikas Gupta,Male,38,New Delhi,Delhi,Premium,2025-02-09
10778,Arjun Singh,Female,35,Pune,Maharashtra,Regular,2025-12-11
10779,Kavya Arora,Female,21,Nashik,Maharashtra,VIP,2025-06-09
10780,Yash Sharma,Male,46,Pune,Maharashtra,Regular,2023-06-23
10781,Neha Sharma,Male,31,Mumbai,Maharashtra,Premium,2023-06-19
10782,Sneha Singh,Male,18,Kota,Rajasthan,Premium,2024-10-30
10783,Aman Kapoor,Male,27,Rohini,Delhi,Regular,2025-08-12
10784,Sneha Kapoor,Female,20,Noida,Uttar Pradesh,Regular,2023-05-06
10785,Diya Mehta,Male,35,Amritsar,Punjab,Regular,2023-03-29
10786,Meera Kumar,Female,35,Durgapur,West Bengal,Regular,2023-07-02
10787,Ananya Singh,Male,46,Thane,Maharashtra,New,2023-09-22
10788,Isha Agarwal,Female,52,Kanpur,Uttar Pradesh,Regular,2024-12-23
10789,Vikas Kapoor,Male,53,Udaipur,Rajasthan,Regular,2025-12-29
10790,Ananya Saini,Female,24,Durgapur,West Bengal,Regular,2025-02-15
10791,Aditi Mehta,Female,40,Amritsar,Punjab,New,2025-07-03
10792,Sneha Verma,Male,42,Mumbai,Maharashtra,Premium,2024-02-16
10793,Vikas Mehta,Male,29,Kota,Rajasthan,Regular,2024-12-30
10794,Vivaan Kumar,Male,37,Thane,Maharashtra,Premium,2025-07-10
10795,Riya Kumar,Male,38,Faridabad,Haryana,Premium,2023-06-12
10796,Karan Sharma,Male,29,Howrah,West Bengal,Regular,2024-03-27
10797,Vikas Gupta,Male,47,Howrah,West Bengal,Regular,2025-05-28
10798,Rohan Kapoor,Male,36,Pune,Maharashtra,Premium,2023-05-22
10799,Kavya Agarwal,Male,32,Pune,Maharashtra,Regular,2025-07-15
10800,Aman Mishra,Male,22,Asansol,West Bengal,Premium,2024-03-31
10801,Rohan Kapoor,Male,46,Pune,Maharashtra,Regular,2024-06-25
10802,Aman Saini,Male,35,Amritsar,Punjab,Regular,2025-03-11
10803,Aditya Mishra,Female,35,Pune,Maharashtra,Premium,2023-09-11
10804,Vivaan Singh,Female,26,Pune,Maharashtra,New,2023-01-08
10805,Aditya Singh,Female,43,Noida,Uttar Pradesh,Regular,2024-10-20
10806,Arjun Agarwal,Male,23,Gandhinagar,Gujarat,New,2025-10-12
10807,Riya Mehta,Male,18,Siliguri,West Bengal,Regular,2025-09-24
10808,Rohan Yadav,Male,27,Asansol,West Bengal,Regular,2023-02-18
10809,Rahul Gupta,Female,37,Kanpur,Uttar Pradesh,Regular,2023-08-10
10810,Rahul Yadav,Female,37,Ludhiana,Punjab,Premium,2024-10-26
10811,Riya Gupta,Male,35,Siliguri,West Bengal,New,2025-08-27
10812,Karan Arora,Female,32,Ahmedabad,Gujarat,Premium,2024-01-08
10813,Karan Chopra,Female,36,Ludhiana,Punjab,New,2024-02-29
10814,Aditya Yadav,Other,63,Durgapur,West Bengal,Regular,2024-03-30
10815,Rohan Bansal,Male,36,Asansol,West Bengal,Premium,2025-05-31
10816,Meera Mehta,Male,30,Jaipur,Rajasthan,New,2024-06-28
10817,Meera Bansal,Male,33,Nashik,Maharashtra,Regular,2024-12-02
10818,Neha Mishra,Male,32,Kanpur,Uttar Pradesh,Regular,2024-01-15
10819,Ananya Bansal,Female,35,Faridabad,Haryana,Regular,2023-02-08
10820,Aman Mishra,Male,25,Kanpur,Uttar Pradesh,Regular,2025-04-04
10821,Aman Mehta,Female,42,Rajkot,Gujarat,New,2025-11-20
10822,Meera Bansal,Male,37,Faridabad,Haryana,Regular,2024-03-11
10823,Diya Singh,Male,26,Noida,Uttar Pradesh,Regular,2024-04-11
10824,Rohan Verma,Male,44,Noida,Uttar Pradesh,Regular,2025-01-18
10825,Kavya Sharma,Male,18,Jodhpur,Rajasthan,Premium,2024-02-08
10826,Arjun Yadav,Female,56,Asansol,West Bengal,Regular,2023-11-19
10827,Vivaan Yadav,Female,53,Noida,Uttar Pradesh,Regular,2025-04-29
10828,Meera Verma,Female,51,Noida,Uttar Pradesh,Regular,2024-10-14
10829,Aditi Chopra,Female,29,Surat,Gujarat,New,2023-09-08
10830,Vivaan Singh,Male,36,Noida,Uttar Pradesh,Premium,2025-08-15
10831,Karan Mishra,Female,28,Karol Bagh,Delhi,Regular,2023-01-14
10832,Rahul Kapoor,Male,38,Lucknow,Uttar Pradesh,New,2023-03-10
10833,Riya Singh,Female,34,Patiala,Punjab,Regular,2024-04-18
10834,Diya Kumar,Female,29,Patiala,Punjab,Regular,2024-03-28
10835,Sneha Saini,Male,29,Udaipur,Rajasthan,Premium,2024-11-19
10836,Diya Gupta,Male,35,Lucknow,Uttar Pradesh,Premium,2023-01-02
10837,Aditi Agarwal,Other,63,Siliguri,West Bengal,Regular,2023-12-31
10838,Rahul Agarwal,Male,47,Kanpur,Uttar Pradesh,New,2025-07-19
10839,Yash Agarwal,Male,35,Thane,Maharashtra,Regular,2024-11-16
10840,Diya Yadav,Male,32,Thane,Maharashtra,Premium,2024-02-26
10841,Isha Bansal,Female,40,Faridabad,Haryana,Regular,2025-05-21
10842,Rahul Agarwal,Male,28,Nashik,Maharashtra,New,2023-06-19
10843,Aarav Yadav,Female,32,Patiala,Punjab,New,2023-11-17
10844,Aman Mishra,Female,18,Kolkata,West Bengal,Regular,2025-01-11
10845,Karan Chopra,Female,35,Patiala,Punjab,New,2025-02-09
10846,Riya Bansal,Male,35,Lucknow,Uttar Pradesh,Premium,2023-01-26
10847,Isha Kapoor,Female,29,Faridabad,Haryana,Regular,2024-05-07
10848,Aarav Bansal,Male,39,Siliguri,West Bengal,Premium,2024-02-01
10849,Aditya Agarwal,Female,35,Jodhpur,Rajasthan,Regular,2025-02-23
10850,Yash Singh,Female,29,Mumbai,Maharashtra,Regular,2024-01-21
10851,Riya Arora,Female,42,Karnal,Haryana,Regular,2024-09-29
10852,Rahul Singh,Female,32,Gandhinagar,Gujarat,Regular,2024-02-11
10853,Aditi Mehta,Female,24,Rohini,Delhi,New,2023-03-28
10854,Arjun Chopra,Male,18,Siliguri,West Bengal,VIP,2024-10-18
10855,Kavya Yadav,Female,48,Rohini,Delhi,Regular,2024-02-02
10856,Rohan Gupta,Male,35,Ludhiana,Punjab,New,2023-07-25
10857,Ananya Bansal,Male,35,Panipat,Haryana,Regular,2024-12-03
10858,Riya Gupta,Male,34,Jodhpur,Rajasthan,New,2023-03-05
10859,Sneha Arora,Female,46,Mumbai,Maharashtra,Regular,2025-10-19
10860,Karan Kumar,Male,35,Panipat,Haryana,New,2025-06-25
10861,Aditi Verma,Female,49,Surat,Gujarat,Regular,2024-01-31
10862,Ananya Singh,Female,35,Noida,Uttar Pradesh,Premium,2025-08-19
10863,Karan Saini,Female,18,Udaipur,Rajasthan,Premium,2024-12-17
10864,Rahul Sharma,Female,47,Noida,Uttar Pradesh,Regular,2024-03-01
10865,Vikas Yadav,Male,37,Agra,Uttar Pradesh,Regular,2025-01-31
10866,Aarav Bansal,Female,29,Nashik,Maharashtra,New,2023-06-22
10867,Riya Singh,Female,31,Amritsar,Punjab,New,2025-04-11
10868,Diya Kapoor,Female,31,Amritsar,Punjab,Regular,2023-03-08
10869,Riya Mishra,Male,22,Ahmedabad,Gujarat,Premium,2025-01-06
10870,Yash Agarwal,Male,43,Siliguri,West Bengal,New,2023-05-16
10871,Vivaan Saini,Female,30,Varanasi,Uttar Pradesh,Regular,2025-01-14
10872,Rahul Saini,Male,25,Saket,Delhi,VIP,2024-10-09
10873,Isha Kapoor,Male,65,Pune,Maharashtra,Premium,2024-10-28
10874,Aditi Saini,Male,22,Lucknow,Uttar Pradesh,Regular,2023-01-29
10875,Aman Bansal,Male,33,Gurugram,Haryana,Regular,2024-04-23
10876,Aarav Agarwal,Male,18,Amritsar,Punjab,VIP,2024-04-16
10877,Rohan Agarwal,Female,47,Thane,Maharashtra,Regular,2024-04-07
10878,Vikas Sharma,Female,31,Nashik,Maharashtra,Regular,2025-02-25
10879,Rahul Verma,Male,42,Gurugram,Haryana,Regular,2025-12-20
10880,Rahul Kapoor,Male,25,New Delhi,Delhi,Regular,2024-12-26
10881,Yash Mehta,Female,18,New Delhi,Delhi,Regular,2023-06-09
10882,Arjun Kapoor,Male,27,Nashik,Maharashtra,Premium,2025-07-05
10883,Rahul Singh,Female,47,Karnal,Haryana,Regular,2025-01-04
10884,Neha Mishra,Male,40,Mohali,Punjab,Regular,2024-10-29
10885,Ananya Bansal,Male,18,Surat,Gujarat,Regular,2024-06-24
10886,Sneha Arora,Female,18,Patiala,Punjab,Regular,2024-11-12
10887,Sneha Kumar,Female,31,Nagpur,Maharashtra,Premium,2023-07-12
10888,Aditi Saini,Female,45,Dwarka,Delhi,VIP,2025-09-11
10889,Sneha Chopra,Male,26,Karnal,Haryana,Premium,2023-08-02
10890,Rohan Chopra,Male,45,New Delhi,Delhi,New,2024-09-17
10891,Karan Yadav,Female,35,Nagpur,Maharashtra,Regular,2024-02-26
10892,Aman Saini,Female,52,Gandhinagar,Gujarat,Premium,2023-09-15
10893,Karan Chopra,Male,27,Vadodara,Gujarat,Regular,2025-09-21
10894,Sneha Singh,Female,33,Agra,Uttar Pradesh,Premium,2024-08-28
10895,Aditya Kapoor,Female,27,Nagpur,Maharashtra,VIP,2023-12-23
10896,Vivaan Kapoor,Female,44,New Delhi,Delhi,Regular,2024-12-05
10897,Aditi Mishra,Male,40,Varanasi,Uttar Pradesh,Premium,2024-12-11
10898,Yash Mishra,Female,18,Asansol,West Bengal,New,2023-09-06
10899,Riya Mishra,Male,41,Gurugram,Haryana,Premium,2025-09-15
10900,Aditi Arora,Female,19,Faridabad,Haryana,Premium,2024-11-08
10901,Yash Bansal,Male,25,New Delhi,Delhi,Regular,2025-05-09
10902,Vikas Singh,Female,41,Panipat,Haryana,Premium,2025-05-06
10903,Rahul Sharma,Male,21,Mohali,Punjab,Premium,2025-12-10
10904,Rahul Mehta,Male,30,Nagpur,Maharashtra,Regular,2023-02-21
10905,Rohan Sharma,Male,42,Agra,Uttar Pradesh,VIP,2024-01-16
10906,Vikas Chopra,Male,38,Howrah,West Bengal,New,2025-06-19
10907,Aarav Sharma,Male,38,Ahmedabad,Gujarat,VIP,2023-02-23
10908,Aditya Mishra,Male,42,Varanasi,Uttar Pradesh,New,2023-02-22
10909,Vikas Arora,Other,47,New Delhi,Delhi,Regular,2025-06-26
10910,Rahul Kumar,Female,22,Lucknow,Uttar Pradesh,Regular,2025-10-23
10911,Riya Arora,Female,37,Pune,Maharashtra,Regular,2023-05-02
10912,Vivaan Arora,Male,44,Dwarka,Delhi,Regular,2024-02-14
10913,Vivaan Chopra,Male,42,Nashik,Maharashtra,New,2023-08-06
10914,Rohan Saini,Male,32,Varanasi,Uttar Pradesh,VIP,2024-11-02
10915,Arjun Mishra,Female,32,Mumbai,Maharashtra,Regular,2023-05-29
10916,Aditi Kumar,Male,42,Noida,Uttar Pradesh,Regular,2023-12-12
10917,Aarav Verma,Female,36,Lucknow,Uttar Pradesh,Premium,2024-10-18
10918,Riya Agarwal,Male,45,Asansol,West Bengal,Premium,2023-03-17
10919,Yash Yadav,Other,35,Gandhinagar,Gujarat,Premium,2024-03-03
10920,Rohan Agarwal,Male,30,Jalandhar,Punjab,New,2023-07-26
10921,Vivaan Kapoor,Male,18,Asansol,West Bengal,Premium,2023-11-06
10922,Rahul Kumar,Female,32,Ajmer,Rajasthan,Regular,2025-05-04
10923,Yash Verma,Female,22,Kolkata,West Bengal,VIP,2025-07-23
10924,Arjun Verma,Female,18,Gandhinagar,Gujarat,Premium,2024-05-21
10925,Aarav Bansal,Male,25,Varanasi,Uttar Pradesh,Premium,2025-08-25
10926,Diya Mishra,Female,41,Karnal,Haryana,Premium,2025-04-10
10927,Sneha Kumar,Female,32,Karol Bagh,Delhi,Regular,2024-01-31
10928,Aditya Yadav,Male,36,Jaipur,Rajasthan,Premium,2023-09-11
10929,Arjun Sharma,Male,41,Nagpur,Maharashtra,Regular,2025-02-09
10930,Kavya Saini,Female,34,Saket,Delhi,New,2024-08-15
10931,Vikas Yadav,Female,27,Ludhiana,Punjab,Regular,2023-11-12
10932,Neha Verma,Female,30,Ahmedabad,Gujarat,Regular,2024-12-02
10933,Yash Kumar,Other,42,Asansol,West Bengal,Premium,2024-09-12
10934,Aditi Mishra,Male,34,Jaipur,Rajasthan,Regular,2025-08-13
10935,Karan Arora,Female,18,Amritsar,Punjab,Regular,2025-01-14
10936,Sneha Kapoor,Female,30,Dwarka,Delhi,Regular,2025-06-30
10937,Sneha Singh,Female,39,Gurugram,Haryana,Regular,2025-08-18
10938,Neha Sharma,Female,36,Kolkata,West Bengal,Regular,2024-07-03
10939,Diya Mehta,Female,24,Mohali,Punjab,New,2023-08-29
10940,Yash Chopra,Male,27,Thane,Maharashtra,New,2024-03-20
10941,Neha Sharma,Male,18,Saket,Delhi,New,2025-03-19
10942,Kavya Singh,Male,39,Nagpur,Maharashtra,Regular,2025-07-31
10943,Meera Kapoor,Female,40,Thane,Maharashtra,Regular,2023-04-22
10944,Yash Arora,Male,33,Rajkot,Gujarat,New,2023-06-19
10945,Rahul Chopra,Female,30,Karol Bagh,Delhi,New,2024-04-22
10946,Vikas Arora,Male,23,Faridabad,Haryana,VIP,2023-12-22
10947,Aditi Yadav,Male,37,Amritsar,Punjab,VIP,2023-06-17
10948,Sneha Yadav,Female,18,Siliguri,West Bengal,Regular,2025-01-26
10949,Vivaan Yadav,Female,42,Asansol,West Bengal,New,2025-07-03
10950,Sneha Kapoor,Male,40,Nagpur,Maharashtra,Premium,2025-09-09
10951,Isha Kumar,Female,46,Mumbai,Maharashtra,Regular,2024-12-17
10952,Arjun Sharma,Male,35,Nagpur,Maharashtra,Regular,2023-03-08
10953,Aditi Gupta,Male,29,Jalandhar,Punjab,Regular,2025-08-18
10954,Aditi Arora,Male,38,Kolkata,West Bengal,New,2024-04-18
10955,Aditya Saini,Female,42,Lucknow,Uttar Pradesh,VIP,2023-01-29
10956,Aman Verma,Male,22,Lucknow,Uttar Pradesh,Premium,2025-11-18
10957,Arjun Mishra,Female,33,Jaipur,Rajasthan,Regular,2023-06-28
10958,Sneha Saini,Female,37,Faridabad,Haryana,Regular,2025-12-07
10959,Sneha Mishra,Male,39,Jalandhar,Punjab,Regular,2025-02-22
10960,Arjun Verma,Male,30,Gandhinagar,Gujarat,Premium,2024-11-21
10961,Vivaan Saini,Male,40,Panipat,Haryana,Regular,2025-05-21
10962,Rohan Bansal,Female,24,Thane,Maharashtra,New,2025-01-21
10963,Aditi Yadav,Female,54,New Delhi,Delhi,Regular,2025-05-15
10964,Neha Gupta,Female,28,Varanasi,Uttar Pradesh,Regular,2023-08-31
10965,Rohan Yadav,Male,38,Varanasi,Uttar Pradesh,VIP,2025-11-07
10966,Sneha Chopra,Male,28,Kanpur,Uttar Pradesh,VIP,2024-06-29
10967,Kavya Bansal,Male,35,Mumbai,Maharashtra,Regular,2024-04-30
10968,Aditi Mehta,Male,23,Varanasi,Uttar Pradesh,New,2024-03-19
10969,Rahul Chopra,Male,45,Pune,Maharashtra,Regular,2023-10-04
10970,Arjun Chopra,Female,26,Jaipur,Rajasthan,Premium,2024-02-24
10971,Aditya Arora,Female,35,Pune,Maharashtra,Regular,2023-06-16
10972,Yash Mishra,Female,33,Howrah,West Bengal,Regular,2025-09-28
10973,Aarav Saini,Male,27,Gandhinagar,Gujarat,New,2024-07-18
10974,Aman Bansal,Male,18,New Delhi,Delhi,Regular,2025-03-31
10975,Rahul Sharma,Male,45,Panipat,Haryana,Premium,2025-12-05
10976,Rahul Kumar,Male,35,Karol Bagh,Delhi,Regular,2023-07-23
10977,Meera Yadav,Female,18,Nagpur,Maharashtra,Regular,2025-05-14
10978,Vikas Mehta,Male,18,Panipat,Haryana,Premium,2025-04-01
10979,Vivaan Arora,Female,31,Udaipur,Rajasthan,Premium,2023-03-02
10980,Sneha Singh,Other,33,Nashik,Maharashtra,Regular,2024-07-06
10981,Riya Kapoor,Male,32,Kanpur,Uttar Pradesh,Regular,2024-07-18
10982,Vikas Saini,Female,48,Rajkot,Gujarat,Premium,2024-09-15
10983,Ananya Yadav,Female,18,Jalandhar,Punjab,Regular,2025-02-18
10984,Vivaan Bansal,Male,36,Panipat,Haryana,Premium,2024-12-04
10985,Karan Kapoor,Female,40,Rajkot,Gujarat,Regular,2024-02-13
10986,Aarav Gupta,Male,40,Ajmer,Rajasthan,New,2023-05-05
10987,Aman Kumar,Female,43,Nagpur,Maharashtra,New,2025-12-15
10988,Diya Kapoor,Male,35,Lucknow,Uttar Pradesh,Regular,2024-01-04
10989,Aarav Bansal,Male,36,New Delhi,Delhi,Regular,2025-05-30
10990,Isha Yadav,Male,31,Vadodara,Gujarat,Premium,2025-02-21
10991,Kavya Kapoor,Female,19,Vadodara,Gujarat,Regular,2023-12-24
10992,Meera Arora,Male,37,Thane,Maharashtra,Regular,2024-07-19
10993,Kavya Kapoor,Male,30,Rohini,Delhi,Premium,2024-06-29
10994,Arjun Chopra,Male,27,Nagpur,Maharashtra,Regular,2024-10-20
10995,Aarav Sharma,Male,38,Varanasi,Uttar Pradesh,Premium,2023-02-04
10996,Isha Gupta,Female,39,Ambala,Haryana,Premium,2023-10-26
10997,Isha Bansal,Female,27,Howrah,West Bengal,Regular,2024-07-18
10998,Rohan Kapoor,Female,37,Amritsar,Punjab,New,2023-04-09
10999,Aarav Verma,Female,33,Siliguri,West Bengal,VIP,2024-10-07
11000,Ananya Yadav,Female,36,Agra,Uttar Pradesh,Regular,2025-08-19
11001,Arjun Bansal,Female,47,Amritsar,Punjab,Premium,2023-06-13
11002,Rohan Kumar,Female,38,Jodhpur,Rajasthan,Premium,2025-12-20
11003,Vikas Verma,Male,38,Howrah,West Bengal,Regular,2023-09-19
11004,Rahul Sharma,Male,25,Rajkot,Gujarat,Regular,2025-12-20
11005,Ananya Bansal,Other,27,Surat,Gujarat,VIP,2023-01-14
11006,Aditya Mishra,Female,39,Mumbai,Maharashtra,Premium,2025-06-22
11007,Neha Singh,Female,18,Pune,Maharashtra,Premium,2023-03-28
11008,Aditya Verma,Male,30,Ahmedabad,Gujarat,Regular,2025-07-27
11009,Rohan Singh,Female,26,Saket,Delhi,Premium,2024-10-29
11010,Rohan Mishra,Female,33,Jaipur,Rajasthan,Premium,2024-06-27
11011,Vikas Saini,Male,32,Rohini,Delhi,Premium,2025-10-04
11012,Meera Verma,Male,35,Asansol,West Bengal,New,2024-09-08
11013,Meera Sharma,Male,39,Kolkata,West Bengal,Regular,2023-05-10
11014,Vikas Yadav,Female,44,Ambala,Haryana,Regular,2024-10-28
11015,Vivaan Arora,Female,44,Nagpur,Maharashtra,Premium,2024-12-31
11016,Rohan Chopra,Female,32,Asansol,West Bengal,Regular,2023-01-23
11017,Riya Agarwal,Male,28,Jalandhar,Punjab,New,2025-11-21
11018,Aditya Kapoor,Female,26,Thane,Maharashtra,Regular,2025-04-15
11019,Arjun Saini,Male,31,Asansol,West Bengal,Regular,2023-10-03
11020,Diya Mehta,Male,24,Panipat,Haryana,Premium,2023-06-07
11021,Aarav Verma,Male,39,Mumbai,Maharashtra,Regular,2023-11-15
11022,Sneha Mishra,Other,44,Varanasi,Uttar Pradesh,Regular,2024-10-31
11023,Rahul Chopra,Male,19,Howrah,West Bengal,Premium,2024-02-27
11024,Yash Verma,Male,34,Siliguri,West Bengal,Premium,2025-11-30
11025,Vikas Mehta,Male,50,Kolkata,West Bengal,VIP,2023-04-11
11026,Aarav Singh,Male,19,Udaipur,Rajasthan,Regular,2024-04-11
11027,Vivaan Kapoor,Female,49,Ahmedabad,Gujarat,Premium,2024-01-25
11028,Meera Mehta,Female,25,Vadodara,Gujarat,New,2023-05-22
11029,Arjun Kumar,Female,28,Varanasi,Uttar Pradesh,Premium,2023-09-21
11030,Aditi Mishra,Female,40,Rajkot,Gujarat,Premium,2025-08-23
11031,Arjun Mishra,Female,39,Panipat,Haryana,Premium,2024-06-10
11032,Aditya Bansal,Female,33,Pune,Maharashtra,New,2025-02-21
11033,Riya Singh,Male,26,Dwarka,Delhi,VIP,2023-06-22
11034,Aditya Yadav,Female,22,Amritsar,Punjab,VIP,2024-02-08
11035,Riya Mishra,Male,33,Ambala,Haryana,Regular,2023-12-25
11036,Vikas Yadav,Female,32,Mumbai,Maharashtra,Regular,2025-09-17
11037,Isha Saini,Female,26,Varanasi,Uttar Pradesh,Premium,2025-07-11
11038,Aditi Kumar,Male,31,Nagpur,Maharashtra,Regular,2023-02-21
11039,Diya Singh,Male,37,Ambala,Haryana,Regular,2024-04-15
11040,Neha Mishra,Male,45,Varanasi,Uttar Pradesh,Regular,2025-03-15
11041,Meera Gupta,Male,36,Jodhpur,Rajasthan,Regular,2024-09-22
11042,Yash Agarwal,Female,32,Gandhinagar,Gujarat,Regular,2024-03-10
11043,Rahul Gupta,Other,26,Noida,Uttar Pradesh,Regular,2024-12-27
11044,Rohan Gupta,Female,27,Nashik,Maharashtra,Regular,2024-09-29
11045,Aman Singh,Female,36,Durgapur,West Bengal,Premium,2025-05-11
11046,Diya Arora,Male,37,Mumbai,Maharashtra,Premium,2024-04-30
11047,Aditya Gupta,Male,32,New Delhi,Delhi,Premium,2023-01-20
11048,Ananya Arora,Female,43,Faridabad,Haryana,Regular,2024-10-07
11049,Isha Chopra,Other,35,Kolkata,West Bengal,Premium,2025-01-25
11050,Aman Verma,Female,29,Karnal,Haryana,Regular,2023-10-03
11051,Diya Kapoor,Male,27,Siliguri,West Bengal,Premium,2025-04-15
11052,Ananya Chopra,Female,27,Kota,Rajasthan,Regular,2025-01-25
11053,Aditya Agarwal,Female,39,Kolkata,West Bengal,Regular,2023-04-08
11054,Rahul Mishra,Female,28,Surat,Gujarat,Regular,2024-05-05
11055,Arjun Mishra,Female,35,Durgapur,West Bengal,Premium,2025-01-31
11056,Vikas Arora,Female,26,Lucknow,Uttar Pradesh,Premium,2025-03-20
11057,Karan Mishra,Male,32,Gandhinagar,Gujarat,Regular,2023-06-24
11058,Diya Gupta,Female,33,Lucknow,Uttar Pradesh,Regular,2025-08-21
11059,Karan Mehta,Male,58,Udaipur,Rajasthan,Regular,2023-11-22
11060,Kavya Saini,Male,21,Pune,Maharashtra,Regular,2023-09-28
11061,Arjun Verma,Female,42,Kolkata,West Bengal,VIP,2025-09-03
11062,Riya Sharma,Male,26,Howrah,West Bengal,Regular,2024-01-16
11063,Vivaan Kapoor,Male,47,Surat,Gujarat,Premium,2024-07-24
11064,Meera Kumar,Male,27,Lucknow,Uttar Pradesh,Premium,2024-08-18
11065,Meera Bansal,Female,44,Varanasi,Uttar Pradesh,New,2023-01-29
11066,Kavya Verma,Male,36,Gandhinagar,Gujarat,Premium,2024-09-02
11067,Riya Singh,Male,21,Rohini,Delhi,Regular,2025-06-29
11068,Vivaan Saini,Male,36,Jalandhar,Punjab,Premium,2023-11-02
11069,Aman Mehta,Female,39,Varanasi,Uttar Pradesh,New,2023-01-09
11070,Rohan Verma,Male,40,Agra,Uttar Pradesh,Regular,2025-03-20
11071,Arjun Sharma,Female,32,Kanpur,Uttar Pradesh,Premium,2023-05-28
11072,Neha Singh,Male,60,Saket,Delhi,Regular,2025-04-04
11073,Karan Singh,Female,53,Ambala,Haryana,Premium,2025-08-05
11074,Sneha Saini,Male,37,Gurugram,Haryana,Regular,2023-02-01
11075,Aman Verma,Female,21,Siliguri,West Bengal,New,2025-05-21
11076,Yash Yadav,Female,24,Varanasi,Uttar Pradesh,Premium,2023-09-10
11077,Aman Arora,Male,31,Kanpur,Uttar Pradesh,Regular,2023-08-10
11078,Kavya Mehta,Female,33,Nashik,Maharashtra,Regular,2024-05-01
11079,Sneha Bansal,Female,26,Saket,Delhi,New,2023-03-14
11080,Vikas Kapoor,Male,29,Durgapur,West Bengal,Regular,2024-04-15
11081,Sneha Saini,Female,18,Rajkot,Gujarat,New,2025-08-18
11082,Meera Singh,Female,18,Gurugram,Haryana,Regular,2023-03-24
11083,Karan Agarwal,Male,34,Kanpur,Uttar Pradesh,Premium,2024-05-02
11084,Diya Verma,Male,50,Howrah,West Bengal,Regular,2023-11-27
11085,Vikas Gupta,Female,18,Kolkata,West Bengal,Premium,2023-11-22
11086,Sneha Kumar,Female,32,Udaipur,Rajasthan,Premium,2025-02-14
11087,Yash Mishra,Female,34,Thane,Maharashtra,Regular,2024-08-19
11088,Yash Agarwal,Female,38,Amritsar,Punjab,Premium,2025-09-05
11089,Rohan Verma,Male,29,Asansol,West Bengal,Regular,2023-05-30
11090,Rahul Saini,Male,23,Karol Bagh,Delhi,New,2023-06-13
11091,Ananya Kapoor,Female,40,Siliguri,West Bengal,Regular,2024-01-14
11092,Diya Mishra,Female,18,Nagpur,Maharashtra,Premium,2024-10-08
11093,Vikas Arora,Male,38,Nashik,Maharashtra,Premium,2024-05-13
11094,Meera Kumar,Female,26,Jaipur,Rajasthan,VIP,2023-08-29
11095,Aarav Mishra,Female,36,New Delhi,Delhi,Regular,2024-06-17
11096,Ananya Mishra,Female,46,Ludhiana,Punjab,Regular,2023-08-11
11097,Arjun Singh,Male,27,Dwarka,Delhi,Premium,2024-03-09
11098,Riya Saini,Male,30,Amritsar,Punjab,New,2023-06-12
11099,Aditya Arora,Female,30,Vadodara,Gujarat,Premium,2025-11-14
11100,Kavya Mishra,Female,57,Noida,Uttar Pradesh,Regular,2025-05-03
11101,Vivaan Mehta,Male,33,Gurugram,Haryana,New,2024-08-10
11102,Vikas Sharma,Female,32,Kolkata,West Bengal,New,2024-07-16
11103,Rohan Verma,Male,33,Siliguri,West Bengal,VIP,2023-07-25
11104,Diya Kumar,Male,48,Howrah,West Bengal,Regular,2025-09-12
11105,Aman Yadav,Male,28,Howrah,West Bengal,New,2025-02-08
11106,Yash Singh,Male,42,Patiala,Punjab,Regular,2023-02-15
11107,Vikas Sharma,Female,26,Agra,Uttar Pradesh,Regular,2025-08-16
11108,Karan Arora,Female,26,Gandhinagar,Gujarat,New,2024-09-15
11109,Ananya Gupta,Male,38,Mumbai,Maharashtra,New,2025-02-18
11110,Riya Saini,Female,46,Patiala,Punjab,Premium,2024-07-09
11111,Rohan Yadav,Female,30,Gandhinagar,Gujarat,Premium,2025-03-30
11112,Meera Kumar,Male,30,Karol Bagh,Delhi,VIP,2024-02-17
11113,Rahul Mehta,Female,40,Karol Bagh,Delhi,New,2024-09-02
11114,Yash Kapoor,Female,34,Jodhpur,Rajasthan,Premium,2023-08-28
11115,Aditya Saini,Female,41,Nagpur,Maharashtra,Regular,2025-11-22
11116,Diya Kumar,Female,18,Thane,Maharashtra,Regular,2025-10-20
11117,Ananya Mishra,Male,24,Faridabad,Haryana,New,2024-02-02
11118,Vivaan Sharma,Male,33,Kolkata,West Bengal,VIP,2023-01-11
11119,Vivaan Agarwal,Female,39,Dwarka,Delhi,VIP,2023-06-17
11120,Isha Arora,Female,33,Jalandhar,Punjab,Premium,2023-09-29
11121,Rohan Verma,Male,35,Howrah,West Bengal,New,2025-03-27
11122,Kavya Agarwal,Male,40,Howrah,West Bengal,Premium,2023-07-05
11123,Aditi Saini,Female,22,Surat,Gujarat,Regular,2025-07-20
11124,Meera Singh,Male,40,Surat,Gujarat,New,2025-01-24
11125,Neha Singh,Male,45,Nashik,Maharashtra,Regular,2023-01-28
11126,Vikas Verma,Male,31,Pune,Maharashtra,Premium,2025-08-14
11127,Aditi Saini,Male,25,Faridabad,Haryana,Premium,2025-01-24
11128,Sneha Gupta,Male,43,Lucknow,Uttar Pradesh,Premium,2023-02-06
11129,Rahul Mishra,Female,51,Lucknow,Uttar Pradesh,Regular,2023-04-01
11130,Diya Mehta,Male,35,Saket,Delhi,Regular,2023-08-20
11131,Aditya Gupta,Female,25,Thane,Maharashtra,Premium,2023-02-20
11132,Aman Mishra,Female,34,Kota,Rajasthan,Premium,2023-08-16
11133,Vikas Yadav,Female,26,Karnal,Haryana,New,2025-03-26
11134,Rohan Singh,Female,41,Dwarka,Delhi,Premium,2023-10-12
11135,Karan Bansal,Female,33,Nagpur,Maharashtra,Regular,2024-01-01
11136,Karan Arora,Male,25,Panipat,Haryana,Regular,2023-04-07
11137,Aditi Yadav,Male,36,Ahmedabad,Gujarat,New,2025-03-24
11138,Sneha Verma,Male,27,Jodhpur,Rajasthan,Regular,2024-02-29
11139,Kavya Mehta,Male,21,Jodhpur,Rajasthan,New,2025-04-29
11140,Neha Singh,Female,42,Nashik,Maharashtra,Premium,2023-09-23
11141,Rohan Mehta,Other,37,Gandhinagar,Gujarat,Regular,2023-06-27
11142,Riya Mehta,Male,29,Agra,Uttar Pradesh,VIP,2025-10-10
11143,Vikas Bansal,Female,47,Nagpur,Maharashtra,Regular,2023-10-31
11144,Karan Mehta,Female,27,Nagpur,Maharashtra,Premium,2023-08-31
11145,Vivaan Singh,Male,30,Karol Bagh,Delhi,VIP,2025-11-05
11146,Aarav Agarwal,Female,38,Siliguri,West Bengal,Regular,2024-04-27
11147,Meera Sharma,Female,43,Gandhinagar,Gujarat,New,2025-12-11
11148,Aarav Kapoor,Male,38,Nashik,Maharashtra,Regular,2025-11-26
11149,Meera Sharma,Female,28,Surat,Gujarat,Regular,2024-03-18
11150,Meera Mehta,Female,32,Howrah,West Bengal,Regular,2024-06-04
11151,Neha Mehta,Male,28,Thane,Maharashtra,VIP,2023-03-30
11152,Aditya Arora,Female,31,Surat,Gujarat,Premium,2023-11-03
11153,Arjun Mishra,Female,31,Thane,Maharashtra,Regular,2024-02-09
11154,Arjun Sharma,Male,38,Mumbai,Maharashtra,New,2023-05-28
11155,Rohan Bansal,Female,27,Nagpur,Maharashtra,Regular,2023-04-12
11156,Sneha Agarwal,Female,44,Surat,Gujarat,Regular,2024-01-22
11157,Riya Bansal,Female,34,Jalandhar,Punjab,Regular,2025-07-30
11158,Diya Saini,Female,25,Kolkata,West Bengal,Regular,2024-06-23
11159,Isha Arora,Female,38,Siliguri,West Bengal,New,2024-02-25
11160,Neha Agarwal,Male,33,Gurugram,Haryana,VIP,2023-08-30
11161,Kavya Mehta,Other,29,Vadodara,Gujarat,Regular,2025-02-28
11162,Rahul Yadav,Female,48,Amritsar,Punjab,New,2023-11-14
11163,Karan Kumar,Male,31,Kanpur,Uttar Pradesh,Premium,2024-03-03
11164,Arjun Verma,Female,29,Vadodara,Gujarat,New,2024-04-09
11165,Sneha Kapoor,Female,44,Amritsar,Punjab,Premium,2024-11-28
11166,Sneha Kumar,Male,39,Vadodara,Gujarat,Premium,2025-06-18
11167,Ananya Yadav,Female,42,Vadodara,Gujarat,VIP,2024-04-16
11168,Neha Singh,Female,28,Kota,Rajasthan,Regular,2023-08-03
11169,Isha Singh,Female,36,Faridabad,Haryana,New,2023-04-14
11170,Isha Singh,Male,20,Noida,Uttar Pradesh,New,2025-03-30
11171,Rahul Kapoor,Female,18,Nashik,Maharashtra,New,2024-11-23
11172,Vivaan Kumar,Female,28,Howrah,West Bengal,Premium,2023-11-09
11173,Neha Kumar,Other,34,Mumbai,Maharashtra,Premium,2025-08-27
11174,Karan Gupta,Female,58,Rohini,Delhi,VIP,2025-12-24
11175,Riya Kumar,Female,46,Nagpur,Maharashtra,Regular,2025-06-04
11176,Aman Bansal,Male,23,Kota,Rajasthan,Premium,2024-03-22
11177,Ananya Agarwal,Female,43,Ahmedabad,Gujarat,New,2023-06-13
11178,Diya Kapoor,Male,21,Jalandhar,Punjab,Premium,2025-08-02
11179,Ananya Sharma,Male,49,Gandhinagar,Gujarat,New,2023-06-07
11180,Yash Mehta,Male,29,Udaipur,Rajasthan,Premium,2024-08-06
11181,Isha Gupta,Female,28,Siliguri,West Bengal,Regular,2025-01-25
11182,Rohan Kapoor,Male,44,Lucknow,Uttar Pradesh,Regular,2024-02-02
11183,Aditi Yadav,Male,28,Nashik,Maharashtra,Premium,2024-01-29
11184,Aarav Kumar,Male,51,Siliguri,West Bengal,Premium,2025-02-19
11185,Yash Kapoor,Female,28,Amritsar,Punjab,Premium,2023-04-27
11186,Aditi Mishra,Female,43,Asansol,West Bengal,Regular,2024-03-24
11187,Isha Yadav,Male,35,Nagpur,Maharashtra,Regular,2023-08-13
11188,Vikas Arora,Female,41,Ambala,Haryana,Regular,2023-10-03
11189,Vivaan Kapoor,Male,24,Agra,Uttar Pradesh,Premium,2025-07-26
11190,Aman Kumar,Male,18,Pune,Maharashtra,New,2025-04-20
11191,Meera Bansal,Male,25,Gurugram,Haryana,Premium,2024-10-11
11192,Kavya Sharma,Male,30,Pune,Maharashtra,Regular,2024-11-14
11193,Isha Singh,Female,32,Lucknow,Uttar Pradesh,Regular,2023-03-28
11194,Rahul Sharma,Male,29,Nashik,Maharashtra,Premium,2025-12-08
11195,Vivaan Agarwal,Female,18,Panipat,Haryana,Premium,2024-10-26
11196,Rohan Bansal,Other,28,Kolkata,West Bengal,Regular,2024-12-24
11197,Sneha Sharma,Male,34,Durgapur,West Bengal,Regular,2024-08-22
11198,Diya Singh,Male,32,Durgapur,West Bengal,New,2023-04-02
11199,Diya Agarwal,Female,30,Ahmedabad,Gujarat,Regular,2023-11-14
11200,Aditya Agarwal,Male,29,Patiala,Punjab,New,2023-02-17
11201,Vivaan Kumar,Male,35,Surat,Gujarat,Premium,2024-08-30
11202,Riya Saini,Male,24,Panipat,Haryana,New,2024-09-10
11203,Aman Verma,Female,32,Gurugram,Haryana,Premium,2024-12-31
11204,Vivaan Kapoor,Female,30,Agra,Uttar Pradesh,Premium,2024-12-22
11205,Rahul Arora,Male,22,Kota,Rajasthan,Premium,2023-06-14
11206,Rahul Chopra,Male,32,Rajkot,Gujarat,New,2023-07-24
11207,Sneha Mishra,Male,18,Pune,Maharashtra,Premium,2025-08-26
11208,Vivaan Verma,Male,27,Agra,Uttar Pradesh,Premium,2023-02-19
11209,Riya Saini,Male,37,New Delhi,Delhi,New,2024-07-03
11210,Aman Gupta,Female,38,Asansol,West Bengal,VIP,2024-09-14
11211,Aditi Bansal,Male,34,Agra,Uttar Pradesh,Regular,2023-05-09
11212,Riya Agarwal,Male,36,Varanasi,Uttar Pradesh,Regular,2024-06-24
11213,Sneha Gupta,Male,40,Amritsar,Punjab,Regular,2023-03-04
11214,Aditi Mehta,Male,35,Rajkot,Gujarat,New,2024-06-27
11215,Aditi Singh,Female,46,Nagpur,Maharashtra,Premium,2025-05-25
11216,Vikas Saini,Male,18,Dwarka,Delhi,Regular,2023-12-06
11217,Rahul Yadav,Male,42,Karnal,Haryana,Regular,2023-10-22
11218,Aarav Chopra,Male,18,Mumbai,Maharashtra,Regular,2023-06-29
11219,Diya Bansal,Male,28,Thane,Maharashtra,Premium,2025-03-10
11220,Karan Verma,Female,41,Karol Bagh,Delhi,Regular,2023-01-19
11221,Kavya Kapoor,Male,40,Durgapur,West Bengal,Premium,2025-04-04
11222,Aditya Mishra,Male,24,Jalandhar,Punjab,New,2024-10-12
11223,Aditya Kumar,Male,34,Noida,Uttar Pradesh,Premium,2024-10-10
11224,Aditya Gupta,Female,28,Howrah,West Bengal,Premium,2023-03-09
11225,Rohan Agarwal,Female,42,Noida,Uttar Pradesh,New,2025-01-04
11226,Meera Yadav,Female,33,Mumbai,Maharashtra,New,2023-01-23
11227,Aarav Agarwal,Male,28,Kanpur,Uttar Pradesh,Regular,2025-05-14
11228,Aditi Saini,Female,38,Karol Bagh,Delhi,New,2023-08-24
11229,Yash Kumar,Male,40,Durgapur,West Bengal,Regular,2025-03-07
11230,Arjun Verma,Female,32,Kanpur,Uttar Pradesh,Regular,2025-05-28
11231,Yash Mehta,Female,41,Durgapur,West Bengal,Regular,2025-06-30
11232,Rohan Singh,Female,50,New Delhi,Delhi,Regular,2025-09-15
11233,Rohan Arora,Male,18,Saket,Delhi,Regular,2025-03-24
11234,Neha Mishra,Male,46,Karnal,Haryana,Regular,2025-06-02
11235,Rohan Chopra,Male,48,Pune,Maharashtra,Premium,2023-03-23
11236,Kavya Kapoor,Male,38,Kanpur,Uttar Pradesh,VIP,2024-05-11
11237,Aditya Mehta,Female,31,Durgapur,West Bengal,Regular,2025-11-27
11238,Neha Mehta,Male,18,Udaipur,Rajasthan,Regular,2023-05-30
11239,Karan Arora,Female,34,Durgapur,West Bengal,Regular,2023-01-02
11240,Rohan Agarwal,Female,30,Jalandhar,Punjab,Regular,2024-09-17
11241,Aarav Arora,Male,20,Durgapur,West Bengal,VIP,2024-01-29
11242,Aarav Kumar,Male,27,Surat,Gujarat,Premium,2025-09-06
11243,Karan Singh,Female,34,Ahmedabad,Gujarat,Regular,2024-07-29
11244,Sneha Saini,Female,37,Vadodara,Gujarat,Premium,2024-07-03
11245,Vivaan Kumar,Male,24,Rajkot,Gujarat,Premium,2023-05-18
11246,Arjun Mishra,Male,18,Pune,Maharashtra,New,2025-05-01
11247,Rahul Mehta,Female,31,Mohali,Punjab,Premium,2024-06-06
11248,Aditya Bansal,Female,25,Panipat,Haryana,Regular,2025-11-11
11249,Sneha Singh,Female,30,Kolkata,West Bengal,Regular,2023-07-07
11250,Ananya Kumar,Female,18,Pune,Maharashtra,Regular,2023-11-21
11251,Sneha Gupta,Female,31,Gandhinagar,Gujarat,New,2024-12-05
11252,Vikas Saini,Male,38,Kota,Rajasthan,Premium,2025-06-23
11253,Rahul Saini,Female,30,Mohali,Punjab,Premium,2025-11-11
11254,Rahul Arora,Other,35,Amritsar,Punjab,Regular,2024-09-10
11255,Aditya Gupta,Male,31,Thane,Maharashtra,Regular,2025-11-27
11256,Neha Mishra,Female,18,Lucknow,Uttar Pradesh,Regular,2023-12-05
11257,Aarav Kumar,Male,35,Saket,Delhi,Premium,2024-12-08
11258,Arjun Mishra,Male,26,Kota,Rajasthan,New,2023-12-12
11259,Neha Sharma,Female,21,Karnal,Haryana,Premium,2024-08-08
11260,Sneha Agarwal,Male,41,Nashik,Maharashtra,VIP,2023-07-30
11261,Kavya Mishra,Male,37,Rohini,Delhi,Regular,2024-11-10
11262,Karan Mishra,Male,28,Gandhinagar,Gujarat,New,2024-11-07
11263,Neha Chopra,Male,32,Varanasi,Uttar Pradesh,Regular,2025-02-03
11264,Riya Mishra,Female,36,Udaipur,Rajasthan,New,2023-03-22
11265,Rahul Saini,Male,18,Faridabad,Haryana,Regular,2025-10-22
11266,Kavya Agarwal,Male,23,Karnal,Haryana,Premium,2024-09-30
11267,Aditi Bansal,Male,23,Noida,Uttar Pradesh,New,2025-03-31
11268,Ananya Kumar,Female,39,Jaipur,Rajasthan,Regular,2024-10-15
11269,Vivaan Arora,Female,50,Nagpur,Maharashtra,Regular,2024-09-15
11270,Diya Chopra,Female,40,Agra,Uttar Pradesh,Premium,2023-06-20
11271,Aman Singh,Female,35,Mumbai,Maharashtra,Regular,2024-02-25
11272,Ananya Chopra,Male,24,Vadodara,Gujarat,Premium,2025-10-04
11273,Rahul Agarwal,Female,41,Gandhinagar,Gujarat,Regular,2025-03-19
11274,Isha Kumar,Male,30,Panipat,Haryana,Premium,2025-01-26
11275,Kavya Chopra,Male,24,Kota,Rajasthan,Premium,2024-11-25
11276,Vikas Verma,Female,41,Patiala,Punjab,New,2024-05-09
11277,Aarav Kumar,Male,47,Karol Bagh,Delhi,Regular,2025-04-18
11278,Ananya Singh,Male,41,Howrah,West Bengal,Premium,2023-05-24
11279,Ananya Chopra,Male,58,Patiala,Punjab,Premium,2024-04-08
11280,Riya Kapoor,Female,26,Kota,Rajasthan,New,2024-11-16
11281,Riya Mishra,Male,29,Nashik,Maharashtra,Regular,2025-11-10
11282,Meera Mehta,Other,25,Nagpur,Maharashtra,New,2025-05-05
11283,Ananya Sharma,Male,25,Nagpur,Maharashtra,Premium,2024-10-28
11284,Riya Arora,Female,48,Panipat,Haryana,Premium,2025-07-19
11285,Vivaan Singh,Female,23,Agra,Uttar Pradesh,Regular,2024-05-27
11286,Kavya Mehta,Female,29,Ajmer,Rajasthan,New,2024-12-31
11287,Neha Kumar,Female,47,Karnal,Haryana,New,2023-05-25
11288,Ananya Bansal,Female,38,Lucknow,Uttar Pradesh,Regular,2023-06-08
11289,Aditya Verma,Male,24,Karnal,Haryana,VIP,2025-11-20
11290,Neha Bansal,Female,33,Karnal,Haryana,Premium,2023-08-29
11291,Neha Gupta,Male,18,Agra,Uttar Pradesh,Premium,2023-10-15
11292,Riya Agarwal,Female,32,Mohali,Punjab,Regular,2023-09-12
11293,Aditi Verma,Female,35,Mumbai,Maharashtra,VIP,2025-05-21
11294,Neha Saini,Female,35,Mumbai,Maharashtra,Premium,2025-10-01
11295,Neha Kapoor,Male,53,Surat,Gujarat,Regular,2025-07-04
11296,Aditya Mishra,Female,41,Karol Bagh,Delhi,Premium,2024-09-05
11297,Sneha Saini,Male,22,Mohali,Punjab,Regular,2025-09-11
11298,Arjun Verma,Female,35,Ludhiana,Punjab,Premium,2025-12-29
11299,Rohan Agarwal,Male,33,Thane,Maharashtra,VIP,2024-06-30
11300,Diya Bansal,Female,53,Pune,Maharashtra,Regular,2023-12-23
11301,Rahul Yadav,Female,30,Panipat,Haryana,Premium,2023-10-10
11302,Vikas Mishra,Male,35,Siliguri,West Bengal,Regular,2023-10-22
11303,Aditya Mehta,Female,37,Faridabad,Haryana,VIP,2023-05-23
11304,Aarav Gupta,Male,23,Jaipur,Rajasthan,New,2025-08-02
11305,Ananya Verma,Female,19,Thane,Maharashtra,Premium,2023-04-12
11306,Rahul Bansal,Female,32,Siliguri,West Bengal,New,2023-01-17
11307,Arjun Kapoor,Male,41,Mumbai,Maharashtra,Regular,2023-09-03
11308,Aman Verma,Female,21,Ahmedabad,Gujarat,Regular,2024-09-27
11309,Meera Mishra,Female,33,Agra,Uttar Pradesh,Regular,2023-01-31
11310,Diya Gupta,Male,27,Gandhinagar,Gujarat,VIP,2023-01-12
11311,Aditya Arora,Female,18,Ambala,Haryana,New,2024-09-17
11312,Kavya Bansal,Female,36,Siliguri,West Bengal,New,2025-03-24
11313,Kavya Sharma,Male,38,Pune,Maharashtra,Regular,2024-04-22
11314,Isha Verma,Male,41,Ahmedabad,Gujarat,Regular,2025-04-11
11315,Arjun Mishra,Female,42,Varanasi,Uttar Pradesh,New,2025-01-22
11316,Ananya Verma,Male,33,Thane,Maharashtra,VIP,2023-02-06
11317,Arjun Singh,Male,38,Udaipur,Rajasthan,Regular,2023-10-18
11318,Aarav Bansal,Male,36,Vadodara,Gujarat,Premium,2025-08-13
11319,Ananya Kapoor,Female,18,Karnal,Haryana,Premium,2025-09-24
11320,Vivaan Gupta,Female,19,Ambala,Haryana,Premium,2024-11-19
11321,Vikas Kapoor,Male,27,Saket,Delhi,Premium,2024-03-03
11322,Arjun Bansal,Female,35,Patiala,Punjab,Premium,2025-03-07
11323,Meera Kumar,Female,37,Durgapur,West Bengal,New,2024-11-26
11324,Rohan Kapoor,Female,41,Dwarka,Delhi,Premium,2024-10-14
11325,Aditi Gupta,Female,41,Siliguri,West Bengal,Regular,2023-12-12
11326,Neha Saini,Female,36,Lucknow,Uttar Pradesh,Regular,2023-05-30
11327,Karan Saini,Male,39,Patiala,Punjab,Regular,2025-09-24
11328,Diya Mehta,Male,49,Surat,Gujarat,Regular,2023-11-03
11329,Aditi Agarwal,Male,38,Nashik,Maharashtra,Regular,2023-10-10
11330,Sneha Mehta,Female,34,Jodhpur,Rajasthan,Premium,2024-08-20
11331,Aman Verma,Female,39,Mumbai,Maharashtra,New,2025-09-10
11332,Karan Gupta,Male,42,Thane,Maharashtra,Regular,2023-06-23
11333,Aditya Yadav,Male,49,Rohini,Delhi,VIP,2025-02-22
11334,Meera Gupta,Female,23,Howrah,West Bengal,Regular,2024-11-08
11335,Meera Singh,Male,18,Kolkata,West Bengal,Regular,2025-11-20
11336,Isha Singh,Male,36,Thane,Maharashtra,VIP,2023-02-12
11337,Arjun Kapoor,Male,20,New Delhi,Delhi,Premium,2024-12-19
11338,Diya Verma,Other,32,Thane,Maharashtra,New,2025-07-03
11339,Meera Kapoor,Male,52,Faridabad,Haryana,Regular,2025-02-24
11340,Kavya Saini,Female,34,Ambala,Haryana,Premium,2024-06-12
11341,Aarav Bansal,Male,34,Rohini,Delhi,New,2024-04-09
11342,Rohan Chopra,Female,30,Udaipur,Rajasthan,Regular,2024-11-04
11343,Aditi Saini,Male,49,Durgapur,West Bengal,Regular,2024-03-23
11344,Aarav Sharma,Male,38,Nashik,Maharashtra,Premium,2024-03-29
11345,Diya Bansal,Male,29,Ahmedabad,Gujarat,New,2023-08-19
11346,Isha Arora,Male,49,Varanasi,Uttar Pradesh,Regular,2024-11-10
11347,Ananya Mishra,Female,36,Noida,Uttar Pradesh,New,2025-04-20
11348,Isha Mehta,Male,30,Agra,Uttar Pradesh,Regular,2025-01-08
11349,Karan Singh,Female,18,Asansol,West Bengal,New,2025-05-02
11350,Aman Gupta,Male,35,Gurugram,Haryana,Regular,2023-12-22
11351,Aditya Chopra,Male,29,Durgapur,West Bengal,Premium,2023-05-17
11352,Rahul Kumar,Female,31,Nashik,Maharashtra,Premium,2024-06-20
11353,Vikas Kumar,Male,30,Varanasi,Uttar Pradesh,Premium,2023-07-03
11354,Diya Singh,Male,18,Nagpur,Maharashtra,Regular,2024-10-06
11355,Kavya Yadav,Male,60,Kota,Rajasthan,Regular,2023-03-27
11356,Neha Gupta,Female,27,Howrah,West Bengal,Regular,2023-03-31
11357,Rahul Arora,Female,41,Kolkata,West Bengal,Regular,2023-06-28
11358,Riya Kumar,Male,32,Kanpur,Uttar Pradesh,Premium,2023-07-11
11359,Aditi Gupta,Female,18,Karol Bagh,Delhi,Regular,2025-04-24
11360,Arjun Chopra,Female,33,Nagpur,Maharashtra,VIP,2024-06-21
11361,Isha Mishra,Female,35,Durgapur,West Bengal,Premium,2024-11-22
11362,Diya Singh,Male,29,Rohini,Delhi,VIP,2025-03-20
11363,Diya Sharma,Female,49,Nashik,Maharashtra,Regular,2023-05-26
11364,Yash Yadav,Male,52,Pune,Maharashtra,Regular,2025-06-09
11365,Riya Singh,Male,37,Surat,Gujarat,Regular,2025-04-02
11366,Vivaan Mishra,Male,38,Ludhiana,Punjab,Regular,2024-09-06
11367,Yash Agarwal,Female,22,Nagpur,Maharashtra,VIP,2025-04-22
11368,Arjun Singh,Female,22,Siliguri,West Bengal,New,2025-12-12
11369,Karan Arora,Female,27,Ludhiana,Punjab,Regular,2023-08-06
11370,Rohan Yadav,Female,54,Saket,Delhi,Regular,2025-07-14
11371,Aditi Mishra,Female,29,Durgapur,West Bengal,VIP,2023-06-03
11372,Aditi Gupta,Female,47,Mohali,Punjab,New,2023-10-09
11373,Aarav Kumar,Male,27,Rajkot,Gujarat,Premium,2024-06-23
11374,Aditi Mehta,Male,24,Jaipur,Rajasthan,Regular,2024-06-08
11375,Aditya Saini,Male,29,Saket,Delhi,Premium,2025-04-11
11376,Sneha Yadav,Male,29,Asansol,West Bengal,Regular,2023-11-05
11377,Riya Mehta,Female,27,Agra,Uttar Pradesh,Regular,2025-08-10
11378,Vivaan Singh,Female,50,Jaipur,Rajasthan,Premium,2024-01-17
11379,Isha Mishra,Female,33,Varanasi,Uttar Pradesh,Premium,2023-12-31
11380,Aditi Mehta,Male,32,Thane,Maharashtra,Regular,2025-03-27
11381,Ananya Gupta,Female,34,Patiala,Punjab,Premium,2024-08-29
11382,Meera Arora,Male,43,Varanasi,Uttar Pradesh,Regular,2023-11-18
11383,Aarav Chopra,Female,34,Howrah,West Bengal,VIP,2025-11-03
11384,Vivaan Gupta,Male,37,Rohini,Delhi,New,2025-07-17
11385,Sneha Gupta,Female,44,Thane,Maharashtra,Regular,2025-05-19
11386,Yash Kapoor,Female,23,Agra,Uttar Pradesh,Regular,2024-05-01
11387,Vikas Saini,Female,26,Vadodara,Gujarat,New,2024-03-15
11388,Riya Mehta,Male,35,Mohali,Punjab,Regular,2024-11-22
11389,Vivaan Sharma,Male,27,Durgapur,West Bengal,Regular,2025-08-06
11390,Aditya Bansal,Male,32,Varanasi,Uttar Pradesh,Regular,2025-10-09
11391,Neha Agarwal,Male,23,New Delhi,Delhi,New,2023-07-20
11392,Aditi Verma,Female,25,Karnal,Haryana,Regular,2023-01-30
11393,Kavya Agarwal,Female,45,Patiala,Punjab,Premium,2025-09-18
11394,Yash Arora,Male,30,Udaipur,Rajasthan,Premium,2023-09-20
11395,Aman Bansal,Female,29,Noida,Uttar Pradesh,Regular,2024-01-24
11396,Vikas Kapoor,Female,26,Surat,Gujarat,Regular,2023-02-17
11397,Karan Verma,Male,25,Kanpur,Uttar Pradesh,Regular,2023-10-23
11398,Yash Bansal,Male,24,Rohini,Delhi,Premium,2024-12-13
11399,Kavya Bansal,Female,21,Pune,Maharashtra,VIP,2025-06-28
11400,Vivaan Yadav,Female,27,Nashik,Maharashtra,Regular,2024-08-16
11401,Kavya Agarwal,Female,33,Mohali,Punjab,Premium,2024-11-08
11402,Sneha Singh,Male,40,Amritsar,Punjab,Regular,2025-03-10
11403,Aarav Mishra,Male,33,Panipat,Haryana,New,2025-08-14
11404,Vivaan Mehta,Female,24,Surat,Gujarat,Regular,2023-08-27
11405,Sneha Sharma,Male,29,Pune,Maharashtra,Regular,2024-05-29
11406,Riya Verma,Male,28,Udaipur,Rajasthan,Premium,2025-10-31
11407,Yash Mehta,Female,27,Rajkot,Gujarat,Premium,2025-02-07
11408,Vikas Kapoor,Female,30,Ahmedabad,Gujarat,VIP,2023-10-17
11409,Yash Bansal,Female,43,Thane,Maharashtra,Regular,2025-09-16
11410,Ananya Singh,Male,41,Kolkata,West Bengal,Regular,2024-12-02
11411,Rahul Kumar,Male,50,Dwarka,Delhi,Regular,2025-05-16
11412,Rahul Singh,Female,25,Ludhiana,Punjab,Regular,2025-08-19
11413,Diya Chopra,Female,23,Saket,Delhi,Regular,2025-02-03
11414,Aditi Singh,Female,30,Gurugram,Haryana,Premium,2023-03-20
11415,Aditya Bansal,Other,46,Jaipur,Rajasthan,New,2025-08-31
11416,Rohan Singh,Female,18,Asansol,West Bengal,VIP,2024-01-08
11417,Meera Arora,Female,35,Faridabad,Haryana,Premium,2023-07-25
11418,Meera Gupta,Male,31,Jalandhar,Punjab,Premium,2023-04-12
11419,Meera Verma,Female,40,Agra,Uttar Pradesh,VIP,2025-01-16
11420,Riya Arora,Female,38,Siliguri,West Bengal,Regular,2024-10-15
11421,Neha Agarwal,Male,40,Kanpur,Uttar Pradesh,New,2025-08-15
11422,Meera Kumar,Female,39,Ajmer,Rajasthan,Premium,2023-04-09
11423,Vikas Kumar,Male,62,Gurugram,Haryana,Premium,2024-12-07
11424,Aarav Yadav,Female,52,Mohali,Punjab,New,2023-09-02
11425,Ananya Agarwal,Male,42,Siliguri,West Bengal,New,2025-08-01
11426,Ananya Verma,Male,29,Asansol,West Bengal,New,2025-12-03
11427,Kavya Arora,Female,30,Faridabad,Haryana,Regular,2023-09-24
11428,Rohan Gupta,Male,45,Kolkata,West Bengal,VIP,2023-11-10
11429,Vikas Singh,Female,46,Nashik,Maharashtra,New,2023-07-17
11430,Isha Saini,Male,25,Howrah,West Bengal,Premium,2024-04-30
11431,Sneha Sharma,Female,18,Jodhpur,Rajasthan,Premium,2025-09-09
11432,Rohan Kumar,Female,18,Udaipur,Rajasthan,Premium,2024-01-17
11433,Rahul Kapoor,Female,46,Jaipur,Rajasthan,New,2024-03-09
11434,Karan Arora,Female,48,Thane,Maharashtra,Premium,2024-04-19
11435,Vivaan Agarwal,Female,34,Jalandhar,Punjab,VIP,2025-10-16
11436,Meera Mishra,Male,37,Panipat,Haryana,New,2024-01-20
11437,Aman Kapoor,Male,52,Noida,Uttar Pradesh,New,2025-04-23
11438,Arjun Yadav,Male,54,Nashik,Maharashtra,Premium,2025-09-02
11439,Aman Verma,Female,41,Dwarka,Delhi,Regular,2025-01-02
11440,Arjun Singh,Female,34,Pune,Maharashtra,Regular,2023-09-06
11441,Karan Agarwal,Male,30,Siliguri,West Bengal,VIP,2024-05-27
11442,Aditya Chopra,Male,31,Faridabad,Haryana,Premium,2024-05-16
11443,Aarav Gupta,Male,26,Thane,Maharashtra,Regular,2023-02-16
11444,Aarav Mishra,Male,41,Kanpur,Uttar Pradesh,Regular,2023-08-12
11445,Vikas Verma,Female,33,Asansol,West Bengal,New,2024-08-11
11446,Aditya Kapoor,Female,26,Ludhiana,Punjab,Regular,2024-05-06
11447,Neha Singh,Female,45,Nagpur,Maharashtra,Regular,2025-07-05
11448,Yash Mehta,Male,40,Ahmedabad,Gujarat,Regular,2024-07-24
11449,Vivaan Chopra,Female,37,Howrah,West Bengal,Premium,2025-10-26
11450,Arjun Bansal,Male,32,Thane,Maharashtra,New,2023-09-16
11451,Neha Kapoor,Male,39,Udaipur,Rajasthan,Regular,2023-02-26
11452,Ananya Kumar,Female,31,Nagpur,Maharashtra,Premium,2024-07-23
11453,Vikas Saini,Male,62,Siliguri,West Bengal,Premium,2023-09-21
11454,Riya Arora,Male,57,Mumbai,Maharashtra,Regular,2023-02-12
11455,Aditya Kapoor,Male,26,Panipat,Haryana,Regular,2024-10-25
11456,Vikas Saini,Female,31,Siliguri,West Bengal,Premium,2023-08-30
11457,Aman Singh,Female,25,Nashik,Maharashtra,Regular,2023-09-28
11458,Yash Chopra,Female,18,Nashik,Maharashtra,Premium,2024-10-17
11459,Rohan Singh,Female,51,Karol Bagh,Delhi,VIP,2024-01-09
11460,Rohan Mishra,Male,33,Mumbai,Maharashtra,New,2025-07-08
11461,Riya Saini,Male,23,Agra,Uttar Pradesh,VIP,2024-04-02
11462,Aditi Kapoor,Male,18,Nashik,Maharashtra,Premium,2024-06-15
11463,Vikas Yadav,Female,36,Mohali,Punjab,Regular,2024-11-27
11464,Kavya Bansal,Male,38,Nagpur,Maharashtra,Regular,2025-12-23
11465,Aman Kumar,Other,38,Asansol,West Bengal,Premium,2023-04-19
11466,Aman Mehta,Male,45,Panipat,Haryana,New,2025-10-11
11467,Aarav Bansal,Female,43,Siliguri,West Bengal,Regular,2025-11-20
11468,Arjun Kumar,Female,21,Agra,Uttar Pradesh,Premium,2024-11-02
11469,Rohan Kapoor,Male,23,Howrah,West Bengal,Premium,2024-02-29
11470,Rahul Kapoor,Female,44,Gandhinagar,Gujarat,Regular,2023-04-22
11471,Rohan Singh,Male,28,Thane,Maharashtra,New,2024-06-27
11472,Vikas Sharma,Male,19,Ahmedabad,Gujarat,Premium,2024-12-09
11473,Aarav Mehta,Male,20,Siliguri,West Bengal,Regular,2025-09-28
11474,Neha Yadav,Female,43,Varanasi,Uttar Pradesh,New,2025-07-16
11475,Aditya Singh,Male,43,Kanpur,Uttar Pradesh,New,2023-04-11
11476,Sneha Verma,Male,35,Mumbai,Maharashtra,Regular,2024-12-09
11477,Aman Kapoor,Other,25,Gandhinagar,Gujarat,Regular,2023-01-11
11478,Riya Chopra,Male,33,Rajkot,Gujarat,Premium,2025-04-16
11479,Aarav Gupta,Male,32,Gandhinagar,Gujarat,New,2025-12-14
11480,Vivaan Mishra,Other,30,Agra,Uttar Pradesh,Premium,2023-03-14
11481,Meera Arora,Male,41,Rajkot,Gujarat,Premium,2024-10-28
11482,Aditya Kumar,Male,29,Amritsar,Punjab,Regular,2024-08-04
11483,Kavya Agarwal,Female,39,Udaipur,Rajasthan,New,2023-04-14
11484,Ananya Mishra,Male,37,Ambala,Haryana,VIP,2025-05-25
11485,Diya Saini,Male,20,Varanasi,Uttar Pradesh,New,2024-05-15
11486,Ananya Mehta,Male,54,Kanpur,Uttar Pradesh,Regular,2023-05-29
11487,Neha Agarwal,Female,40,Noida,Uttar Pradesh,Regular,2023-11-14
11488,Aman Arora,Male,18,Mumbai,Maharashtra,Premium,2024-12-29
11489,Karan Agarwal,Male,20,Varanasi,Uttar Pradesh,Regular,2025-03-09
11490,Kavya Mishra,Male,50,Lucknow,Uttar Pradesh,Regular,2025-09-18
11491,Riya Mishra,Male,36,Rohini,Delhi,Premium,2024-08-02
11492,Aarav Kumar,Female,40,Noida,Uttar Pradesh,VIP,2024-05-29
11493,Vivaan Mishra,Male,38,Karol Bagh,Delhi,Regular,2025-06-03
11494,Vivaan Bansal,Female,45,Panipat,Haryana,Regular,2025-12-25
11495,Ananya Mishra,Female,45,Pune,Maharashtra,Premium,2023-12-20
11496,Aman Kapoor,Male,25,Pune,Maharashtra,Premium,2024-12-25
11497,Riya Mishra,Male,39,Nashik,Maharashtra,Regular,2024-08-13
11498,Aarav Agarwal,Male,20,Udaipur,Rajasthan,Regular,2025-09-09
11499,Aman Verma,Male,23,Varanasi,Uttar Pradesh,New,2025-05-03
11500,Ananya Kapoor,Female,31,Vadodara,Gujarat,Regular,2024-10-28
11501,Riya Gupta,Female,18,Ajmer,Rajasthan,Premium,2023-04-28
11502,Vivaan Mehta,Male,26,Udaipur,Rajasthan,Regular,2024-06-02
11503,Vikas Arora,Female,18,Gurugram,Haryana,Regular,2023-02-03
11504,Ananya Verma,Other,34,Noida,Uttar Pradesh,Regular,2023-04-17
11505,Rohan Kapoor,Male,50,Noida,Uttar Pradesh,Premium,2023-11-02
11506,Isha Verma,Male,34,Varanasi,Uttar Pradesh,Premium,2025-05-31
11507,Aditya Bansal,Female,34,Nagpur,Maharashtra,Regular,2023-06-20
11508,Aman Arora,Male,30,Ajmer,Rajasthan,Regular,2024-05-03
11509,Isha Bansal,Female,44,Nagpur,Maharashtra,Premium,2023-03-21
11510,Isha Kumar,Female,33,Vadodara,Gujarat,Regular,2025-12-11
11511,Rahul Sharma,Male,23,Gandhinagar,Gujarat,Regular,2025-11-02
11512,Riya Agarwal,Female,36,Nagpur,Maharashtra,Regular,2023-02-27
11513,Rohan Arora,Male,50,Siliguri,West Bengal,Regular,2025-11-18
11514,Rahul Saini,Male,20,Gurugram,Haryana,Regular,2025-11-28
11515,Vivaan Agarwal,Male,25,Rohini,Delhi,Premium,2023-12-13
11516,Neha Chopra,Male,33,Ambala,Haryana,Premium,2023-08-30
11517,Aarav Saini,Female,30,Mumbai,Maharashtra,New,2023-04-13
11518,Sneha Saini,Male,38,Howrah,West Bengal,Regular,2024-02-22
11519,Kavya Gupta,Female,24,Rohini,Delhi,Regular,2024-07-29
11520,Karan Yadav,Male,29,Howrah,West Bengal,Regular,2025-04-17
11521,Aditya Kapoor,Male,35,Gurugram,Haryana,Regular,2024-06-06
11522,Aditya Bansal,Male,35,Asansol,West Bengal,Regular,2025-02-18
11523,Aditi Gupta,Male,60,Varanasi,Uttar Pradesh,Premium,2024-10-20
11524,Kavya Kapoor,Male,42,Gurugram,Haryana,New,2024-12-29
11525,Ananya Saini,Female,19,Ajmer,Rajasthan,Regular,2024-08-26
11526,Vivaan Kapoor,Male,24,Karol Bagh,Delhi,New,2025-02-23
11527,Kavya Kapoor,Female,20,Kanpur,Uttar Pradesh,Premium,2024-06-16
11528,Aman Yadav,Male,50,Noida,Uttar Pradesh,Premium,2023-09-23
11529,Neha Kapoor,Female,23,Vadodara,Gujarat,Regular,2025-01-12
11530,Karan Chopra,Female,40,Jaipur,Rajasthan,Regular,2023-04-20
11531,Vikas Kumar,Male,39,Varanasi,Uttar Pradesh,New,2024-02-24
11532,Aditya Verma,Female,19,Mumbai,Maharashtra,Regular,2023-10-11
11533,Karan Kapoor,Male,30,Thane,Maharashtra,Regular,2025-01-28
11534,Vikas Singh,Female,31,New Delhi,Delhi,New,2023-08-03
11535,Diya Arora,Female,18,Noida,Uttar Pradesh,Premium,2024-04-15
11536,Diya Sharma,Female,52,Jalandhar,Punjab,Regular,2025-12-26
11537,Kavya Bansal,Female,36,Ludhiana,Punjab,Premium,2024-12-20
11538,Diya Yadav,Female,50,Thane,Maharashtra,Regular,2023-01-04
11539,Aditi Kapoor,Female,56,Jalandhar,Punjab,VIP,2023-06-11
11540,Aman Agarwal,Male,36,Jaipur,Rajasthan,Regular,2024-02-08
11541,Kavya Chopra,Female,38,Nagpur,Maharashtra,New,2025-02-18
11542,Ananya Singh,Male,26,Patiala,Punjab,VIP,2024-02-08
11543,Isha Singh,Female,47,Nagpur,Maharashtra,Regular,2024-05-29
11544,Riya Yadav,Female,34,Saket,Delhi,Regular,2024-01-02
11545,Aman Mehta,Female,30,Howrah,West Bengal,Regular,2024-09-06
11546,Rahul Arora,Female,26,Jodhpur,Rajasthan,Regular,2025-01-02
11547,Vivaan Kumar,Female,35,Gandhinagar,Gujarat,Regular,2025-09-18
11548,Rahul Arora,Male,40,Thane,Maharashtra,Premium,2023-03-05
11549,Kavya Mehta,Male,36,Ambala,Haryana,New,2023-07-05
11550,Vikas Bansal,Female,39,Pune,Maharashtra,Premium,2024-09-14
11551,Arjun Bansal,Male,32,Howrah,West Bengal,Regular,2025-09-15
11552,Yash Kumar,Female,39,Nagpur,Maharashtra,Regular,2023-06-06
11553,Karan Gupta,Male,39,Gandhinagar,Gujarat,Regular,2023-04-18
11554,Diya Kumar,Male,46,Asansol,West Bengal,VIP,2025-08-08
11555,Rohan Agarwal,Female,42,Rohini,Delhi,Premium,2025-01-21
11556,Neha Chopra,Female,36,Saket,Delhi,Regular,2025-04-28
11557,Karan Bansal,Male,38,Nagpur,Maharashtra,Premium,2025-05-08
11558,Ananya Kapoor,Male,22,Lucknow,Uttar Pradesh,Regular,2025-06-15
11559,Sneha Arora,Male,47,Surat,Gujarat,Premium,2024-05-03
11560,Vivaan Saini,Male,32,Durgapur,West Bengal,New,2025-03-13
11561,Sneha Bansal,Male,33,Agra,Uttar Pradesh,Regular,2023-07-29
11562,Kavya Chopra,Female,29,Karol Bagh,Delhi,Regular,2025-08-02
11563,Rohan Agarwal,Female,25,Surat,Gujarat,Premium,2023-04-29
11564,Arjun Kapoor,Male,26,Dwarka,Delhi,Regular,2023-02-03
11565,Isha Chopra,Male,23,Rajkot,Gujarat,Regular,2025-01-09
11566,Aman Singh,Female,32,Lucknow,Uttar Pradesh,Premium,2025-12-18
11567,Meera Kumar,Female,42,Pune,Maharashtra,New,2023-06-05
11568,Ananya Gupta,Male,34,Faridabad,Haryana,Regular,2024-12-06
11569,Aditya Agarwal,Male,41,Nagpur,Maharashtra,Premium,2023-04-09
11570,Rohan Chopra,Male,39,Varanasi,Uttar Pradesh,Premium,2023-11-04
11571,Aditi Verma,Male,30,Thane,Maharashtra,Premium,2024-01-01
11572,Kavya Sharma,Female,46,Amritsar,Punjab,Regular,2024-12-03
11573,Yash Kumar,Female,44,Gandhinagar,Gujarat,New,2024-10-22
11574,Sneha Singh,Female,42,Vadodara,Gujarat,Premium,2023-05-15
11575,Ananya Arora,Other,38,Dwarka,Delhi,New,2023-01-02
11576,Vivaan Singh,Male,31,Ambala,Haryana,Regular,2025-11-11
11577,Rohan Mehta,Female,31,Karnal,Haryana,New,2025-10-31
11578,Riya Yadav,Male,34,Mumbai,Maharashtra,Premium,2023-03-04
11579,Sneha Saini,Male,48,Mumbai,Maharashtra,Regular,2025-12-20
11580,Yash Singh,Female,45,Mumbai,Maharashtra,Premium,2023-01-01
11581,Vikas Yadav,Male,20,New Delhi,Delhi,New,2024-06-29
11582,Aditya Kumar,Male,37,Lucknow,Uttar Pradesh,Premium,2024-06-25
11583,Riya Arora,Female,18,Nashik,Maharashtra,Regular,2023-09-08
11584,Rahul Sharma,Male,30,Kota,Rajasthan,Regular,2024-08-08
11585,Diya Singh,Female,27,Siliguri,West Bengal,Regular,2024-02-03
11586,Neha Verma,Male,40,Amritsar,Punjab,Premium,2025-03-17
11587,Riya Kapoor,Female,23,Nagpur,Maharashtra,Regular,2025-04-06
11588,Aditya Gupta,Male,19,Agra,Uttar Pradesh,Regular,2023-01-13
11589,Riya Mehta,Female,29,Noida,Uttar Pradesh,Premium,2024-03-14
11590,Aditi Sharma,Male,34,Pune,Maharashtra,Regular,2023-01-25
11591,Ananya Mehta,Female,18,Mumbai,Maharashtra,VIP,2024-03-26
11592,Yash Singh,Female,45,Howrah,West Bengal,Premium,2023-05-08
11593,Meera Agarwal,Male,32,Mohali,Punjab,Premium,2023-03-08
11594,Karan Yadav,Male,34,Mohali,Punjab,New,2025-02-05
11595,Kavya Mishra,Male,45,Pune,Maharashtra,Regular,2025-07-20
11596,Isha Saini,Female,27,Nagpur,Maharashtra,Regular,2023-06-07
11597,Arjun Bansal,Female,49,New Delhi,Delhi,Regular,2024-01-15
11598,Sneha Agarwal,Male,34,Panipat,Haryana,New,2025-03-05
11599,Aditi Kumar,Female,42,Gurugram,Haryana,Regular,2023-06-17
11600,Kavya Verma,Female,38,Kolkata,West Bengal,New,2023-02-09
11601,Isha Saini,Male,41,Patiala,Punjab,Regular,2023-09-01
11602,Vivaan Sharma,Male,35,Varanasi,Uttar Pradesh,New,2023-11-03
11603,Aditya Saini,Female,29,Rohini,Delhi,Premium,2025-04-04
11604,Diya Kapoor,Female,53,Noida,Uttar Pradesh,Premium,2025-11-15
11605,Aarav Bansal,Male,34,Panipat,Haryana,VIP,2025-03-11
11606,Neha Arora,Male,23,Jaipur,Rajasthan,Regular,2025-08-07
11607,Karan Bansal,Male,49,Panipat,Haryana,Premium,2024-04-28
11608,Vikas Kapoor,Female,31,Gandhinagar,Gujarat,Regular,2024-10-13
11609,Neha Bansal,Female,18,Karol Bagh,Delhi,Regular,2023-05-10
11610,Riya Sharma,Male,26,Jaipur,Rajasthan,Regular,2023-03-24
11611,Sneha Verma,Male,18,Kolkata,West Bengal,Premium,2023-01-01
11612,Kavya Gupta,Male,26,Pune,Maharashtra,New,2024-08-05
11613,Aman Singh,Female,52,Udaipur,Rajasthan,New,2023-06-11
11614,Karan Sharma,Male,39,Kanpur,Uttar Pradesh,New,2025-11-11
11615,Sneha Mishra,Female,34,Kanpur,Uttar Pradesh,Regular,2025-10-01
11616,Vikas Mehta,Female,28,Nagpur,Maharashtra,Regular,2025-02-28
11617,Aman Bansal,Female,33,Kolkata,West Bengal,Regular,2023-05-24
11618,Rohan Kapoor,Female,45,Nagpur,Maharashtra,Premium,2024-11-29
11619,Arjun Mehta,Male,18,Mumbai,Maharashtra,Regular,2024-02-09
11620,Karan Mishra,Female,63,Gandhinagar,Gujarat,Premium,2025-06-18
11621,Arjun Mehta,Female,25,Kota,Rajasthan,New,2023-01-22
11622,Vikas Saini,Female,32,Ambala,Haryana,New,2023-10-03
11623,Rohan Verma,Male,32,Mumbai,Maharashtra,Premium,2025-03-06
11624,Yash Saini,Male,32,Kolkata,West Bengal,Premium,2025-02-07
11625,Ananya Kapoor,Female,27,Patiala,Punjab,Regular,2025-10-01
11626,Sneha Chopra,Female,43,Pune,Maharashtra,Regular,2023-01-02
11627,Karan Agarwal,Female,45,Dwarka,Delhi,VIP,2025-02-07
11628,Arjun Mehta,Female,44,Udaipur,Rajasthan,Premium,2024-07-25
11629,Aditya Kapoor,Female,35,Gurugram,Haryana,Regular,2023-08-09
11630,Karan Gupta,Male,28,Lucknow,Uttar Pradesh,VIP,2024-09-21
11631,Aarav Yadav,Female,32,Vadodara,Gujarat,Regular,2023-08-24
11632,Neha Kapoor,Female,33,Kanpur,Uttar Pradesh,Regular,2023-12-01
11633,Arjun Mehta,Female,24,Pune,Maharashtra,VIP,2023-10-02
11634,Aditi Verma,Female,36,Surat,Gujarat,Regular,2025-09-10
11635,Karan Verma,Male,52,Howrah,West Bengal,Regular,2023-05-28
11636,Diya Yadav,Male,32,Saket,Delhi,New,2024-04-26
11637,Arjun Singh,Female,39,Kanpur,Uttar Pradesh,Regular,2023-08-17
11638,Aman Bansal,Male,27,Patiala,Punjab,New,2025-11-16
11639,Aman Kapoor,Female,43,Durgapur,West Bengal,Regular,2024-05-01
11640,Sneha Kapoor,Female,27,Kolkata,West Bengal,Regular,2024-05-21
11641,Diya Saini,Male,30,Jodhpur,Rajasthan,New,2025-07-07
11642,Aditi Saini,Female,39,Vadodara,Gujarat,Regular,2025-05-30
11643,Aditya Gupta,Male,24,Kota,Rajasthan,Premium,2024-10-15
11644,Arjun Arora,Female,38,Mumbai,Maharashtra,Premium,2025-03-03
11645,Sneha Singh,Male,45,Ambala,Haryana,Premium,2024-08-25
11646,Sneha Yadav,Female,36,Gandhinagar,Gujarat,Regular,2023-02-10
11647,Meera Yadav,Female,43,Mohali,Punjab,Regular,2024-08-16
11648,Meera Singh,Male,21,Ahmedabad,Gujarat,Premium,2023-05-15
11649,Kavya Kumar,Female,38,Surat,Gujarat,New,2025-09-19
11650,Diya Mishra,Female,29,Mumbai,Maharashtra,Regular,2025-10-17
11651,Rohan Chopra,Female,38,Faridabad,Haryana,Regular,2023-01-04
11652,Aditi Arora,Female,50,Kanpur,Uttar Pradesh,Regular,2025-03-03
11653,Vikas Arora,Male,18,Rohini,Delhi,Regular,2023-01-22
11654,Aman Singh,Female,28,Agra,Uttar Pradesh,New,2025-09-12
11655,Isha Agarwal,Male,18,Faridabad,Haryana,Regular,2023-01-20
11656,Meera Bansal,Other,22,Durgapur,West Bengal,Regular,2025-04-10
11657,Meera Chopra,Male,29,Pune,Maharashtra,VIP,2024-01-29
11658,Aditya Kapoor,Male,43,Lucknow,Uttar Pradesh,VIP,2023-09-05
11659,Sneha Mishra,Male,42,Lucknow,Uttar Pradesh,Regular,2023-06-10
11660,Arjun Singh,Male,42,Agra,Uttar Pradesh,Premium,2024-07-27
11661,Karan Arora,Female,40,Nagpur,Maharashtra,Premium,2023-01-28
11662,Kavya Saini,Male,21,Jodhpur,Rajasthan,Regular,2024-01-08
11663,Vikas Agarwal,Female,42,Durgapur,West Bengal,Regular,2025-07-30
11664,Vikas Agarwal,Male,27,Jaipur,Rajasthan,Regular,2024-11-01
11665,Sneha Kapoor,Female,38,Kolkata,West Bengal,Premium,2024-04-04
11666,Rahul Kumar,Female,25,Gandhinagar,Gujarat,New,2023-03-12
11667,Neha Yadav,Male,32,New Delhi,Delhi,Premium,2024-06-25
11668,Sneha Verma,Male,33,Siliguri,West Bengal,Regular,2025-07-31
11669,Diya Chopra,Male,37,Amritsar,Punjab,New,2023-08-01
11670,Diya Arora,Male,26,Surat,Gujarat,Premium,2024-01-16
11671,Karan Arora,Male,41,Lucknow,Uttar Pradesh,Premium,2024-04-22
11672,Kavya Sharma,Male,21,Asansol,West Bengal,Premium,2025-02-11
11673,Isha Mehta,Male,51,Siliguri,West Bengal,Premium,2025-01-05
11674,Meera Verma,Female,26,Rajkot,Gujarat,Premium,2023-02-26
11675,Diya Bansal,Male,18,Rajkot,Gujarat,Regular,2024-07-09
11676,Rohan Kumar,Female,33,Agra,Uttar Pradesh,New,2023-10-24
11677,Isha Chopra,Other,30,Karnal,Haryana,Regular,2025-09-14
11678,Vikas Mehta,Male,25,Kanpur,Uttar Pradesh,Regular,2025-11-26
11679,Aditya Bansal,Male,47,Mohali,Punjab,Regular,2025-09-04
11680,Arjun Yadav,Male,42,Nashik,Maharashtra,Regular,2025-03-06
11681,Isha Verma,Male,39,Agra,Uttar Pradesh,Regular,2025-07-23
11682,Kavya Singh,Female,24,Siliguri,West Bengal,Regular,2023-11-28
11683,Isha Gupta,Male,29,Nashik,Maharashtra,Premium,2025-07-13
11684,Vikas Arora,Male,28,Surat,Gujarat,New,2024-06-05
11685,Meera Chopra,Male,18,Amritsar,Punjab,New,2024-01-02
11686,Ananya Verma,Female,37,Vadodara,Gujarat,Regular,2024-08-27
11687,Arjun Arora,Female,37,Kolkata,West Bengal,New,2025-10-25
11688,Aarav Sharma,Female,35,Udaipur,Rajasthan,VIP,2025-08-06
11689,Sneha Singh,Female,36,Pune,Maharashtra,Premium,2024-08-09
11690,Ananya Verma,Male,23,Vadodara,Gujarat,Regular,2023-08-11
11691,Meera Sharma,Male,25,Amritsar,Punjab,New,2025-08-13
11692,Vivaan Singh,Male,31,Ajmer,Rajasthan,Regular,2023-03-06
11693,Aditya Verma,Female,48,Noida,Uttar Pradesh,Premium,2024-07-17
11694,Kavya Bansal,Female,46,Mohali,Punjab,VIP,2025-09-25
11695,Aman Kumar,Male,39,Agra,Uttar Pradesh,Regular,2025-04-10
11696,Kavya Yadav,Male,54,Karnal,Haryana,Premium,2023-05-05
11697,Rohan Agarwal,Male,39,Faridabad,Haryana,Regular,2025-03-28
11698,Aman Mehta,Female,40,Amritsar,Punjab,Regular,2025-08-20
11699,Vikas Verma,Female,49,Durgapur,West Bengal,Regular,2025-12-02
11700,Neha Mishra,Male,41,Thane,Maharashtra,Regular,2023-09-28
11701,Vikas Saini,Male,50,Howrah,West Bengal,Regular,2023-08-15
11702,Rohan Sharma,Male,34,Lucknow,Uttar Pradesh,Regular,2023-01-27
11703,Meera Chopra,Female,28,Varanasi,Uttar Pradesh,Premium,2023-11-09
11704,Rohan Sharma,Female,33,Ajmer,Rajasthan,VIP,2023-11-13
11705,Arjun Sharma,Male,36,Agra,Uttar Pradesh,Regular,2023-03-24
11706,Karan Sharma,Male,25,Amritsar,Punjab,Regular,2025-11-21
11707,Arjun Verma,Male,27,Nagpur,Maharashtra,New,2023-06-04
11708,Isha Agarwal,Female,30,Saket,Delhi,Regular,2025-05-23
11709,Aditi Saini,Female,23,Thane,Maharashtra,Regular,2025-03-11
11710,Aditya Kapoor,Female,28,Thane,Maharashtra,Regular,2025-12-22
11711,Aman Saini,Female,41,Ludhiana,Punjab,Regular,2023-09-23
11712,Aman Arora,Male,42,Panipat,Haryana,Premium,2024-03-01
11713,Rohan Kapoor,Female,20,Ahmedabad,Gujarat,New,2024-01-10
11714,Vivaan Yadav,Male,37,Jodhpur,Rajasthan,Premium,2024-12-18
11715,Riya Singh,Male,33,Faridabad,Haryana,Premium,2024-05-20
11716,Meera Yadav,Female,45,Asansol,West Bengal,New,2024-08-05
11717,Sneha Yadav,Female,31,Panipat,Haryana,Regular,2023-08-29
11718,Meera Mehta,Female,22,Thane,Maharashtra,Regular,2023-05-08
11719,Diya Verma,Female,29,Kolkata,West Bengal,Premium,2023-03-10
11720,Sneha Saini,Female,22,New Delhi,Delhi,Regular,2024-10-17
11721,Yash Mehta,Male,18,Patiala,Punjab,Premium,2025-03-18
11722,Rahul Mishra,Female,33,Amritsar,Punjab,Regular,2024-12-04
11723,Diya Mishra,Female,39,Lucknow,Uttar Pradesh,Regular,2025-07-31
11724,Aditi Bansal,Female,36,Faridabad,Haryana,Premium,2024-03-30
11725,Karan Yadav,Female,21,Mumbai,Maharashtra,VIP,2024-01-27
11726,Aman Bansal,Female,20,Karnal,Haryana,Premium,2025-10-02
11727,Diya Sharma,Female,36,Jaipur,Rajasthan,VIP,2025-03-10
11728,Vivaan Gupta,Male,51,Asansol,West Bengal,Regular,2024-01-01
11729,Aarav Verma,Female,47,Vadodara,Gujarat,New,2025-08-22
11730,Neha Kapoor,Female,31,Mumbai,Maharashtra,Regular,2023-04-23
11731,Isha Mehta,Male,36,Kanpur,Uttar Pradesh,New,2025-01-10
11732,Diya Bansal,Female,43,Nagpur,Maharashtra,Premium,2024-02-13
11733,Rohan Bansal,Male,33,Udaipur,Rajasthan,Regular,2024-12-29
11734,Isha Yadav,Male,21,Agra,Uttar Pradesh,Regular,2024-04-22
11735,Aman Agarwal,Female,18,Mohali,Punjab,Premium,2025-08-19
11736,Meera Agarwal,Female,36,Durgapur,West Bengal,Regular,2024-02-24
11737,Vivaan Yadav,Male,32,Varanasi,Uttar Pradesh,Regular,2024-06-26
11738,Kavya Saini,Female,18,Dwarka,Delhi,Premium,2024-02-05
11739,Kavya Yadav,Female,20,Noida,Uttar Pradesh,Premium,2025-09-04
11740,Ananya Agarwal,Female,31,Kanpur,Uttar Pradesh,Regular,2024-08-03
11741,Riya Bansal,Female,29,Rajkot,Gujarat,Premium,2024-01-19
11742,Rahul Agarwal,Female,48,Surat,Gujarat,Regular,2025-06-18
11743,Vikas Agarwal,Female,48,Gandhinagar,Gujarat,Regular,2023-04-20
11744,Arjun Verma,Female,26,Karnal,Haryana,New,2025-12-24
11745,Sneha Mishra,Male,49,Varanasi,Uttar Pradesh,Premium,2023-12-15
11746,Neha Singh,Male,50,Kota,Rajasthan,Regular,2024-01-09
11747,Vivaan Kumar,Male,37,Gurugram,Haryana,Premium,2024-03-14
11748,Karan Saini,Female,25,Saket,Delhi,Regular,2023-09-02
11749,Aarav Yadav,Male,35,Gandhinagar,Gujarat,Premium,2024-07-01
11750,Neha Agarwal,Male,18,Mohali,Punjab,New,2025-06-23
11751,Rohan Saini,Female,28,Kota,Rajasthan,Regular,2025-08-14
11752,Kavya Mehta,Female,37,Saket,Delhi,Premium,2024-01-15
11753,Aarav Sharma,Female,38,Faridabad,Haryana,Premium,2024-05-11
11754,Vikas Kapoor,Male,30,New Delhi,Delhi,Premium,2023-11-21
11755,Meera Chopra,Male,35,Asansol,West Bengal,Regular,2024-11-15
11756,Ananya Saini,Male,24,Surat,Gujarat,Regular,2023-02-22
11757,Kavya Arora,Male,48,Kolkata,West Bengal,New,2024-11-02
11758,Ananya Arora,Male,48,Jaipur,Rajasthan,Regular,2024-02-23
11759,Sneha Sharma,Male,41,Ludhiana,Punjab,Premium,2025-05-14
11760,Aman Kapoor,Male,31,Pune,Maharashtra,VIP,2023-03-29
11761,Neha Yadav,Female,26,Agra,Uttar Pradesh,Regular,2024-05-18
11762,Vivaan Verma,Male,42,Gandhinagar,Gujarat,Premium,2024-09-08
11763,Rahul Singh,Male,36,Gurugram,Haryana,Premium,2025-05-13
11764,Diya Singh,Female,24,Jodhpur,Rajasthan,VIP,2025-07-24
11765,Sneha Chopra,Female,45,Mohali,Punjab,Premium,2024-07-08
11766,Yash Kapoor,Female,30,Lucknow,Uttar Pradesh,Regular,2023-12-17
11767,Riya Chopra,Male,25,Vadodara,Gujarat,New,2025-06-21
11768,Aman Gupta,Female,43,Jaipur,Rajasthan,Regular,2023-01-30
11769,Kavya Yadav,Female,26,Kanpur,Uttar Pradesh,Regular,2025-08-05
11770,Diya Bansal,Female,35,Varanasi,Uttar Pradesh,Premium,2024-10-12
11771,Arjun Sharma,Male,47,Jaipur,Rajasthan,Regular,2024-03-25
11772,Meera Sharma,Male,46,Vadodara,Gujarat,Regular,2025-08-23
11773,Isha Agarwal,Female,37,Asansol,West Bengal,VIP,2024-10-07
11774,Aditya Yadav,Female,22,Siliguri,West Bengal,Premium,2023-11-17
11775,Yash Singh,Female,29,Gandhinagar,Gujarat,Premium,2023-02-11
11776,Vivaan Mehta,Female,58,Lucknow,Uttar Pradesh,New,2024-08-30
11777,Yash Singh,Other,43,Mumbai,Maharashtra,New,2025-08-07
11778,Isha Agarwal,Female,32,Varanasi,Uttar Pradesh,New,2024-02-10
11779,Aditya Verma,Female,21,Saket,Delhi,Premium,2023-06-26
11780,Yash Mehta,Male,18,Rajkot,Gujarat,Regular,2024-07-27
11781,Aman Bansal,Male,46,Faridabad,Haryana,New,2023-06-17
11782,Aditi Mishra,Female,46,Howrah,West Bengal,Premium,2025-12-10
11783,Aarav Saini,Female,34,Kota,Rajasthan,Regular,2025-06-07
11784,Rohan Bansal,Male,30,Pune,Maharashtra,Regular,2025-12-14
11785,Rahul Kapoor,Female,45,Thane,Maharashtra,Premium,2025-02-18
11786,Vivaan Gupta,Female,19,Kolkata,West Bengal,Regular,2024-09-10
11787,Neha Chopra,Male,54,Nashik,Maharashtra,VIP,2024-10-21
11788,Rohan Mishra,Female,41,Nashik,Maharashtra,Regular,2024-12-01
11789,Rohan Mehta,Female,21,Karnal,Haryana,Regular,2025-09-02
11790,Meera Singh,Female,42,Jaipur,Rajasthan,Regular,2023-05-24
11791,Sneha Arora,Female,27,Patiala,Punjab,Regular,2024-04-21
11792,Aditi Sharma,Male,21,Surat,Gujarat,Premium,2024-03-13
11793,Meera Chopra,Female,42,Jaipur,Rajasthan,VIP,2024-11-08
11794,Yash Verma,Female,23,Thane,Maharashtra,VIP,2024-03-15
11795,Ananya Gupta,Male,21,Ambala,Haryana,Regular,2024-07-29
11796,Meera Kumar,Male,39,Panipat,Haryana,Regular,2024-10-10
11797,Kavya Mehta,Female,33,Nagpur,Maharashtra,Regular,2023-04-14
11798,Karan Agarwal,Female,44,Panipat,Haryana,Regular,2023-02-04
11799,Rohan Kumar,Male,31,Faridabad,Haryana,New,2025-05-06
11800,Karan Verma,Male,30,Gurugram,Haryana,New,2023-05-18
11801,Neha Gupta,Male,18,Howrah,West Bengal,Regular,2023-03-23
11802,Vivaan Sharma,Male,39,Gandhinagar,Gujarat,Regular,2024-02-05
11803,Aarav Bansal,Female,34,Noida,Uttar Pradesh,Premium,2023-05-18
11804,Isha Singh,Female,46,Agra,Uttar Pradesh,Premium,2023-12-27
11805,Rohan Chopra,Male,42,Varanasi,Uttar Pradesh,Regular,2024-03-28
11806,Neha Yadav,Female,37,Surat,Gujarat,New,2023-03-25
11807,Aman Bansal,Female,27,Nashik,Maharashtra,Regular,2025-11-24
11808,Arjun Chopra,Male,30,Mohali,Punjab,Regular,2023-11-24
11809,Isha Mishra,Female,39,Ludhiana,Punjab,Regular,2025-10-08
11810,Aditi Arora,Female,33,Faridabad,Haryana,Premium,2023-10-23
11811,Arjun Kapoor,Male,48,Thane,Maharashtra,Premium,2025-03-02
11812,Aditya Saini,Male,47,Rajkot,Gujarat,Premium,2024-12-27
11813,Diya Bansal,Female,31,New Delhi,Delhi,Regular,2025-09-03
11814,Riya Mishra,Male,35,Faridabad,Haryana,Regular,2024-01-03
11815,Rohan Kumar,Male,26,Faridabad,Haryana,Regular,2025-03-29
11816,Kavya Saini,Female,33,Asansol,West Bengal,VIP,2023-10-21
11817,Yash Gupta,Female,43,Kanpur,Uttar Pradesh,Premium,2025-03-30
11818,Neha Saini,Female,29,Rajkot,Gujarat,New,2025-01-22
11819,Isha Bansal,Male,30,Nagpur,Maharashtra,Premium,2024-07-18
11820,Diya Bansal,Female,22,Lucknow,Uttar Pradesh,New,2024-01-26
11821,Aman Yadav,Female,28,Saket,Delhi,Regular,2023-11-06
11822,Isha Singh,Female,40,Jalandhar,Punjab,Premium,2024-07-25
11823,Isha Saini,Male,32,Pune,Maharashtra,Regular,2025-08-02
11824,Yash Arora,Male,22,Gandhinagar,Gujarat,Regular,2024-04-13
11825,Aman Gupta,Female,36,Nashik,Maharashtra,Regular,2024-04-07
11826,Karan Mishra,Female,33,Ajmer,Rajasthan,Regular,2025-09-16
11827,Rahul Mehta,Female,45,Panipat,Haryana,Premium,2025-02-19
11828,Kavya Agarwal,Male,33,Asansol,West Bengal,Premium,2024-11-19
11829,Meera Agarwal,Female,24,Gandhinagar,Gujarat,Premium,2023-05-20
11830,Vivaan Bansal,Female,44,Noida,Uttar Pradesh,Regular,2023-02-09
11831,Aditya Mehta,Female,24,Siliguri,West Bengal,Premium,2024-09-12
11832,Rohan Agarwal,Male,21,Thane,Maharashtra,New,2025-11-02
11833,Riya Verma,Female,24,Nagpur,Maharashtra,Regular,2023-03-22
11834,Aditi Bansal,Female,28,Surat,Gujarat,Regular,2024-10-02
11835,Kavya Kapoor,Female,18,Ahmedabad,Gujarat,Regular,2025-10-25
11836,Yash Yadav,Female,18,Nashik,Maharashtra,New,2025-07-25
11837,Meera Chopra,Male,42,Mohali,Punjab,New,2024-05-29
11838,Karan Arora,Female,32,Kanpur,Uttar Pradesh,Regular,2025-02-05
11839,Aditya Mehta,Male,32,Kolkata,West Bengal,Regular,2025-11-20
11840,Rohan Kapoor,Female,33,Dwarka,Delhi,New,2024-10-24
11841,Aarav Mehta,Male,40,Varanasi,Uttar Pradesh,Regular,2024-12-28
11842,Arjun Chopra,Male,26,Noida,Uttar Pradesh,Regular,2024-08-22
11843,Meera Saini,Female,40,Noida,Uttar Pradesh,Regular,2024-08-25
11844,Sneha Sharma,Male,35,Nagpur,Maharashtra,VIP,2024-01-21
11845,Arjun Chopra,Female,24,Howrah,West Bengal,Regular,2024-05-01
11846,Ananya Kapoor,Male,40,Saket,Delhi,VIP,2023-04-27
11847,Arjun Sharma,Female,35,Patiala,Punjab,New,2024-10-30
11848,Aarav Sharma,Female,24,Dwarka,Delhi,New,2024-03-27
11849,Aman Kumar,Male,24,Kolkata,West Bengal,Premium,2023-02-10
11850,Rahul Bansal,Female,39,Pune,Maharashtra,Premium,2025-04-23
11851,Vikas Verma,Male,44,Noida,Uttar Pradesh,Regular,2025-11-19
11852,Yash Singh,Male,37,Vadodara,Gujarat,Regular,2025-10-27
11853,Diya Chopra,Male,43,Vadodara,Gujarat,Premium,2023-07-19
11854,Ananya Kumar,Female,46,Surat,Gujarat,VIP,2025-01-24
11855,Diya Saini,Male,32,Siliguri,West Bengal,VIP,2023-12-16
11856,Arjun Mishra,Male,36,Rohini,Delhi,Regular,2025-03-14
11857,Aarav Verma,Female,41,Gandhinagar,Gujarat,Premium,2024-07-07
11858,Arjun Singh,Male,23,Kota,Rajasthan,Premium,2024-08-11
11859,Vikas Bansal,Male,44,Rajkot,Gujarat,Premium,2025-05-27
11860,Karan Singh,Male,48,Vadodara,Gujarat,VIP,2025-02-17
11861,Arjun Yadav,Male,27,Rajkot,Gujarat,Premium,2025-10-11
11862,Ananya Yadav,Male,63,Thane,Maharashtra,Premium,2024-10-17
11863,Yash Agarwal,Male,42,Mohali,Punjab,Regular,2023-07-31
11864,Arjun Mishra,Male,32,Jaipur,Rajasthan,Regular,2023-05-08
11865,Karan Agarwal,Male,18,Siliguri,West Bengal,Premium,2023-10-27
11866,Isha Bansal,Male,33,Howrah,West Bengal,Regular,2025-05-13
11867,Aditya Kapoor,Female,38,Ambala,Haryana,New,2023-03-04
11868,Rahul Sharma,Female,37,Amritsar,Punjab,Regular,2023-03-22
11869,Ananya Verma,Male,21,Amritsar,Punjab,VIP,2024-10-03
11870,Rohan Arora,Female,27,Mumbai,Maharashtra,Premium,2025-08-02
11871,Sneha Mishra,Female,41,Surat,Gujarat,Regular,2025-02-06
11872,Isha Kapoor,Female,40,Dwarka,Delhi,New,2024-06-05
11873,Riya Gupta,Male,43,Jodhpur,Rajasthan,Premium,2023-04-04
11874,Karan Bansal,Female,35,Ahmedabad,Gujarat,Regular,2024-06-06
11875,Aditya Agarwal,Male,34,Ahmedabad,Gujarat,New,2025-03-30
11876,Isha Mishra,Female,39,Kota,Rajasthan,VIP,2024-04-22
11877,Isha Mehta,Male,35,Pune,Maharashtra,Regular,2023-10-30
11878,Rahul Kumar,Male,19,Kota,Rajasthan,Premium,2025-05-14
11879,Vikas Arora,Male,49,Varanasi,Uttar Pradesh,Premium,2023-02-23
11880,Rahul Gupta,Female,43,Pune,Maharashtra,Regular,2024-07-03
11881,Rahul Kapoor,Female,38,Thane,Maharashtra,Regular,2024-11-07
11882,Arjun Chopra,Male,20,Durgapur,West Bengal,Regular,2023-09-30
11883,Isha Singh,Male,42,Pune,Maharashtra,VIP,2023-04-12
11884,Kavya Chopra,Female,30,Rajkot,Gujarat,New,2025-03-15
11885,Rahul Kumar,Female,42,Patiala,Punjab,Premium,2025-08-10
11886,Aditya Mehta,Female,39,Udaipur,Rajasthan,Regular,2025-11-04
11887,Vivaan Mishra,Female,31,Faridabad,Haryana,Premium,2025-04-14
11888,Ananya Chopra,Male,45,Dwarka,Delhi,Premium,2025-11-22
11889,Isha Kapoor,Male,22,Mumbai,Maharashtra,New,2025-01-08
11890,Aman Yadav,Male,35,Howrah,West Bengal,Regular,2025-01-04
11891,Arjun Saini,Male,51,Panipat,Haryana,Regular,2023-12-31
11892,Meera Singh,Female,39,Lucknow,Uttar Pradesh,Regular,2025-10-02
11893,Karan Bansal,Male,43,Rajkot,Gujarat,Premium,2025-03-22
11894,Isha Kapoor,Male,35,New Delhi,Delhi,New,2025-09-11
11895,Neha Agarwal,Male,34,Nashik,Maharashtra,Regular,2024-03-08
11896,Rohan Mehta,Male,22,Surat,Gujarat,Premium,2023-05-30
11897,Isha Arora,Female,32,Mumbai,Maharashtra,VIP,2024-12-16
11898,Vikas Gupta,Male,41,Mohali,Punjab,Premium,2024-08-25
11899,Yash Mehta,Male,23,Kanpur,Uttar Pradesh,Premium,2024-11-12
11900,Sneha Mishra,Female,24,Rajkot,Gujarat,Regular,2025-11-18
11901,Aman Bansal,Male,38,Pune,Maharashtra,Regular,2023-11-05
11902,Aditi Mishra,Male,42,Karnal,Haryana,New,2024-12-09
11903,Aditi Gupta,Female,54,Ahmedabad,Gujarat,Regular,2023-02-27
11904,Isha Bansal,Male,31,Ambala,Haryana,Regular,2025-10-26
11905,Aarav Sharma,Female,32,Rajkot,Gujarat,Regular,2024-10-17
11906,Rohan Arora,Female,42,New Delhi,Delhi,New,2025-02-21
11907,Neha Singh,Male,40,Asansol,West Bengal,Regular,2023-01-31
11908,Aarav Singh,Male,31,Lucknow,Uttar Pradesh,Regular,2024-07-11
11909,Arjun Bansal,Female,34,Varanasi,Uttar Pradesh,VIP,2025-09-19
11910,Yash Mehta,Male,28,Patiala,Punjab,VIP,2025-05-05
11911,Aman Arora,Other,22,Varanasi,Uttar Pradesh,New,2023-06-02
11912,Riya Gupta,Male,33,Kolkata,West Bengal,New,2023-11-27
11913,Vivaan Mehta,Female,49,Kolkata,West Bengal,Premium,2024-06-21
11914,Rohan Arora,Female,27,Kanpur,Uttar Pradesh,New,2024-08-28
11915,Aarav Saini,Female,20,Varanasi,Uttar Pradesh,VIP,2023-03-05
11916,Diya Chopra,Male,24,Pune,Maharashtra,Regular,2024-03-25
11917,Aditya Kapoor,Male,39,Howrah,West Bengal,Regular,2025-10-18
11918,Meera Chopra,Male,38,Nagpur,Maharashtra,Premium,2025-10-09
11919,Sneha Yadav,Female,47,Varanasi,Uttar Pradesh,Regular,2024-11-12
11920,Meera Kumar,Male,45,Lucknow,Uttar Pradesh,New,2025-06-03
11921,Vikas Sharma,Female,37,Nagpur,Maharashtra,Premium,2025-10-03
11922,Aditi Yadav,Male,41,Karnal,Haryana,VIP,2023-04-21
11923,Rahul Mishra,Male,27,Nashik,Maharashtra,Premium,2023-09-18
11924,Yash Singh,Male,41,Varanasi,Uttar Pradesh,Premium,2023-06-21
11925,Vikas Chopra,Female,33,Surat,Gujarat,VIP,2024-02-26
11926,Riya Kapoor,Female,43,Karnal,Haryana,Regular,2025-11-02
11927,Neha Agarwal,Male,38,Nagpur,Maharashtra,Regular,2023-05-30
11928,Rohan Bansal,Female,29,Kota,Rajasthan,Regular,2025-04-28
11929,Isha Mishra,Male,23,Nagpur,Maharashtra,New,2023-07-16
11930,Kavya Saini,Female,29,Gurugram,Haryana,Premium,2024-06-19
11931,Diya Gupta,Female,36,Pune,Maharashtra,New,2023-10-14
11932,Vivaan Kapoor,Male,26,Mumbai,Maharashtra,New,2023-04-10
11933,Riya Kumar,Male,32,Thane,Maharashtra,Regular,2025-08-11
11934,Rahul Singh,Male,45,Pune,Maharashtra,New,2024-02-11
11935,Rohan Bansal,Male,46,Nashik,Maharashtra,New,2024-11-02
11936,Meera Saini,Female,39,Vadodara,Gujarat,New,2024-08-16
11937,Meera Bansal,Female,48,Saket,Delhi,Premium,2024-09-11
11938,Arjun Mehta,Female,21,Surat,Gujarat,Premium,2024-10-22
11939,Neha Gupta,Female,47,Udaipur,Rajasthan,Premium,2023-03-29
11940,Rohan Verma,Male,20,Ambala,Haryana,Premium,2024-05-26
11941,Meera Mehta,Male,34,Gurugram,Haryana,VIP,2024-03-14
11942,Riya Verma,Female,26,Lucknow,Uttar Pradesh,Regular,2023-03-16
11943,Karan Mishra,Female,41,Rajkot,Gujarat,Premium,2023-12-24
11944,Isha Sharma,Female,18,Thane,Maharashtra,Regular,2025-07-01
11945,Meera Singh,Female,18,Rajkot,Gujarat,New,2025-03-26
11946,Aditi Verma,Male,27,Jodhpur,Rajasthan,Premium,2025-01-10
11947,Meera Sharma,Male,27,Varanasi,Uttar Pradesh,Regular,2024-05-09
11948,Karan Saini,Female,28,Mohali,Punjab,New,2023-07-09
11949,Karan Sharma,Male,27,Varanasi,Uttar Pradesh,New,2023-06-02
11950,Arjun Agarwal,Female,41,Noida,Uttar Pradesh,Regular,2024-08-12
11951,Sneha Singh,Male,33,Ambala,Haryana,Premium,2025-12-24
11952,Vikas Mehta,Male,49,Saket,Delhi,Regular,2025-06-25
11953,Vivaan Kumar,Male,36,Nashik,Maharashtra,Premium,2024-03-11
11954,Arjun Chopra,Female,43,Vadodara,Gujarat,New,2023-10-21
11955,Aditya Chopra,Female,40,Siliguri,West Bengal,Regular,2023-02-21
11956,Riya Singh,Male,25,Siliguri,West Bengal,New,2023-03-25
11957,Aarav Mehta,Male,29,Mumbai,Maharashtra,Premium,2024-07-07
11958,Riya Chopra,Female,44,Varanasi,Uttar Pradesh,VIP,2023-05-28
11959,Neha Kumar,Male,18,Mumbai,Maharashtra,Regular,2024-11-03
11960,Yash Arora,Male,39,Vadodara,Gujarat,VIP,2023-02-02
11961,Kavya Sharma,Male,32,Jalandhar,Punjab,Premium,2024-04-27
11962,Aman Gupta,Male,27,Lucknow,Uttar Pradesh,New,2024-08-29
11963,Vikas Saini,Female,31,Vadodara,Gujarat,Regular,2025-10-25
11964,Kavya Kumar,Male,50,Varanasi,Uttar Pradesh,Premium,2025-12-14
11965,Vivaan Sharma,Male,18,Nashik,Maharashtra,Regular,2025-06-08
11966,Aman Agarwal,Male,22,Nagpur,Maharashtra,Regular,2024-02-04
11967,Vivaan Bansal,Male,18,Ludhiana,Punjab,Regular,2024-08-04
11968,Vivaan Verma,Other,30,Varanasi,Uttar Pradesh,Regular,2025-09-09
11969,Diya Kumar,Male,28,Kanpur,Uttar Pradesh,New,2025-03-29
11970,Karan Verma,Female,36,Gurugram,Haryana,Regular,2025-10-18
11971,Isha Singh,Male,29,Ambala,Haryana,Premium,2024-12-22
11972,Diya Bansal,Female,39,Vadodara,Gujarat,Premium,2025-04-18
11973,Vivaan Sharma,Female,26,Saket,Delhi,Regular,2024-04-26
11974,Arjun Singh,Male,55,Udaipur,Rajasthan,Regular,2024-08-22
11975,Aarav Singh,Female,40,Varanasi,Uttar Pradesh,New,2023-08-08
11976,Riya Gupta,Male,39,Kolkata,West Bengal,Premium,2023-03-29
11977,Isha Verma,Male,40,Rohini,Delhi,Regular,2024-07-15
11978,Isha Chopra,Male,24,Lucknow,Uttar Pradesh,Regular,2024-12-07
11979,Rahul Bansal,Male,32,Kolkata,West Bengal,Regular,2025-10-19
11980,Vikas Sharma,Male,32,Ahmedabad,Gujarat,New,2024-06-10
11981,Neha Yadav,Male,29,Patiala,Punjab,New,2025-10-06
11982,Neha Yadav,Male,31,Surat,Gujarat,Premium,2023-03-24
11983,Diya Singh,Female,42,Ajmer,Rajasthan,Regular,2025-12-03
11984,Yash Verma,Male,33,Udaipur,Rajasthan,Regular,2025-06-24
11985,Sneha Singh,Male,37,Amritsar,Punjab,Premium,2023-02-19
11986,Riya Sharma,Male,18,Karnal,Haryana,New,2025-04-02
11987,Kavya Mehta,Male,18,Rajkot,Gujarat,New,2023-10-01
11988,Yash Saini,Male,25,Kota,Rajasthan,Regular,2025-02-18
11989,Aditi Kumar,Male,50,Lucknow,Uttar Pradesh,Regular,2023-12-05
11990,Neha Kapoor,Female,54,Surat,Gujarat,Premium,2025-10-12
11991,Arjun Kumar,Male,44,Vadodara,Gujarat,Premium,2025-02-06
11992,Vivaan Gupta,Female,30,Ludhiana,Punjab,Regular,2025-09-09
11993,Rohan Chopra,Male,38,Thane,Maharashtra,Premium,2024-05-06
11994,Arjun Kumar,Male,47,Mohali,Punjab,Premium,2024-03-03
11995,Kavya Mishra,Male,53,Rajkot,Gujarat,Regular,2023-12-25
11996,Meera Yadav,Other,22,Mumbai,Maharashtra,Regular,2025-10-13
11997,Yash Arora,Female,36,Howrah,West Bengal,Premium,2025-08-12
11998,Meera Agarwal,Male,31,Ambala,Haryana,Premium,2023-08-09
11999,Aarav Singh,Male,40,Panipat,Haryana,Regular,2024-11-21
12000,Arjun Bansal,Male,35,New Delhi,Delhi,Regular,2025-06-29
12001,Kavya Agarwal,Male,24,New Delhi,Delhi,Regular,2023-08-25
12002,Diya Agarwal,Female,38,Rohini,Delhi,Regular,2025-05-07
12003,Arjun Kapoor,Female,27,Siliguri,West Bengal,New,2024-07-12
12004,Aditi Sharma,Male,34,Dwarka,Delhi,Regular,2024-03-02
12005,Sneha Yadav,Male,34,Saket,Delhi,New,2023-11-16
12006,Diya Mehta,Female,51,Ahmedabad,Gujarat,Regular,2023-09-02
12007,Isha Agarwal,Female,37,Agra,Uttar Pradesh,New,2025-02-08
12008,Rahul Mishra,Female,33,Surat,Gujarat,VIP,2023-08-28
12009,Meera Kapoor,Male,41,Gurugram,Haryana,Regular,2025-07-27
12010,Yash Chopra,Female,25,Jaipur,Rajasthan,Regular,2025-08-18
12011,Sneha Bansal,Male,35,Panipat,Haryana,New,2023-01-17
12012,Rahul Yadav,Male,40,Gurugram,Haryana,Regular,2025-11-23
12013,Aditya Saini,Female,40,Asansol,West Bengal,Premium,2025-12-30
12014,Sneha Gupta,Female,29,Amritsar,Punjab,New,2025-05-25
12015,Ananya Kumar,Male,38,Ajmer,Rajasthan,Regular,2025-02-04
12016,Isha Yadav,Female,41,Agra,Uttar Pradesh,New,2024-01-25
12017,Aman Kapoor,Female,25,Varanasi,Uttar Pradesh,Regular,2024-01-28
12018,Aditi Arora,Male,28,Siliguri,West Bengal,Premium,2024-07-13
12019,Aditi Mishra,Female,31,Ambala,Haryana,VIP,2024-09-04
12020,Ananya Singh,Female,57,Mumbai,Maharashtra,Regular,2025-03-31
12021,Neha Kumar,Female,27,Siliguri,West Bengal,Premium,2025-10-03
12022,Karan Singh,Male,37,Nagpur,Maharashtra,Premium,2024-12-04
12023,Sneha Yadav,Male,30,Asansol,West Bengal,Regular,2024-05-28
12024,Arjun Kapoor,Female,25,Karnal,Haryana,Premium,2023-08-21
12025,Ananya Singh,Male,41,Agra,Uttar Pradesh,Regular,2023-07-27
12026,Vivaan Singh,Male,20,Saket,Delhi,New,2025-01-27
12027,Rahul Sharma,Female,48,Gandhinagar,Gujarat,VIP,2023-04-22
12028,Riya Singh,Female,24,Howrah,West Bengal,New,2024-01-07
12029,Vikas Mishra,Male,27,Rohini,Delhi,Regular,2023-10-28
12030,Rohan Agarwal,Male,40,Pune,Maharashtra,Regular,2023-11-29
12031,Neha Gupta,Female,42,New Delhi,Delhi,Regular,2023-05-19
12032,Vivaan Bansal,Male,36,Thane,Maharashtra,Premium,2024-05-01
12033,Meera Agarwal,Male,29,Kota,Rajasthan,Regular,2025-12-12
12034,Meera Saini,Male,18,Siliguri,West Bengal,Regular,2024-07-14
12035,Aditi Gupta,Female,33,Nagpur,Maharashtra,New,2024-10-02
12036,Rohan Gupta,Male,25,Agra,Uttar Pradesh,New,2023-01-20
12037,Riya Kapoor,Female,58,Patiala,Punjab,Premium,2024-06-27
12038,Rohan Mehta,Female,35,Ludhiana,Punjab,Premium,2024-08-02
12039,Aditya Mehta,Male,21,Rohini,Delhi,Regular,2025-09-15
12040,Sneha Arora,Male,31,Rohini,Delhi,New,2024-05-03
12041,Vivaan Verma,Male,42,Gandhinagar,Gujarat,Regular,2025-09-27
12042,Karan Arora,Male,46,Mumbai,Maharashtra,Regular,2024-02-28
12043,Rohan Agarwal,Male,31,Ajmer,Rajasthan,Premium,2023-06-11
12044,Aditi Saini,Female,33,Ludhiana,Punjab,New,2023-06-19
12045,Aarav Chopra,Male,40,Vadodara,Gujarat,Regular,2023-08-14
12046,Yash Singh,Female,25,Mumbai,Maharashtra,Regular,2025-02-26
12047,Diya Chopra,Female,37,Karnal,Haryana,VIP,2024-02-12
12048,Aarav Saini,Male,37,Mumbai,Maharashtra,New,2023-06-02
12049,Neha Yadav,Male,39,Udaipur,Rajasthan,New,2025-10-16
12050,Vivaan Sharma,Female,34,Panipat,Haryana,VIP,2024-03-20
12051,Aarav Bansal,Female,18,Jodhpur,Rajasthan,Regular,2024-08-01
12052,Aarav Mehta,Other,36,Jaipur,Rajasthan,Premium,2023-07-28
12053,Diya Kapoor,Male,25,Jalandhar,Punjab,Premium,2024-03-18
12054,Arjun Kumar,Female,51,Siliguri,West Bengal,Regular,2023-05-17
12055,Arjun Chopra,Male,52,Ahmedabad,Gujarat,Regular,2024-12-10
12056,Riya Sharma,Male,23,Thane,Maharashtra,Regular,2024-03-04
12057,Karan Agarwal,Male,25,Udaipur,Rajasthan,Premium,2023-06-22
12058,Sneha Chopra,Male,18,Lucknow,Uttar Pradesh,Premium,2024-11-30
12059,Rahul Kapoor,Female,41,Pune,Maharashtra,Premium,2024-11-10
12060,Diya Arora,Male,28,Jaipur,Rajasthan,Regular,2023-03-06
12061,Kavya Bansal,Female,37,Faridabad,Haryana,Regular,2024-03-27
12062,Aditya Singh,Female,29,Ajmer,Rajasthan,Regular,2025-12-20
12063,Isha Chopra,Female,18,Gandhinagar,Gujarat,Premium,2023-10-12
12064,Sneha Mehta,Male,36,Jodhpur,Rajasthan,Premium,2024-12-15
12065,Vikas Gupta,Female,47,Karnal,Haryana,Regular,2023-05-04
12066,Aman Mehta,Male,34,Surat,Gujarat,Regular,2023-05-09
12067,Rohan Kumar,Female,24,Saket,Delhi,Premium,2025-11-02
12068,Rohan Bansal,Female,33,New Delhi,Delhi,Regular,2024-02-04
12069,Yash Bansal,Male,39,Ludhiana,Punjab,Regular,2023-09-12
12070,Sneha Mehta,Male,32,Agra,Uttar Pradesh,Regular,2025-07-03
12071,Vikas Agarwal,Female,23,Surat,Gujarat,Regular,2024-03-29
12072,Vivaan Kumar,Female,54,Jaipur,Rajasthan,Regular,2023-08-11
12073,Aditi Chopra,Male,19,Karol Bagh,Delhi,New,2025-04-20
12074,Sneha Verma,Male,57,Asansol,West Bengal,New,2025-02-06
12075,Aarav Mehta,Male,33,Howrah,West Bengal,Regular,2025-01-17
12076,Vivaan Yadav,Female,43,Siliguri,West Bengal,New,2025-03-05
12077,Arjun Mishra,Male,36,Saket,Delhi,Regular,2025-05-03
12078,Meera Kumar,Female,25,Noida,Uttar Pradesh,New,2024-10-29
12079,Aman Sharma,Female,47,Asansol,West Bengal,Regular,2023-10-02
12080,Ananya Kumar,Female,40,Vadodara,Gujarat,Regular,2025-10-12
12081,Riya Singh,Female,33,Faridabad,Haryana,VIP,2024-09-27
12082,Rahul Agarwal,Male,41,Gurugram,Haryana,Regular,2025-02-24
12083,Aman Kapoor,Male,33,Jodhpur,Rajasthan,New,2025-04-26
12084,Arjun Singh,Male,18,Asansol,West Bengal,Regular,2023-05-06
12085,Rohan Kumar,Male,18,Kota,Rajasthan,Premium,2024-11-10
12086,Ananya Gupta,Male,34,Jodhpur,Rajasthan,Regular,2024-02-19
12087,Rohan Kumar,Female,31,Ludhiana,Punjab,Regular,2024-01-26
12088,Vikas Kapoor,Female,33,Pune,Maharashtra,Premium,2023-05-07
12089,Vikas Mishra,Male,31,Surat,Gujarat,Regular,2024-01-02
12090,Rohan Yadav,Male,23,Varanasi,Uttar Pradesh,VIP,2023-10-28
12091,Neha Arora,Male,20,Rajkot,Gujarat,Premium,2023-03-11
12092,Yash Verma,Female,26,Howrah,West Bengal,Premium,2024-12-24
12093,Meera Agarwal,Female,42,Dwarka,Delhi,Regular,2023-11-18
12094,Aditi Yadav,Male,26,Jaipur,Rajasthan,Regular,2023-02-18
12095,Karan Gupta,Female,44,Lucknow,Uttar Pradesh,Premium,2023-11-30
12096,Aditi Mishra,Male,24,Surat,Gujarat,Regular,2023-05-22
12097,Karan Yadav,Male,46,Nashik,Maharashtra,Regular,2023-01-10
12098,Vikas Bansal,Male,29,Nagpur,Maharashtra,New,2024-10-07
12099,Karan Yadav,Female,31,Ahmedabad,Gujarat,Regular,2023-01-31
12100,Meera Mehta,Male,31,Agra,Uttar Pradesh,Regular,2023-06-18
12101,Aditi Kumar,Male,40,Siliguri,West Bengal,Regular,2024-05-21
12102,Aditya Kapoor,Male,37,Jodhpur,Rajasthan,Regular,2025-12-11
12103,Diya Bansal,Male,35,Ludhiana,Punjab,Regular,2025-02-15
12104,Karan Kumar,Female,33,Thane,Maharashtra,Premium,2025-10-21
12105,Rahul Saini,Male,28,Ahmedabad,Gujarat,Regular,2025-03-08
12106,Yash Kumar,Female,45,Noida,Uttar Pradesh,Regular,2024-05-16
12107,Riya Kumar,Male,35,Surat,Gujarat,Premium,2024-11-15
12108,Arjun Kumar,Male,40,Siliguri,West Bengal,Premium,2025-04-22
12109,Rahul Gupta,Male,36,Karol Bagh,Delhi,Regular,2024-09-19
12110,Arjun Bansal,Male,30,Asansol,West Bengal,VIP,2025-11-02
12111,Riya Yadav,Male,58,Mohali,Punjab,Regular,2023-09-23
12112,Vivaan Arora,Male,46,Saket,Delhi,Regular,2023-05-21
12113,Rohan Kapoor,Female,29,Patiala,Punjab,Premium,2023-09-13
12114,Aditi Arora,Female,55,Siliguri,West Bengal,New,2025-09-09
12115,Yash Chopra,Female,43,Pune,Maharashtra,Premium,2025-08-21
12116,Ananya Sharma,Male,23,Mohali,Punjab,Regular,2025-10-08
12117,Riya Arora,Male,43,Agra,Uttar Pradesh,Premium,2023-02-08
12118,Kavya Yadav,Male,38,Nagpur,Maharashtra,Regular,2023-06-02
12119,Karan Chopra,Female,36,Faridabad,Haryana,New,2023-12-11
12120,Rohan Arora,Female,44,Siliguri,West Bengal,Premium,2024-08-19
12121,Rahul Kapoor,Female,37,Rajkot,Gujarat,Premium,2023-01-24
12122,Yash Mehta,Male,18,Udaipur,Rajasthan,VIP,2025-02-12
12123,Meera Kapoor,Male,20,Asansol,West Bengal,Regular,2023-04-17
12124,Riya Kapoor,Male,25,Varanasi,Uttar Pradesh,Regular,2025-05-21
12125,Vivaan Mishra,Male,54,Asansol,West Bengal,Premium,2023-09-02
12126,Vikas Yadav,Male,41,Nagpur,Maharashtra,Regular,2023-12-21
12127,Ananya Mehta,Male,39,Nagpur,Maharashtra,Regular,2024-08-18
12128,Isha Kapoor,Male,35,Amritsar,Punjab,New,2024-08-22
12129,Meera Arora,Male,25,Kolkata,West Bengal,VIP,2025-02-13
12130,Aditi Chopra,Male,19,Kanpur,Uttar Pradesh,Regular,2023-06-20
12131,Isha Singh,Female,44,Amritsar,Punjab,Premium,2025-06-01
12132,Aman Bansal,Male,51,Faridabad,Haryana,Regular,2025-02-16
12133,Meera Mishra,Male,41,Thane,Maharashtra,Regular,2025-01-03
12134,Aditi Arora,Female,29,Ajmer,Rajasthan,Premium,2024-12-31
12135,Ananya Bansal,Female,30,Thane,Maharashtra,Regular,2025-11-12
12136,Rohan Kumar,Male,41,Siliguri,West Bengal,Regular,2023-04-07
12137,Meera Arora,Female,33,Ambala,Haryana,Regular,2023-02-05
12138,Vikas Kumar,Male,32,Vadodara,Gujarat,Regular,2024-07-14
12139,Meera Singh,Male,29,Patiala,Punjab,Premium,2024-11-12
12140,Karan Chopra,Male,27,Gandhinagar,Gujarat,Regular,2024-02-23
12141,Vikas Bansal,Male,33,Surat,Gujarat,Regular,2023-07-13
12142,Isha Sharma,Female,18,Kota,Rajasthan,New,2024-03-22
12143,Yash Mishra,Male,40,Thane,Maharashtra,Premium,2025-07-27
12144,Yash Mehta,Male,18,Noida,Uttar Pradesh,Premium,2024-04-15
12145,Aman Kumar,Female,45,Ajmer,Rajasthan,Premium,2025-10-24
12146,Rahul Saini,Male,29,Vadodara,Gujarat,New,2023-06-26
12147,Yash Bansal,Female,33,Kota,Rajasthan,Regular,2025-07-27
12148,Aman Saini,Male,40,Kanpur,Uttar Pradesh,New,2024-05-13
12149,Aditya Mishra,Male,31,Jaipur,Rajasthan,Regular,2024-02-04
12150,Vikas Sharma,Male,27,Ahmedabad,Gujarat,Regular,2023-04-11
12151,Rahul Yadav,Female,37,Kanpur,Uttar Pradesh,Premium,2024-01-21
12152,Meera Kumar,Female,56,Patiala,Punjab,VIP,2025-10-15
12153,Isha Verma,Male,42,Mumbai,Maharashtra,Regular,2023-01-31
12154,Neha Arora,Male,26,Ahmedabad,Gujarat,Regular,2025-11-23
12155,Rohan Agarwal,Female,30,Ambala,Haryana,Regular,2023-11-28
12156,Ananya Gupta,Female,29,Dwarka,Delhi,New,2023-03-25
12157,Aditi Saini,Female,24,Ludhiana,Punjab,Premium,2023-12-26
12158,Diya Gupta,Male,40,Agra,Uttar Pradesh,Premium,2025-05-05
12159,Vivaan Singh,Female,31,Agra,Uttar Pradesh,Regular,2023-09-15
12160,Neha Singh,Male,37,Gandhinagar,Gujarat,Premium,2024-03-28
12161,Sneha Arora,Female,18,Nashik,Maharashtra,VIP,2024-09-07
12162,Vivaan Chopra,Male,41,Thane,Maharashtra,Regular,2024-12-04
12163,Kavya Chopra,Female,28,Noida,Uttar Pradesh,Regular,2024-12-28
12164,Rohan Saini,Male,24,Ahmedabad,Gujarat,VIP,2025-05-05
12165,Yash Chopra,Female,21,Jaipur,Rajasthan,Premium,2024-02-28
12166,Rohan Agarwal,Female,25,Kolkata,West Bengal,Premium,2023-08-31
12167,Yash Singh,Female,30,Pune,Maharashtra,Regular,2024-07-10
12168,Rohan Bansal,Female,43,Amritsar,Punjab,Regular,2023-02-13
12169,Arjun Kumar,Female,30,Mumbai,Maharashtra,Regular,2023-07-01
12170,Arjun Singh,Female,44,Agra,Uttar Pradesh,Regular,2025-03-14
12171,Rahul Mehta,Male,37,Thane,Maharashtra,Premium,2025-05-05
12172,Aditi Verma,Male,52,Gurugram,Haryana,Regular,2024-12-27
12173,Rahul Agarwal,Female,29,Mohali,Punjab,VIP,2023-06-16
12174,Kavya Yadav,Female,38,Vadodara,Gujarat,Regular,2023-10-03
12175,Aman Saini,Male,46,Rohini,Delhi,New,2025-02-13
12176,Isha Verma,Female,40,Ahmedabad,Gujarat,New,2023-05-22
12177,Ananya Kumar,Male,32,Rohini,Delhi,Regular,2024-01-25
12178,Karan Gupta,Male,29,Mumbai,Maharashtra,Regular,2024-04-18
12179,Aarav Gupta,Female,18,Pune,Maharashtra,Regular,2025-11-12
12180,Aditya Mehta,Female,32,Kota,Rajasthan,Regular,2024-06-10
12181,Arjun Kapoor,Female,25,Kanpur,Uttar Pradesh,Premium,2023-03-29
12182,Riya Saini,Female,29,Saket,Delhi,New,2025-11-05
12183,Neha Yadav,Male,35,Karnal,Haryana,New,2025-09-09
12184,Arjun Arora,Male,18,Kanpur,Uttar Pradesh,Regular,2025-06-02
12185,Ananya Mehta,Female,24,Thane,Maharashtra,Premium,2024-11-17
12186,Kavya Chopra,Female,38,Siliguri,West Bengal,Premium,2023-05-24
12187,Neha Gupta,Male,21,Siliguri,West Bengal,Premium,2023-02-18
12188,Aditi Sharma,Female,34,Vadodara,Gujarat,VIP,2025-09-06
12189,Vivaan Agarwal,Female,20,Surat,Gujarat,Regular,2025-07-25
12190,Kavya Mishra,Female,39,Thane,Maharashtra,Regular,2023-02-09
12191,Yash Arora,Female,41,Saket,Delhi,Premium,2024-03-17
12192,Diya Saini,Male,46,Asansol,West Bengal,Premium,2024-11-03
12193,Riya Bansal,Male,46,Pune,Maharashtra,Premium,2023-08-31
12194,Rahul Kumar,Female,37,Nashik,Maharashtra,Regular,2025-04-12
12195,Meera Kapoor,Female,18,Mohali,Punjab,New,2024-07-05
12196,Diya Sharma,Male,34,Noida,Uttar Pradesh,Regular,2023-12-22
12197,Ananya Singh,Female,39,Jaipur,Rajasthan,New,2025-11-30
12198,Kavya Verma,Female,35,Howrah,West Bengal,New,2025-07-19
12199,Vivaan Arora,Male,51,Nashik,Maharashtra,Premium,2023-04-08
12200,Aditi Arora,Female,47,Agra,Uttar Pradesh,New,2025-02-23
12201,Yash Mehta,Male,34,Kolkata,West Bengal,Regular,2023-06-18
12202,Aarav Chopra,Male,41,Mohali,Punjab,VIP,2023-05-04
12203,Riya Kumar,Female,19,Agra,Uttar Pradesh,Regular,2023-11-08
12204,Riya Bansal,Male,36,Karnal,Haryana,New,2023-05-22
12205,Vivaan Agarwal,Male,21,Rajkot,Gujarat,Premium,2023-11-19
12206,Arjun Verma,Female,32,Howrah,West Bengal,Premium,2024-12-19
12207,Yash Verma,Female,27,Saket,Delhi,Regular,2024-07-10
12208,Vivaan Verma,Male,27,Ahmedabad,Gujarat,Premium,2025-08-14
12209,Aditi Bansal,Male,26,Varanasi,Uttar Pradesh,Regular,2024-07-05
12210,Vikas Verma,Male,30,Kolkata,West Bengal,Premium,2025-12-20
12211,Vivaan Kumar,Female,28,Ahmedabad,Gujarat,New,2025-06-07
12212,Diya Mishra,Male,40,Rajkot,Gujarat,Regular,2024-01-01
12213,Meera Agarwal,Male,31,Gurugram,Haryana,Regular,2025-06-15
12214,Vivaan Arora,Male,34,Durgapur,West Bengal,Premium,2023-01-22
12215,Vikas Mishra,Male,37,Nagpur,Maharashtra,Premium,2025-03-03
12216,Arjun Agarwal,Male,37,Noida,Uttar Pradesh,Premium,2023-04-10
12217,Yash Singh,Male,23,Rajkot,Gujarat,Regular,2023-08-16
12218,Kavya Verma,Female,31,Rohini,Delhi,Premium,2024-01-24
12219,Meera Saini,Female,36,Siliguri,West Bengal,New,2023-06-27
12220,Vikas Yadav,Male,25,Amritsar,Punjab,Regular,2023-09-29
12221,Aditya Mishra,Female,24,Pune,Maharashtra,Regular,2025-05-16
12222,Vivaan Mishra,Female,22,Ajmer,Rajasthan,New,2025-03-30
12223,Vikas Arora,Male,36,Faridabad,Haryana,New,2024-10-11
12224,Yash Saini,Male,31,New Delhi,Delhi,Premium,2023-10-17
12225,Aditya Kapoor,Male,32,Karnal,Haryana,Regular,2025-05-15
12226,Sneha Bansal,Female,18,Kota,Rajasthan,Regular,2024-08-17
12227,Ananya Kapoor,Female,35,Varanasi,Uttar Pradesh,Regular,2024-01-14
12228,Diya Gupta,Female,35,Nashik,Maharashtra,Regular,2025-09-21
12229,Neha Mishra,Female,37,Varanasi,Uttar Pradesh,Regular,2025-04-27
12230,Ananya Sharma,Female,48,Kanpur,Uttar Pradesh,Regular,2023-03-30
12231,Karan Kumar,Female,26,Vadodara,Gujarat,New,2024-12-10
12232,Vivaan Mishra,Female,39,Ambala,Haryana,Premium,2025-03-23
12233,Isha Gupta,Male,37,Howrah,West Bengal,VIP,2023-01-13
12234,Yash Gupta,Male,39,Vadodara,Gujarat,Regular,2024-12-04
12235,Aarav Kapoor,Female,31,Nashik,Maharashtra,Regular,2025-01-15
12236,Vikas Kapoor,Female,42,Nagpur,Maharashtra,Regular,2025-03-07
12237,Sneha Arora,Male,27,Howrah,West Bengal,New,2023-08-01
12238,Meera Mishra,Female,29,Patiala,Punjab,Regular,2025-03-06
12239,Arjun Verma,Female,32,Panipat,Haryana,New,2023-11-24
12240,Sneha Agarwal,Female,32,Karol Bagh,Delhi,Premium,2025-10-11
12241,Yash Gupta,Male,38,Ahmedabad,Gujarat,Regular,2024-11-05
12242,Arjun Kapoor,Female,37,Ambala,Haryana,Regular,2025-07-13
12243,Neha Agarwal,Male,37,Nashik,Maharashtra,New,2024-12-18
12244,Riya Arora,Male,47,Howrah,West Bengal,Regular,2025-06-06
12245,Aman Arora,Female,32,Gandhinagar,Gujarat,New,2023-02-05
12246,Diya Kumar,Female,45,Kota,Rajasthan,VIP,2023-11-08
12247,Yash Arora,Male,23,Gurugram,Haryana,Regular,2023-07-08
12248,Aditi Bansal,Female,33,Rajkot,Gujarat,New,2024-05-29
12249,Isha Agarwal,Male,33,Thane,Maharashtra,Regular,2024-08-24
12250,Sneha Kumar,Female,21,Mohali,Punjab,New,2024-06-06
12251,Yash Bansal,Female,34,Ambala,Haryana,Regular,2025-04-25
12252,Meera Gupta,Male,35,Siliguri,West Bengal,New,2024-11-04
12253,Rahul Yadav,Male,40,Pune,Maharashtra,Regular,2023-09-20
12254,Vivaan Verma,Female,39,Surat,Gujarat,Regular,2023-01-07
12255,Neha Mishra,Male,21,Siliguri,West Bengal,Premium,2025-09-20
12256,Ananya Verma,Male,46,Pune,Maharashtra,Regular,2025-07-24
12257,Sneha Singh,Male,29,Udaipur,Rajasthan,Premium,2023-10-06
12258,Rahul Verma,Male,28,Lucknow,Uttar Pradesh,VIP,2025-12-14
12259,Sneha Kapoor,Female,39,Varanasi,Uttar Pradesh,VIP,2025-02-03
12260,Yash Arora,Male,43,Noida,Uttar Pradesh,Regular,2025-04-27
12261,Yash Kapoor,Female,29,Surat,Gujarat,Premium,2023-10-26
12262,Kavya Sharma,Male,34,Thane,Maharashtra,Regular,2024-06-08
12263,Isha Saini,Female,43,Kolkata,West Bengal,Regular,2024-03-17
12264,Neha Sharma,Female,25,Lucknow,Uttar Pradesh,Premium,2024-01-23
12265,Meera Chopra,Male,18,Mumbai,Maharashtra,New,2025-11-27
12266,Arjun Agarwal,Other,39,Mumbai,Maharashtra,Regular,2024-11-02
12267,Arjun Mehta,Male,43,Nagpur,Maharashtra,Regular,2024-07-16
12268,Ananya Kumar,Female,18,Nashik,Maharashtra,New,2025-11-02
12269,Vikas Bansal,Other,34,Rohini,Delhi,Premium,2024-05-10
12270,Meera Chopra,Female,29,Jaipur,Rajasthan,Regular,2024-11-16
12271,Yash Gupta,Female,35,Mohali,Punjab,Premium,2023-04-20
12272,Vivaan Bansal,Male,18,Lucknow,Uttar Pradesh,VIP,2024-04-29
12273,Isha Mehta,Male,21,Kota,Rajasthan,Premium,2024-05-09
12274,Arjun Yadav,Male,38,Pune,Maharashtra,Premium,2025-02-04
12275,Sneha Yadav,Other,33,Asansol,West Bengal,New,2025-06-16
12276,Ananya Verma,Female,49,Nashik,Maharashtra,Regular,2025-01-16
12277,Aditya Kumar,Male,40,Vadodara,Gujarat,Regular,2025-05-09
12278,Rahul Saini,Male,24,Jaipur,Rajasthan,Premium,2024-12-26
12279,Diya Mishra,Male,41,Thane,Maharashtra,New,2023-03-10
12280,Ananya Gupta,Male,51,Karnal,Haryana,Premium,2023-02-16
12281,Isha Singh,Male,33,New Delhi,Delhi,New,2025-02-25
12282,Sneha Yadav,Female,38,Lucknow,Uttar Pradesh,New,2024-11-23
12283,Vivaan Agarwal,Female,42,Ajmer,Rajasthan,Regular,2025-05-15
12284,Vikas Mehta,Female,32,Karnal,Haryana,Regular,2024-05-06
12285,Kavya Mishra,Female,18,Jalandhar,Punjab,VIP,2025-06-13
12286,Aarav Mishra,Female,40,Saket,Delhi,Premium,2025-08-12
12287,Rohan Mehta,Female,42,Asansol,West Bengal,Regular,2023-10-23
12288,Ananya Saini,Male,49,Lucknow,Uttar Pradesh,Regular,2025-12-25
12289,Isha Verma,Male,23,Ajmer,Rajasthan,New,2025-12-17
12290,Kavya Chopra,Male,23,Dwarka,Delhi,Regular,2025-03-27
12291,Rohan Agarwal,Female,27,Nashik,Maharashtra,Regular,2025-08-01
12292,Kavya Kumar,Female,32,Rohini,Delhi,Premium,2025-10-25
12293,Yash Arora,Female,39,New Delhi,Delhi,New,2024-11-26
12294,Diya Gupta,Female,23,Ajmer,Rajasthan,Regular,2023-10-06
12295,Riya Sharma,Male,43,Panipat,Haryana,Premium,2023-10-29
12296,Riya Gupta,Female,43,Faridabad,Haryana,Premium,2023-04-08
12297,Aditi Mishra,Female,43,New Delhi,Delhi,Regular,2023-05-10
12298,Yash Yadav,Female,31,Faridabad,Haryana,Regular,2025-07-31
12299,Isha Gupta,Female,18,Jalandhar,Punjab,VIP,2025-12-11
12300,Sneha Arora,Female,50,Noida,Uttar Pradesh,Premium,2023-09-09
12301,Kavya Bansal,Male,28,Ahmedabad,Gujarat,Premium,2025-09-28
12302,Aditya Kapoor,Male,41,Mumbai,Maharashtra,Regular,2024-07-06
12303,Neha Agarwal,Female,35,Udaipur,Rajasthan,Regular,2025-08-20
12304,Meera Arora,Female,45,Noida,Uttar Pradesh,New,2023-09-07
12305,Aditi Singh,Male,33,Howrah,West Bengal,New,2024-07-14
12306,Ananya Mishra,Female,35,Lucknow,Uttar Pradesh,Regular,2023-09-13
12307,Ananya Yadav,Female,36,Karnal,Haryana,Regular,2025-04-28
12308,Arjun Mishra,Male,38,Nashik,Maharashtra,VIP,2024-04-26
12309,Sneha Kumar,Male,22,Patiala,Punjab,Regular,2025-11-06
12310,Arjun Sharma,Male,53,Varanasi,Uttar Pradesh,Premium,2025-11-28
12311,Sneha Kapoor,Male,33,Kota,Rajasthan,Premium,2025-05-20
12312,Aman Saini,Male,40,Durgapur,West Bengal,Regular,2025-12-29
12313,Vivaan Chopra,Male,49,Jaipur,Rajasthan,New,2023-08-22
12314,Aditya Kumar,Male,34,Mumbai,Maharashtra,Regular,2023-09-19
12315,Vikas Chopra,Female,24,Kolkata,West Bengal,Premium,2024-08-09
12316,Vikas Agarwal,Female,24,Patiala,Punjab,Premium,2023-06-16
12317,Neha Bansal,Female,30,Saket,Delhi,Regular,2025-01-12
12318,Yash Agarwal,Female,37,Noida,Uttar Pradesh,Premium,2024-11-30
12319,Arjun Gupta,Female,38,Lucknow,Uttar Pradesh,Regular,2024-06-02
12320,Sneha Agarwal,Female,45,Lucknow,Uttar Pradesh,Regular,2024-10-04
12321,Meera Kumar,Female,19,Durgapur,West Bengal,Regular,2024-11-22
12322,Riya Kumar,Male,36,Thane,Maharashtra,Premium,2024-09-27
12323,Yash Kapoor,Female,40,Nagpur,Maharashtra,Regular,2023-11-19
12324,Isha Mishra,Female,40,Noida,Uttar Pradesh,Regular,2024-03-04
12325,Vikas Yadav,Male,18,Ahmedabad,Gujarat,Regular,2024-11-30
12326,Arjun Chopra,Male,30,Kolkata,West Bengal,New,2023-03-10
12327,Karan Kumar,Female,42,Gandhinagar,Gujarat,Premium,2023-09-03
12328,Aarav Agarwal,Male,26,Faridabad,Haryana,Regular,2024-12-01
12329,Yash Verma,Male,22,Thane,Maharashtra,Regular,2023-08-27
12330,Karan Arora,Female,40,Gurugram,Haryana,Premium,2023-09-10
12331,Kavya Kumar,Female,37,Saket,Delhi,Premium,2025-02-25
12332,Sneha Kapoor,Female,36,Faridabad,Haryana,New,2025-02-18
12333,Arjun Agarwal,Female,28,Nagpur,Maharashtra,Regular,2025-12-13
12334,Aarav Singh,Female,21,Nashik,Maharashtra,Regular,2024-04-13
12335,Sneha Kapoor,Male,43,Amritsar,Punjab,Premium,2025-07-25
12336,Meera Yadav,Female,65,Kanpur,Uttar Pradesh,Premium,2023-10-26
12337,Rahul Chopra,Male,18,Jodhpur,Rajasthan,Regular,2023-11-24
12338,Aman Singh,Female,44,Lucknow,Uttar Pradesh,Premium,2024-01-06
12339,Diya Mehta,Male,32,Mohali,Punjab,Regular,2024-02-01
12340,Isha Kumar,Male,37,Varanasi,Uttar Pradesh,Premium,2025-09-04
12341,Aarav Arora,Male,33,Gandhinagar,Gujarat,New,2025-11-28
12342,Meera Kumar,Female,56,Faridabad,Haryana,New,2025-03-28
12343,Rahul Chopra,Female,26,Panipat,Haryana,Premium,2025-11-07
12344,Aditya Arora,Male,28,Kanpur,Uttar Pradesh,New,2023-01-30
12345,Vivaan Verma,Male,35,Durgapur,West Bengal,Premium,2024-03-09
12346,Aman Singh,Female,40,Nagpur,Maharashtra,Premium,2025-01-29
12347,Yash Verma,Female,47,Nashik,Maharashtra,Premium,2025-08-15
12348,Karan Singh,Male,39,Agra,Uttar Pradesh,Premium,2023-10-21
12349,Karan Chopra,Male,36,Thane,Maharashtra,Regular,2023-05-12
12350,Aman Yadav,Male,30,Faridabad,Haryana,Premium,2025-07-13
12351,Yash Bansal,Female,39,Thane,Maharashtra,Regular,2025-06-27
12352,Aditya Yadav,Male,27,Asansol,West Bengal,Regular,2023-01-09
12353,Ananya Agarwal,Male,36,Nagpur,Maharashtra,Regular,2023-12-27
12354,Kavya Chopra,Male,32,Howrah,West Bengal,Premium,2024-10-01
12355,Kavya Kumar,Female,24,Thane,Maharashtra,Regular,2023-07-18
12356,Yash Sharma,Other,50,Amritsar,Punjab,Premium,2024-10-29
12357,Riya Arora,Female,24,Siliguri,West Bengal,Regular,2025-11-08
12358,Arjun Chopra,Female,30,Faridabad,Haryana,New,2024-09-30
12359,Rahul Mehta,Female,18,Jodhpur,Rajasthan,VIP,2024-02-04
12360,Riya Mehta,Male,32,Jalandhar,Punjab,New,2025-05-19
12361,Rahul Singh,Female,38,Ambala,Haryana,Premium,2024-01-04
12362,Aditya Kumar,Male,25,Agra,Uttar Pradesh,Regular,2023-08-25
12363,Isha Verma,Female,18,Lucknow,Uttar Pradesh,Premium,2025-10-29
12364,Aditya Mishra,Female,30,Ajmer,Rajasthan,Premium,2024-05-13
12365,Yash Mehta,Female,32,Thane,Maharashtra,New,2025-02-27
12366,Kavya Verma,Female,32,Karnal,Haryana,Regular,2023-05-22
12367,Rohan Chopra,Female,50,Patiala,Punjab,New,2025-02-02
12368,Sneha Kumar,Female,37,Thane,Maharashtra,Regular,2023-08-03
12369,Aditi Gupta,Male,37,Lucknow,Uttar Pradesh,Premium,2024-05-21
12370,Rahul Bansal,Female,37,Ahmedabad,Gujarat,Regular,2023-05-26
12371,Rohan Singh,Male,37,Pune,Maharashtra,Premium,2023-12-20
12372,Aditya Chopra,Female,30,Vadodara,Gujarat,New,2024-06-27
12373,Isha Bansal,Male,25,Mumbai,Maharashtra,New,2024-08-18
12374,Rahul Agarwal,Male,59,Noida,Uttar Pradesh,New,2025-02-20
12375,Vikas Chopra,Female,33,Thane,Maharashtra,Regular,2023-08-29
12376,Aarav Saini,Male,34,Rohini,Delhi,Regular,2023-05-11
12377,Aarav Gupta,Male,34,Varanasi,Uttar Pradesh,New,2024-04-11
12378,Vivaan Yadav,Female,26,Rajkot,Gujarat,VIP,2024-05-05
12379,Isha Agarwal,Female,36,Lucknow,Uttar Pradesh,VIP,2025-06-21
12380,Rohan Gupta,Male,21,Surat,Gujarat,Regular,2023-04-04
12381,Aditi Sharma,Female,41,Gandhinagar,Gujarat,Regular,2023-09-18
12382,Sneha Mehta,Female,31,Surat,Gujarat,VIP,2024-06-08
12383,Aditi Singh,Female,45,Siliguri,West Bengal,Premium,2025-05-12
12384,Karan Sharma,Female,39,Agra,Uttar Pradesh,New,2023-09-24
12385,Yash Singh,Male,38,Kanpur,Uttar Pradesh,Premium,2023-12-31
12386,Yash Bansal,Male,26,Mumbai,Maharashtra,Regular,2023-04-27
12387,Isha Kapoor,Male,35,Varanasi,Uttar Pradesh,Regular,2025-07-26
12388,Aditi Kumar,Male,42,Thane,Maharashtra,Regular,2024-03-20
12389,Aditya Chopra,Male,35,Nashik,Maharashtra,Premium,2023-09-13
12390,Karan Singh,Male,20,Nashik,Maharashtra,New,2023-03-22
12391,Riya Mishra,Female,44,Noida,Uttar Pradesh,New,2025-07-11
12392,Sneha Mishra,Female,42,Jalandhar,Punjab,Premium,2023-06-03
12393,Yash Kapoor,Female,19,Varanasi,Uttar Pradesh,Premium,2024-05-20
12394,Riya Agarwal,Male,35,Patiala,Punjab,Regular,2023-07-12
12395,Arjun Mishra,Male,42,Asansol,West Bengal,Premium,2025-01-06
12396,Ananya Mehta,Female,28,Lucknow,Uttar Pradesh,Premium,2023-08-08
12397,Vivaan Agarwal,Male,21,Mohali,Punjab,Regular,2023-09-20
12398,Meera Gupta,Female,23,Gurugram,Haryana,Regular,2025-03-03
12399,Meera Saini,Female,33,Nagpur,Maharashtra,Regular,2025-01-13
12400,Rahul Saini,Male,43,Thane,Maharashtra,VIP,2023-03-12
12401,Diya Singh,Male,23,Lucknow,Uttar Pradesh,Premium,2025-02-01
12402,Meera Yadav,Male,23,Gurugram,Haryana,Regular,2025-06-10
12403,Meera Kapoor,Male,31,Agra,Uttar Pradesh,Regular,2024-10-11
12404,Isha Kumar,Male,41,Varanasi,Uttar Pradesh,Premium,2024-09-16
12405,Aarav Kumar,Male,52,Pune,Maharashtra,Regular,2025-03-25
12406,Sneha Saini,Female,35,Nashik,Maharashtra,Regular,2023-07-02
12407,Vivaan Arora,Male,27,Varanasi,Uttar Pradesh,New,2024-07-25
12408,Neha Agarwal,Female,26,Dwarka,Delhi,Premium,2024-08-18
12409,Isha Verma,Male,48,Howrah,West Bengal,Regular,2024-03-09
12410,Kavya Arora,Male,21,Kanpur,Uttar Pradesh,Regular,2024-12-02
12411,Aditi Singh,Male,36,Thane,Maharashtra,Regular,2023-02-17
12412,Sneha Saini,Male,47,Mohali,Punjab,Premium,2023-03-10
12413,Aditya Sharma,Male,32,Jodhpur,Rajasthan,Regular,2024-12-25
12414,Aditya Mishra,Male,23,Karnal,Haryana,Regular,2025-05-01
12415,Neha Sharma,Male,39,Kota,Rajasthan,New,2023-05-20
12416,Rahul Mishra,Male,35,Durgapur,West Bengal,Premium,2025-10-20
12417,Rohan Verma,Female,39,Varanasi,Uttar Pradesh,Regular,2025-10-09
12418,Aditi Mishra,Female,40,Faridabad,Haryana,Regular,2023-05-23
12419,Aman Singh,Male,39,Faridabad,Haryana,Regular,2024-03-04
12420,Yash Kumar,Male,37,Noida,Uttar Pradesh,Premium,2025-10-30
12421,Ananya Chopra,Female,41,Mohali,Punjab,Premium,2025-11-08
12422,Diya Yadav,Female,47,Panipat,Haryana,Premium,2024-07-08
12423,Neha Singh,Female,26,Ahmedabad,Gujarat,New,2025-01-27
12424,Yash Arora,Male,31,Jaipur,Rajasthan,Regular,2024-10-18
12425,Kavya Arora,Male,42,Lucknow,Uttar Pradesh,Regular,2023-12-29
12426,Isha Verma,Female,33,Siliguri,West Bengal,Regular,2024-01-11
12427,Kavya Agarwal,Female,21,Ludhiana,Punjab,Regular,2023-01-30
12428,Rohan Saini,Male,37,Howrah,West Bengal,Regular,2025-06-30
12429,Aman Arora,Female,29,Kanpur,Uttar Pradesh,Regular,2025-01-20
12430,Aditi Singh,Male,55,Durgapur,West Bengal,Premium,2025-08-07
12431,Meera Sharma,Male,44,Mumbai,Maharashtra,Premium,2023-08-08
12432,Aarav Yadav,Male,46,Rajkot,Gujarat,Premium,2023-10-03
12433,Riya Sharma,Male,34,Siliguri,West Bengal,Premium,2023-10-16
12434,Ananya Mehta,Female,37,Noida,Uttar Pradesh,Regular,2024-02-05
12435,Rohan Singh,Female,31,Asansol,West Bengal,Premium,2025-06-24
12436,Yash Saini,Female,26,Agra,Uttar Pradesh,New,2023-07-16
12437,Meera Agarwal,Male,25,Varanasi,Uttar Pradesh,New,2025-01-10
12438,Diya Verma,Male,55,Varanasi,Uttar Pradesh,Regular,2025-03-19
12439,Aditya Verma,Male,38,Jaipur,Rajasthan,Regular,2025-04-30
12440,Diya Agarwal,Male,21,Patiala,Punjab,Regular,2024-05-17
12441,Isha Sharma,Female,44,Thane,Maharashtra,Regular,2024-08-22
12442,Arjun Arora,Male,60,Kota,Rajasthan,VIP,2023-12-23
12443,Kavya Kumar,Female,19,Vadodara,Gujarat,Premium,2023-10-12
12444,Rohan Saini,Female,40,Gandhinagar,Gujarat,VIP,2024-10-30
12445,Aditi Sharma,Male,23,Varanasi,Uttar Pradesh,Premium,2025-09-19
12446,Vivaan Agarwal,Female,46,Agra,Uttar Pradesh,VIP,2025-06-25
12447,Aarav Singh,Male,18,Rohini,Delhi,Regular,2023-12-20
12448,Yash Verma,Female,35,Karol Bagh,Delhi,Regular,2025-12-15
12449,Aditya Saini,Female,38,Karnal,Haryana,Regular,2024-01-12
12450,Karan Mishra,Male,20,Agra,Uttar Pradesh,Regular,2023-04-03
12451,Riya Saini,Male,38,Saket,Delhi,Premium,2024-10-26
12452,Aman Gupta,Female,29,Asansol,West Bengal,Regular,2024-05-09
12453,Yash Bansal,Male,51,Nagpur,Maharashtra,Regular,2023-09-17
12454,Aman Kumar,Female,20,Varanasi,Uttar Pradesh,Regular,2025-07-14
12455,Diya Arora,Male,43,Pune,Maharashtra,New,2025-06-26
12456,Aditi Mehta,Female,33,Mohali,Punjab,Premium,2025-05-20
12457,Rohan Arora,Female,47,Lucknow,Uttar Pradesh,Regular,2025-06-11
12458,Vikas Verma,Female,47,Mumbai,Maharashtra,Premium,2023-02-05
12459,Ananya Mehta,Male,31,Kota,Rajasthan,VIP,2023-04-06
12460,Aman Chopra,Male,34,Agra,Uttar Pradesh,New,2025-03-17
12461,Riya Mehta,Male,43,Durgapur,West Bengal,VIP,2024-07-16
12462,Kavya Sharma,Female,39,Kolkata,West Bengal,VIP,2025-10-31
12463,Aman Kumar,Male,33,Mumbai,Maharashtra,Regular,2023-07-14
12464,Meera Yadav,Male,26,Pune,Maharashtra,Premium,2025-06-28
12465,Rohan Kumar,Female,38,Nagpur,Maharashtra,New,2023-03-18
12466,Aarav Verma,Male,23,New Delhi,Delhi,VIP,2024-06-13
12467,Rohan Kapoor,Female,40,Noida,Uttar Pradesh,Regular,2024-06-06
12468,Kavya Yadav,Female,45,Panipat,Haryana,Premium,2024-12-07
12469,Riya Sharma,Female,26,Udaipur,Rajasthan,Regular,2024-12-23
12470,Ananya Yadav,Male,30,Kota,Rajasthan,Premium,2025-04-03
12471,Neha Gupta,Male,28,Karol Bagh,Delhi,Regular,2023-08-08
12472,Yash Arora,Female,45,Durgapur,West Bengal,Regular,2024-06-19
12473,Arjun Arora,Male,35,Asansol,West Bengal,VIP,2025-08-28
12474,Isha Bansal,Female,30,Nagpur,Maharashtra,Premium,2023-04-14
12475,Aditya Mehta,Female,40,Jaipur,Rajasthan,Premium,2025-03-13
12476,Vikas Chopra,Male,29,Siliguri,West Bengal,Regular,2025-05-21
12477,Rahul Bansal,Female,32,Amritsar,Punjab,Premium,2025-11-17
12478,Aditi Bansal,Female,23,Ahmedabad,Gujarat,Premium,2023-07-22
12479,Meera Kumar,Female,42,Ludhiana,Punjab,New,2025-04-16
12480,Neha Verma,Female,23,Vadodara,Gujarat,Premium,2024-05-11
12481,Arjun Kumar,Female,48,New Delhi,Delhi,New,2023-05-09
12482,Rahul Mishra,Male,36,Durgapur,West Bengal,Premium,2023-10-06
12483,Riya Sharma,Female,32,Asansol,West Bengal,Regular,2023-09-09
12484,Aman Singh,Male,34,Amritsar,Punjab,Regular,2023-01-09
12485,Yash Arora,Female,51,Udaipur,Rajasthan,Premium,2023-02-28
12486,Aditya Mehta,Male,21,Siliguri,West Bengal,Regular,2024-02-11
12487,Yash Arora,Male,21,Ajmer,Rajasthan,Premium,2025-08-14
12488,Rahul Sharma,Male,44,Gandhinagar,Gujarat,Premium,2023-04-06
12489,Rohan Kapoor,Male,25,Nashik,Maharashtra,Regular,2023-01-07
12490,Isha Verma,Male,27,Kanpur,Uttar Pradesh,Regular,2025-02-16
12491,Sneha Verma,Female,30,Kanpur,Uttar Pradesh,New,2023-12-19
12492,Aditya Sharma,Male,45,Saket,Delhi,Regular,2025-10-12
12493,Kavya Kapoor,Female,42,Surat,Gujarat,New,2024-01-10
12494,Arjun Mishra,Male,33,Kanpur,Uttar Pradesh,Regular,2024-03-30
12495,Vikas Sharma,Male,38,Jodhpur,Rajasthan,Regular,2023-10-09
12496,Meera Agarwal,Male,38,Udaipur,Rajasthan,Premium,2024-12-10
12497,Vivaan Verma,Male,24,Mumbai,Maharashtra,Regular,2023-10-25
12498,Vikas Yadav,Male,25,Kolkata,West Bengal,Regular,2024-08-06
12499,Ananya Mehta,Other,18,Howrah,West Bengal,Regular,2023-04-22
12500,Kavya Yadav,Male,49,Varanasi,Uttar Pradesh,New,2025-10-05
12501,Neha Kumar,Female,27,Vadodara,Gujarat,Regular,2025-11-11
12502,Riya Arora,Male,34,Vadodara,Gujarat,Premium,2023-05-22
12503,Karan Yadav,Female,39,Nashik,Maharashtra,Regular,2024-02-03
12504,Kavya Yadav,Male,24,Howrah,West Bengal,Regular,2025-10-30
12505,Diya Bansal,Female,26,Rohini,Delhi,New,2023-01-20
12506,Aman Mehta,Male,25,Amritsar,Punjab,Regular,2025-04-04
12507,Aditi Verma,Male,18,Surat,Gujarat,Premium,2023-06-24
12508,Meera Singh,Female,33,Varanasi,Uttar Pradesh,Regular,2025-11-26
12509,Neha Gupta,Female,57,Vadodara,Gujarat,Regular,2025-08-28
12510,Meera Agarwal,Male,29,Durgapur,West Bengal,Regular,2023-02-22
12511,Yash Mehta,Male,29,Gurugram,Haryana,VIP,2024-10-27
12512,Arjun Saini,Female,30,Durgapur,West Bengal,Regular,2025-11-25
12513,Vivaan Kapoor,Male,37,Agra,Uttar Pradesh,Regular,2024-10-29
12514,Aman Saini,Male,43,Jaipur,Rajasthan,Regular,2025-07-01
12515,Rahul Chopra,Female,26,Nagpur,Maharashtra,Premium,2023-06-01
12516,Rohan Chopra,Female,39,Kolkata,West Bengal,New,2025-06-08
12517,Arjun Chopra,Male,33,Panipat,Haryana,Regular,2024-06-14
12518,Karan Yadav,Female,37,Ajmer,Rajasthan,Premium,2024-11-14
12519,Vivaan Verma,Male,39,Pune,Maharashtra,Regular,2025-10-12
12520,Meera Yadav,Male,24,Nagpur,Maharashtra,VIP,2024-12-26
12521,Isha Kumar,Male,29,Pune,Maharashtra,Regular,2025-09-01
12522,Rahul Bansal,Female,39,Patiala,Punjab,Regular,2023-06-27
12523,Rohan Bansal,Male,33,Noida,Uttar Pradesh,VIP,2024-05-17
12524,Aditi Mishra,Male,42,Kanpur,Uttar Pradesh,New,2023-02-02
12525,Riya Yadav,Female,32,Rajkot,Gujarat,Premium,2024-08-11
12526,Aditya Kapoor,Male,44,New Delhi,Delhi,Premium,2024-06-13
12527,Arjun Verma,Female,18,Saket,Delhi,Regular,2025-01-13
12528,Aditya Kapoor,Other,37,Siliguri,West Bengal,New,2024-10-22
12529,Vikas Saini,Other,21,Gurugram,Haryana,Regular,2024-02-06
12530,Yash Singh,Male,45,Siliguri,West Bengal,New,2025-07-21
12531,Diya Kumar,Female,33,Thane,Maharashtra,Regular,2025-06-18
12532,Aarav Agarwal,Female,31,Vadodara,Gujarat,Premium,2023-09-17
12533,Aditya Mishra,Male,26,Lucknow,Uttar Pradesh,Regular,2025-04-25
12534,Riya Chopra,Male,41,Gurugram,Haryana,Regular,2024-03-12
12535,Aman Arora,Male,40,Ahmedabad,Gujarat,New,2024-09-11
12536,Aditya Mishra,Male,31,Vadodara,Gujarat,New,2024-10-21
12537,Karan Kumar,Other,41,Vadodara,Gujarat,Premium,2025-01-08
12538,Kavya Agarwal,Female,36,Ludhiana,Punjab,New,2025-05-27
12539,Aditi Yadav,Male,35,Surat,Gujarat,Regular,2023-11-25
12540,Yash Chopra,Female,42,Vadodara,Gujarat,VIP,2024-01-06
12541,Aditya Verma,Male,52,Nashik,Maharashtra,Regular,2024-08-20
12542,Arjun Agarwal,Female,37,Vadodara,Gujarat,Premium,2023-09-09
12543,Karan Chopra,Male,37,Surat,Gujarat,Regular,2024-04-09
12544,Riya Sharma,Male,43,Mumbai,Maharashtra,Regular,2023-12-11
12545,Rohan Mishra,Male,24,Panipat,Haryana,Regular,2023-02-09
12546,Karan Kumar,Female,32,Ajmer,Rajasthan,Regular,2024-12-16
12547,Rohan Gupta,Male,30,Gurugram,Haryana,VIP,2024-02-06
12548,Sneha Singh,Male,37,Kanpur,Uttar Pradesh,Regular,2024-08-28
12549,Rohan Saini,Other,36,Noida,Uttar Pradesh,New,2024-03-22
12550,Vivaan Mehta,Female,52,Gurugram,Haryana,Regular,2023-10-16
12551,Vivaan Singh,Female,49,Agra,Uttar Pradesh,Regular,2023-01-08
12552,Diya Sharma,Female,19,Patiala,Punjab,Regular,2025-06-18
12553,Arjun Agarwal,Female,38,Surat,Gujarat,Regular,2024-10-23
12554,Rahul Agarwal,Female,41,Kolkata,West Bengal,Regular,2024-04-04
12555,Meera Arora,Female,35,Ambala,Haryana,Regular,2023-03-05
12556,Vivaan Gupta,Female,29,Siliguri,West Bengal,VIP,2023-06-11
12557,Aarav Kapoor,Female,48,Jaipur,Rajasthan,Regular,2025-07-20
12558,Arjun Saini,Male,37,Noida,Uttar Pradesh,Regular,2025-12-14
12559,Ananya Chopra,Male,24,Panipat,Haryana,Regular,2023-07-15
12560,Neha Sharma,Male,44,Udaipur,Rajasthan,Premium,2024-03-26
12561,Aditi Yadav,Female,39,Vadodara,Gujarat,Premium,2024-07-18
12562,Meera Bansal,Female,28,Thane,Maharashtra,Premium,2023-09-20
12563,Aditi Gupta,Female,26,Faridabad,Haryana,Regular,2024-03-20
12564,Neha Yadav,Female,26,Gurugram,Haryana,Premium,2024-12-18
12565,Aarav Sharma,Male,46,Noida,Uttar Pradesh,VIP,2023-12-15
12566,Arjun Mishra,Female,40,Varanasi,Uttar Pradesh,New,2025-03-12
12567,Isha Agarwal,Male,44,Karol Bagh,Delhi,Premium,2025-10-14
12568,Arjun Kapoor,Male,36,Dwarka,Delhi,Premium,2025-10-29
12569,Vikas Mishra,Female,27,Gandhinagar,Gujarat,Regular,2024-08-18
12570,Vikas Agarwal,Female,26,Asansol,West Bengal,Regular,2023-07-19
12571,Aarav Bansal,Female,45,Noida,Uttar Pradesh,Regular,2023-05-03
12572,Aarav Kapoor,Male,38,Durgapur,West Bengal,Regular,2025-06-23
12573,Isha Mishra,Female,31,Varanasi,Uttar Pradesh,New,2023-10-10
12574,Yash Sharma,Male,34,Udaipur,Rajasthan,VIP,2024-06-26
12575,Yash Mehta,Female,44,Rohini,Delhi,Regular,2023-01-19
12576,Diya Yadav,Male,40,Pune,Maharashtra,Regular,2023-11-02
12577,Riya Kapoor,Female,33,Asansol,West Bengal,New,2025-09-14
12578,Aman Mishra,Male,34,Nagpur,Maharashtra,Regular,2025-01-31
12579,Arjun Arora,Male,28,Varanasi,Uttar Pradesh,Premium,2024-06-17
12580,Aditya Verma,Female,34,Mumbai,Maharashtra,Regular,2025-01-09
12581,Aarav Agarwal,Female,31,Jalandhar,Punjab,Regular,2024-03-03
12582,Isha Mehta,Female,33,Siliguri,West Bengal,New,2025-01-28
12583,Neha Arora,Female,29,Jaipur,Rajasthan,Regular,2023-03-29
12584,Ananya Chopra,Female,21,Agra,Uttar Pradesh,Premium,2023-10-24
12585,Arjun Bansal,Female,44,Pune,Maharashtra,Regular,2023-03-22
12586,Arjun Singh,Male,40,Thane,Maharashtra,New,2025-03-27
12587,Diya Arora,Male,31,Panipat,Haryana,Regular,2023-04-16
12588,Isha Arora,Female,31,Nashik,Maharashtra,Regular,2023-09-11
12589,Aditya Yadav,Male,20,Dwarka,Delhi,Regular,2023-02-13
12590,Neha Bansal,Male,45,Mumbai,Maharashtra,Regular,2023-08-07
12591,Sneha Bansal,Male,47,Surat,Gujarat,New,2024-08-23
12592,Rohan Agarwal,Male,33,Vadodara,Gujarat,Regular,2024-04-28
12593,Riya Arora,Female,37,Nashik,Maharashtra,New,2024-10-12
12594,Aditya Yadav,Male,24,Udaipur,Rajasthan,Regular,2023-12-08
12595,Rohan Mishra,Male,35,Patiala,Punjab,Regular,2023-02-08
12596,Yash Singh,Female,27,Ahmedabad,Gujarat,Regular,2024-10-09
12597,Aditya Kapoor,Female,27,Rohini,Delhi,New,2025-01-01
12598,Vikas Kumar,Female,31,Ajmer,Rajasthan,New,2023-06-21
12599,Isha Arora,Male,30,Lucknow,Uttar Pradesh,Premium,2023-11-27
12600,Rohan Bansal,Male,33,Ludhiana,Punjab,Regular,2024-02-11
12601,Rahul Kumar,Male,45,Nashik,Maharashtra,New,2023-01-17
12602,Yash Kumar,Male,18,Faridabad,Haryana,Regular,2025-12-21
12603,Vikas Yadav,Male,29,Ahmedabad,Gujarat,Premium,2025-06-05
12604,Arjun Bansal,Female,40,Lucknow,Uttar Pradesh,New,2023-07-30
12605,Sneha Gupta,Other,36,Ambala,Haryana,Regular,2024-09-17
12606,Isha Gupta,Female,26,Udaipur,Rajasthan,Regular,2024-12-11
12607,Arjun Sharma,Female,55,Gurugram,Haryana,Premium,2025-01-24
12608,Aarav Saini,Female,61,Dwarka,Delhi,Premium,2023-06-21
12609,Meera Singh,Female,34,Nagpur,Maharashtra,Premium,2023-05-31
12610,Rahul Yadav,Female,24,Faridabad,Haryana,Regular,2023-04-03
12611,Karan Arora,Female,31,Vadodara,Gujarat,Regular,2023-11-24
12612,Yash Chopra,Male,23,Ambala,Haryana,Regular,2024-12-29
12613,Vikas Agarwal,Male,38,New Delhi,Delhi,Regular,2023-09-14
12614,Riya Kumar,Female,40,Vadodara,Gujarat,Premium,2023-02-19
12615,Rohan Mehta,Male,44,Lucknow,Uttar Pradesh,VIP,2023-04-29
12616,Aarav Singh,Female,38,Gurugram,Haryana,Regular,2023-09-29
12617,Yash Singh,Female,36,Agra,Uttar Pradesh,Premium,2023-04-08
12618,Vivaan Mehta,Female,24,Rohini,Delhi,Regular,2025-10-05
12619,Vivaan Gupta,Male,22,Gandhinagar,Gujarat,Regular,2023-01-14
12620,Rahul Singh,Male,18,Kanpur,Uttar Pradesh,Regular,2024-03-12
12621,Aditi Bansal,Male,35,Gandhinagar,Gujarat,Regular,2025-09-02
12622,Yash Gupta,Female,43,Siliguri,West Bengal,Premium,2024-06-28
12623,Rohan Bansal,Male,46,Agra,Uttar Pradesh,Premium,2023-10-06
12624,Karan Verma,Female,42,Kolkata,West Bengal,Regular,2024-08-31
12625,Aarav Bansal,Female,30,Lucknow,Uttar Pradesh,Premium,2025-01-23
12626,Aditi Agarwal,Female,53,Siliguri,West Bengal,Premium,2023-07-12
12627,Riya Kumar,Female,25,Karnal,Haryana,Regular,2023-07-04
12628,Aditi Kumar,Other,24,Nagpur,Maharashtra,New,2023-11-08
12629,Ananya Chopra,Male,42,Jodhpur,Rajasthan,Premium,2025-09-27
12630,Aditi Bansal,Female,48,Kanpur,Uttar Pradesh,Premium,2023-09-10
12631,Aarav Kumar,Male,52,Nashik,Maharashtra,VIP,2025-04-26
12632,Meera Kapoor,Male,44,Pune,Maharashtra,New,2023-01-11
12633,Diya Arora,Male,41,Ambala,Haryana,Regular,2024-06-14
12634,Neha Agarwal,Female,42,Ludhiana,Punjab,Premium,2024-09-06
12635,Aarav Singh,Male,31,Pune,Maharashtra,Regular,2025-04-21
12636,Diya Singh,Female,26,Nagpur,Maharashtra,Premium,2025-09-29
12637,Diya Mehta,Female,37,Kolkata,West Bengal,New,2024-02-23
12638,Aarav Agarwal,Female,18,Gandhinagar,Gujarat,New,2025-11-26
12639,Aarav Gupta,Male,31,Siliguri,West Bengal,New,2023-05-10
12640,Diya Mehta,Female,29,Pune,Maharashtra,Regular,2023-04-28
12641,Isha Mishra,Female,40,Agra,Uttar Pradesh,Regular,2024-10-19
12642,Isha Kumar,Male,36,Amritsar,Punjab,Premium,2024-02-21
12643,Yash Verma,Other,49,Surat,Gujarat,New,2025-07-06
12644,Aarav Mehta,Male,42,Thane,Maharashtra,Regular,2023-02-06
12645,Rohan Chopra,Female,28,Ambala,Haryana,VIP,2023-02-14
12646,Arjun Mehta,Female,41,Noida,Uttar Pradesh,Regular,2025-02-20
12647,Aditya Sharma,Male,18,Durgapur,West Bengal,New,2024-02-03
12648,Ananya Singh,Male,41,Ajmer,Rajasthan,Regular,2025-06-18
12649,Aarav Agarwal,Female,27,Noida,Uttar Pradesh,Regular,2024-06-28
12650,Arjun Kapoor,Male,28,Udaipur,Rajasthan,New,2023-01-31
12651,Aditya Chopra,Male,47,New Delhi,Delhi,VIP,2025-05-13
12652,Aarav Saini,Female,38,Noida,Uttar Pradesh,Regular,2023-06-07
12653,Arjun Gupta,Female,32,Noida,Uttar Pradesh,Premium,2025-03-27
12654,Aarav Gupta,Female,44,Karnal,Haryana,Regular,2023-08-10
12655,Neha Verma,Female,49,Gandhinagar,Gujarat,VIP,2023-03-25
12656,Karan Kumar,Male,24,Kanpur,Uttar Pradesh,Regular,2023-03-27
12657,Aarav Gupta,Female,27,Ahmedabad,Gujarat,Premium,2024-05-12
12658,Rohan Mishra,Female,42,Rajkot,Gujarat,Premium,2025-08-21
12659,Vivaan Sharma,Male,37,Dwarka,Delhi,Premium,2024-11-21
12660,Meera Bansal,Female,18,Pune,Maharashtra,New,2025-05-25
12661,Vivaan Chopra,Female,52,Udaipur,Rajasthan,Regular,2025-11-11
12662,Arjun Gupta,Male,29,Siliguri,West Bengal,Regular,2024-12-20
12663,Aditi Chopra,Female,24,Dwarka,Delhi,New,2024-06-21
12664,Diya Yadav,Female,34,Mumbai,Maharashtra,Premium,2024-10-23
12665,Rahul Saini,Male,43,Nagpur,Maharashtra,Regular,2025-03-26
12666,Aman Mishra,Female,45,Agra,Uttar Pradesh,Regular,2025-08-02
12667,Rohan Singh,Female,35,Mohali,Punjab,New,2025-03-20
12668,Ananya Yadav,Female,59,Nashik,Maharashtra,VIP,2023-09-06
12669,Vivaan Arora,Male,62,Gandhinagar,Gujarat,Premium,2024-02-18
12670,Meera Yadav,Male,38,Varanasi,Uttar Pradesh,Regular,2025-06-02
12671,Meera Singh,Male,33,Nashik,Maharashtra,Premium,2023-09-15
12672,Vivaan Bansal,Female,31,Noida,Uttar Pradesh,Premium,2025-03-20
12673,Aman Mishra,Female,32,Pune,Maharashtra,Premium,2023-03-31
12674,Kavya Kapoor,Male,49,New Delhi,Delhi,New,2024-08-22
12675,Aarav Yadav,Male,37,Siliguri,West Bengal,Premium,2025-07-18
12676,Aditi Singh,Male,43,Kanpur,Uttar Pradesh,Regular,2025-04-03
12677,Arjun Singh,Female,41,Varanasi,Uttar Pradesh,Premium,2023-12-22
12678,Yash Mehta,Female,40,Faridabad,Haryana,Regular,2025-12-01
12679,Aditya Mehta,Male,45,Jalandhar,Punjab,VIP,2023-09-25
12680,Vivaan Verma,Male,42,Udaipur,Rajasthan,Regular,2024-05-25
12681,Kavya Kapoor,Male,39,New Delhi,Delhi,Regular,2025-04-08
12682,Aditya Yadav,Male,52,Rajkot,Gujarat,Premium,2023-12-29
12683,Neha Singh,Female,21,Ambala,Haryana,Regular,2023-10-24
12684,Kavya Bansal,Male,37,Kanpur,Uttar Pradesh,Regular,2023-03-23
12685,Meera Mehta,Male,29,Varanasi,Uttar Pradesh,Regular,2024-01-06
12686,Diya Yadav,Female,43,Panipat,Haryana,Regular,2023-07-11
12687,Karan Mishra,Female,18,Mohali,Punjab,Regular,2025-02-28
12688,Rohan Mishra,Other,36,Noida,Uttar Pradesh,Premium,2023-05-27
12689,Isha Singh,Female,39,Jodhpur,Rajasthan,Premium,2023-08-26
12690,Rahul Yadav,Female,46,Kanpur,Uttar Pradesh,Regular,2025-10-02
12691,Arjun Agarwal,Female,30,Jaipur,Rajasthan,Regular,2025-05-30
12692,Rohan Saini,Female,62,Thane,Maharashtra,Regular,2024-05-28
12693,Arjun Arora,Female,28,Karnal,Haryana,Premium,2025-06-16
12694,Meera Arora,Female,23,Kota,Rajasthan,Premium,2024-05-28
12695,Aditi Agarwal,Male,40,Kolkata,West Bengal,Regular,2025-06-24
12696,Diya Gupta,Male,33,Ajmer,Rajasthan,Premium,2025-08-08
12697,Vivaan Agarwal,Male,52,Mumbai,Maharashtra,Regular,2023-08-23
12698,Isha Kumar,Female,18,Lucknow,Uttar Pradesh,New,2024-11-29
12699,Ananya Arora,Female,34,Ahmedabad,Gujarat,Regular,2024-12-10
12700,Diya Verma,Female,42,Ahmedabad,Gujarat,New,2025-05-21
12701,Yash Mishra,Male,27,Ajmer,Rajasthan,Regular,2025-11-03
12702,Rahul Mehta,Male,20,Howrah,West Bengal,Regular,2024-08-06
12703,Sneha Verma,Other,48,Patiala,Punjab,Regular,2025-12-24
12704,Sneha Kumar,Male,26,Ambala,Haryana,Regular,2023-08-15
12705,Isha Sharma,Male,44,Gandhinagar,Gujarat,New,2025-02-01
12706,Diya Gupta,Female,25,Gandhinagar,Gujarat,Premium,2023-04-06
12707,Aman Arora,Male,31,Amritsar,Punjab,New,2023-03-24
12708,Rohan Singh,Male,42,Rohini,Delhi,Regular,2023-01-13
12709,Karan Yadav,Male,38,Karnal,Haryana,Regular,2024-09-16
12710,Aditya Mishra,Male,25,Varanasi,Uttar Pradesh,Regular,2024-12-14
12711,Sneha Kumar,Female,39,Gandhinagar,Gujarat,Regular,2024-09-18
12712,Arjun Sharma,Male,18,Ajmer,Rajasthan,Premium,2023-02-20
12713,Aditi Agarwal,Male,22,Agra,Uttar Pradesh,Regular,2024-10-24
12714,Riya Kapoor,Male,51,Varanasi,Uttar Pradesh,Regular,2025-05-08
12715,Arjun Sharma,Female,32,Karnal,Haryana,New,2025-02-26
12716,Karan Saini,Male,41,Varanasi,Uttar Pradesh,Regular,2024-01-19
12717,Diya Saini,Male,41,Mumbai,Maharashtra,Premium,2023-12-05
12718,Diya Saini,Male,31,Siliguri,West Bengal,Regular,2023-11-18
12719,Aditi Arora,Male,35,Vadodara,Gujarat,New,2025-11-22
12720,Diya Mishra,Male,22,Faridabad,Haryana,Premium,2024-08-22
12721,Yash Saini,Female,35,Kolkata,West Bengal,New,2025-11-06
12722,Aditya Kapoor,Female,29,Surat,Gujarat,Premium,2025-02-15
12723,Aditya Kumar,Female,55,Vadodara,Gujarat,VIP,2024-10-16
12724,Meera Chopra,Female,27,Jodhpur,Rajasthan,Regular,2025-05-29
12725,Rahul Bansal,Male,39,Kanpur,Uttar Pradesh,Premium,2023-10-09
12726,Riya Kumar,Female,31,Noida,Uttar Pradesh,New,2024-06-20
12727,Aman Yadav,Male,42,Panipat,Haryana,Regular,2024-10-17
12728,Neha Yadav,Female,20,Karol Bagh,Delhi,Regular,2023-12-29
12729,Yash Mishra,Male,33,Dwarka,Delhi,Premium,2025-03-01
12730,Yash Singh,Female,40,Udaipur,Rajasthan,Regular,2025-08-05
12731,Rohan Kapoor,Female,36,Surat,Gujarat,Regular,2024-11-21
12732,Rahul Saini,Male,39,Jaipur,Rajasthan,New,2023-04-15
12733,Aman Saini,Male,26,Karnal,Haryana,Premium,2025-12-28
12734,Neha Yadav,Female,31,Kolkata,West Bengal,New,2023-05-20
12735,Meera Saini,Male,34,Siliguri,West Bengal,Regular,2023-05-27
12736,Arjun Sharma,Female,42,Ahmedabad,Gujarat,Regular,2025-08-10
12737,Aditi Kumar,Male,48,Durgapur,West Bengal,New,2023-05-27
12738,Rohan Mishra,Male,18,Jaipur,Rajasthan,New,2023-05-31
12739,Aditya Saini,Female,31,Howrah,West Bengal,Regular,2024-07-10
12740,Aditi Saini,Male,27,Karnal,Haryana,Regular,2024-04-18
12741,Aarav Yadav,Male,26,Noida,Uttar Pradesh,Regular,2025-07-31
12742,Neha Sharma,Female,37,New Delhi,Delhi,Premium,2024-01-03
12743,Yash Singh,Female,34,New Delhi,Delhi,Premium,2023-10-21
12744,Rahul Kumar,Female,23,Patiala,Punjab,New,2025-07-28
12745,Meera Kapoor,Female,22,Thane,Maharashtra,New,2024-11-30
12746,Isha Mishra,Male,39,Ahmedabad,Gujarat,Regular,2025-04-22
12747,Riya Kapoor,Male,23,Nagpur,Maharashtra,Regular,2025-05-08
12748,Aditi Sharma,Male,27,Patiala,Punjab,New,2024-03-12
12749,Kavya Chopra,Female,43,Gandhinagar,Gujarat,Premium,2024-11-25
12750,Vivaan Agarwal,Male,36,Mumbai,Maharashtra,Regular,2023-05-07
12751,Aditya Kapoor,Male,49,Varanasi,Uttar Pradesh,Premium,2023-09-17
12752,Ananya Sharma,Female,33,Nagpur,Maharashtra,Regular,2023-06-07
12753,Riya Gupta,Other,56,Saket,Delhi,Regular,2025-03-23
12754,Ananya Mehta,Female,32,Agra,Uttar Pradesh,Premium,2023-09-19
12755,Riya Mishra,Male,46,Asansol,West Bengal,Regular,2025-02-01
12756,Yash Kumar,Female,26,Noida,Uttar Pradesh,Regular,2023-10-25
12757,Kavya Arora,Male,27,Udaipur,Rajasthan,New,2024-09-15
12758,Rohan Mehta,Female,51,Howrah,West Bengal,Regular,2024-03-30
12759,Isha Verma,Male,27,Pune,Maharashtra,Premium,2024-09-29
12760,Aditi Agarwal,Male,32,Faridabad,Haryana,New,2025-04-08
12761,Meera Singh,Male,27,Ludhiana,Punjab,Regular,2023-11-05
12762,Aditi Singh,Male,45,Karnal,Haryana,Premium,2025-12-18
12763,Sneha Verma,Female,22,Nashik,Maharashtra,Regular,2024-11-06
12764,Karan Mehta,Female,47,Varanasi,Uttar Pradesh,Regular,2025-11-06
12765,Vikas Bansal,Female,36,Ludhiana,Punjab,VIP,2025-03-20
12766,Aarav Mishra,Male,36,Kolkata,West Bengal,New,2023-05-28
12767,Aditya Mehta,Female,33,Jodhpur,Rajasthan,Regular,2024-10-06
12768,Aditi Arora,Male,47,New Delhi,Delhi,Premium,2023-07-20
12769,Karan Sharma,Male,32,Jodhpur,Rajasthan,Regular,2025-07-08
12770,Aman Verma,Male,27,Mumbai,Maharashtra,Premium,2023-07-20
12771,Sneha Arora,Male,39,Karnal,Haryana,Regular,2024-11-03
12772,Rohan Sharma,Male,33,Karol Bagh,Delhi,Premium,2024-06-15
12773,Sneha Chopra,Male,54,Gandhinagar,Gujarat,Premium,2024-01-28
12774,Neha Singh,Female,43,Jaipur,Rajasthan,Regular,2023-03-03
12775,Vivaan Kapoor,Female,37,Nashik,Maharashtra,Regular,2023-07-25
12776,Rahul Kapoor,Male,48,Agra,Uttar Pradesh,New,2024-11-25
12777,Isha Gupta,Male,19,Karnal,Haryana,New,2023-11-28
12778,Karan Singh,Male,40,Patiala,Punjab,Premium,2023-08-06
12779,Aditi Bansal,Male,35,Noida,Uttar Pradesh,Premium,2023-11-18
12780,Neha Bansal,Male,32,Karol Bagh,Delhi,Premium,2025-01-02
12781,Aarav Saini,Male,31,Panipat,Haryana,Premium,2025-04-29
12782,Isha Chopra,Female,45,Vadodara,Gujarat,Premium,2023-02-13
12783,Kavya Chopra,Female,18,Howrah,West Bengal,Premium,2025-03-27
12784,Isha Chopra,Male,39,Rajkot,Gujarat,Premium,2025-01-23
12785,Sneha Bansal,Female,20,Gandhinagar,Gujarat,New,2024-11-27
12786,Ananya Gupta,Female,32,Saket,Delhi,Premium,2023-06-04
12787,Vikas Yadav,Male,33,Kolkata,West Bengal,Premium,2023-08-07
12788,Aditya Kapoor,Male,50,New Delhi,Delhi,New,2024-04-08
12789,Sneha Kapoor,Female,29,Siliguri,West Bengal,Premium,2025-04-02
12790,Rahul Agarwal,Female,35,Siliguri,West Bengal,New,2024-05-06
12791,Diya Sharma,Male,22,Pune,Maharashtra,Regular,2025-10-05
12792,Rohan Yadav,Female,39,Kolkata,West Bengal,New,2024-01-06
12793,Ananya Sharma,Male,21,Pune,Maharashtra,Regular,2025-05-25
12794,Isha Mishra,Female,18,Dwarka,Delhi,Regular,2025-05-09
12795,Aditi Gupta,Male,19,Noida,Uttar Pradesh,Regular,2025-04-05
12796,Aman Gupta,Male,31,Thane,Maharashtra,Premium,2023-11-05
12797,Rahul Singh,Female,32,Faridabad,Haryana,Premium,2025-11-25
12798,Aditya Mehta,Female,45,Nagpur,Maharashtra,Premium,2024-02-28
12799,Diya Chopra,Male,49,Kolkata,West Bengal,New,2024-03-09
12800,Aman Kumar,Male,49,Ludhiana,Punjab,Regular,2024-09-17
12801,Diya Mehta,Male,46,Vadodara,Gujarat,Premium,2024-04-19
12802,Kavya Agarwal,Male,55,Durgapur,West Bengal,Premium,2024-05-24
12803,Rohan Bansal,Male,39,Siliguri,West Bengal,Premium,2025-06-30
12804,Vivaan Kumar,Female,39,Durgapur,West Bengal,Regular,2024-01-02
12805,Kavya Yadav,Male,52,Kota,Rajasthan,Regular,2023-01-19
12806,Kavya Singh,Female,23,Howrah,West Bengal,VIP,2025-06-18
12807,Rohan Kapoor,Female,43,Rajkot,Gujarat,Premium,2023-05-17
12808,Arjun Saini,Male,34,Patiala,Punjab,New,2025-01-04
12809,Aditya Kumar,Female,47,Kota,Rajasthan,Regular,2024-02-23
12810,Riya Bansal,Female,46,Pune,Maharashtra,Regular,2023-01-27
12811,Neha Chopra,Male,32,New Delhi,Delhi,Regular,2024-11-26
12812,Aarav Kapoor,Female,22,Nagpur,Maharashtra,Regular,2024-02-20
12813,Ananya Sharma,Female,47,Mumbai,Maharashtra,Regular,2023-05-07
12814,Riya Bansal,Female,29,Jalandhar,Punjab,VIP,2024-05-26
12815,Rahul Bansal,Male,35,Pune,Maharashtra,Premium,2023-12-16
12816,Karan Kapoor,Female,23,Surat,Gujarat,Premium,2023-07-09
12817,Aditya Agarwal,Male,30,Ajmer,Rajasthan,Premium,2025-08-03
12818,Yash Gupta,Female,44,Ambala,Haryana,New,2024-11-27
12819,Karan Singh,Female,38,Panipat,Haryana,Regular,2024-04-26
12820,Yash Sharma,Female,26,Lucknow,Uttar Pradesh,Regular,2025-04-19
12821,Yash Yadav,Male,18,Durgapur,West Bengal,Premium,2023-05-27
12822,Arjun Chopra,Male,41,Dwarka,Delhi,VIP,2024-07-04
12823,Meera Kumar,Male,30,Mumbai,Maharashtra,Regular,2023-01-12
12824,Aditi Agarwal,Female,36,Rohini,Delhi,Regular,2024-03-09
12825,Aditi Mehta,Male,33,Lucknow,Uttar Pradesh,Regular,2025-12-09
12826,Riya Sharma,Male,30,Vadodara,Gujarat,Regular,2024-06-12
12827,Isha Verma,Male,40,Vadodara,Gujarat,Regular,2023-04-16
12828,Kavya Kapoor,Female,25,Faridabad,Haryana,Premium,2025-05-02
12829,Vivaan Kumar,Male,35,Varanasi,Uttar Pradesh,Regular,2024-08-19
12830,Diya Yadav,Other,38,Gurugram,Haryana,VIP,2023-08-31
12831,Vikas Yadav,Female,47,Jodhpur,Rajasthan,New,2023-10-03
12832,Ananya Verma,Female,35,Nashik,Maharashtra,Regular,2024-06-23
12833,Aarav Bansal,Male,22,Amritsar,Punjab,Regular,2024-04-03
12834,Arjun Bansal,Male,41,Kanpur,Uttar Pradesh,Premium,2023-08-07
12835,Rahul Yadav,Male,25,Agra,Uttar Pradesh,Regular,2024-11-14
12836,Aman Singh,Male,27,Kolkata,West Bengal,Premium,2024-04-08
12837,Sneha Sharma,Female,29,Howrah,West Bengal,Regular,2024-01-09
12838,Rohan Mishra,Male,32,Ambala,Haryana,Premium,2023-05-27
12839,Karan Mehta,Male,47,Gandhinagar,Gujarat,Regular,2023-03-22
12840,Aditi Kapoor,Female,41,Lucknow,Uttar Pradesh,Regular,2025-11-23
12841,Vikas Yadav,Male,23,Lucknow,Uttar Pradesh,Regular,2024-03-27
12842,Vivaan Verma,Male,49,Gandhinagar,Gujarat,Regular,2024-07-14
12843,Rahul Mishra,Male,45,Asansol,West Bengal,Regular,2023-04-27
12844,Meera Agarwal,Female,38,Durgapur,West Bengal,Regular,2024-04-14
12845,Kavya Bansal,Female,18,Thane,Maharashtra,Premium,2024-02-14
12846,Diya Agarwal,Female,26,Lucknow,Uttar Pradesh,Premium,2025-07-14
12847,Rahul Verma,Male,34,Gandhinagar,Gujarat,Regular,2023-02-28
12848,Aditi Saini,Male,51,Dwarka,Delhi,VIP,2025-08-31
12849,Neha Mishra,Female,47,Mumbai,Maharashtra,VIP,2024-07-02
12850,Diya Gupta,Female,24,Varanasi,Uttar Pradesh,Premium,2023-09-17
12851,Sneha Gupta,Female,18,Pune,Maharashtra,Regular,2023-03-24
12852,Aman Bansal,Female,32,Saket,Delhi,Regular,2025-07-20
12853,Aman Singh,Male,35,Jalandhar,Punjab,Regular,2025-11-06
12854,Arjun Gupta,Female,22,Siliguri,West Bengal,New,2025-09-30
12855,Aman Sharma,Female,25,Ambala,Haryana,Regular,2023-12-29
12856,Diya Bansal,Female,55,Ajmer,Rajasthan,Regular,2025-03-11
12857,Aarav Saini,Female,30,New Delhi,Delhi,Regular,2023-06-27
12858,Isha Sharma,Male,31,Faridabad,Haryana,Regular,2025-12-27
12859,Aarav Agarwal,Female,62,Panipat,Haryana,New,2024-04-27
12860,Meera Kapoor,Female,31,Patiala,Punjab,Premium,2025-05-12
12861,Aman Sharma,Male,24,Kolkata,West Bengal,Regular,2025-04-19
12862,Yash Mehta,Male,27,Rohini,Delhi,Regular,2023-05-16
12863,Riya Singh,Female,37,Howrah,West Bengal,Regular,2023-12-07
12864,Riya Chopra,Male,29,Mumbai,Maharashtra,New,2025-11-05
12865,Meera Mishra,Female,33,Lucknow,Uttar Pradesh,Premium,2023-11-25
12866,Kavya Mishra,Male,34,Nagpur,Maharashtra,New,2024-06-04
12867,Arjun Singh,Female,65,Ajmer,Rajasthan,Regular,2023-07-26
12868,Meera Saini,Male,41,Ahmedabad,Gujarat,Premium,2023-03-20
12869,Riya Saini,Male,24,Karol Bagh,Delhi,Regular,2025-10-10
12870,Ananya Gupta,Female,32,Kanpur,Uttar Pradesh,Regular,2025-08-21
12871,Aditi Kumar,Female,42,Kolkata,West Bengal,Regular,2024-06-28
12872,Isha Chopra,Male,45,Kolkata,West Bengal,New,2024-12-21
12873,Rohan Yadav,Male,18,Durgapur,West Bengal,Regular,2024-02-07
12874,Vikas Arora,Female,20,Lucknow,Uttar Pradesh,Regular,2023-04-06
12875,Diya Verma,Female,39,Ahmedabad,Gujarat,New,2025-03-27
12876,Aditya Verma,Female,28,Jodhpur,Rajasthan,Regular,2025-08-07
12877,Aditi Verma,Female,26,Kota,Rajasthan,New,2023-08-23
12878,Diya Sharma,Male,36,Karol Bagh,Delhi,Premium,2024-12-12
12879,Karan Sharma,Female,42,Mumbai,Maharashtra,Premium,2025-05-03
12880,Vivaan Arora,Female,32,Patiala,Punjab,New,2025-06-04
12881,Sneha Mehta,Female,18,Noida,Uttar Pradesh,Premium,2024-12-14
12882,Yash Sharma,Female,29,Surat,Gujarat,Regular,2024-05-03
12883,Rohan Kapoor,Female,22,Rohini,Delhi,Regular,2024-03-16
12884,Yash Agarwal,Female,40,Karnal,Haryana,Regular,2023-03-03
12885,Yash Singh,Female,55,Gurugram,Haryana,Regular,2024-01-31
12886,Riya Singh,Female,37,Kolkata,West Bengal,New,2023-05-02
12887,Aditya Arora,Female,38,Udaipur,Rajasthan,New,2024-04-15
12888,Sneha Bansal,Female,42,Lucknow,Uttar Pradesh,Regular,2024-09-16
12889,Kavya Mehta,Female,47,Rajkot,Gujarat,VIP,2024-08-14
12890,Aditya Verma,Male,28,Surat,Gujarat,Regular,2024-07-02
12891,Meera Gupta,Male,33,Kanpur,Uttar Pradesh,Regular,2023-01-30
12892,Vivaan Verma,Female,43,Pune,Maharashtra,VIP,2024-12-13
12893,Aman Gupta,Female,25,Ahmedabad,Gujarat,Regular,2023-12-23
12894,Vikas Mishra,Male,19,Pune,Maharashtra,Regular,2025-05-17
12895,Neha Saini,Male,29,Jalandhar,Punjab,Premium,2025-04-17
12896,Ananya Kapoor,Male,47,Kolkata,West Bengal,Regular,2025-04-10
12897,Kavya Bansal,Male,35,Kota,Rajasthan,New,2023-10-02
12898,Rahul Bansal,Male,29,Saket,Delhi,Premium,2024-09-26
12899,Vivaan Mehta,Female,44,Agra,Uttar Pradesh,Premium,2025-10-09
12900,Rohan Agarwal,Female,40,Karnal,Haryana,Regular,2024-12-13
12901,Neha Singh,Female,26,Patiala,Punjab,Regular,2023-11-11
12902,Arjun Arora,Male,32,Surat,Gujarat,Regular,2025-03-04
12903,Isha Kapoor,Female,24,Karnal,Haryana,Regular,2025-12-02
12904,Aarav Singh,Female,35,Noida,Uttar Pradesh,Premium,2024-08-28
12905,Rohan Arora,Male,40,Jaipur,Rajasthan,New,2025-05-15
12906,Aditya Agarwal,Male,18,Ambala,Haryana,Premium,2023-07-19
12907,Kavya Mishra,Female,24,Durgapur,West Bengal,Premium,2024-06-16
12908,Rahul Chopra,Female,51,Karol Bagh,Delhi,New,2024-04-12
12909,Aditya Kapoor,Female,31,Varanasi,Uttar Pradesh,Regular,2025-01-09
12910,Vivaan Kapoor,Male,51,Varanasi,Uttar Pradesh,Regular,2025-05-31
12911,Yash Yadav,Female,21,Rohini,Delhi,Regular,2023-09-26
12912,Diya Mehta,Male,29,Ambala,Haryana,Premium,2025-08-05
12913,Aman Saini,Female,36,Rajkot,Gujarat,Regular,2023-12-07
12914,Kavya Mishra,Female,31,Kolkata,West Bengal,New,2025-06-29
12915,Aman Kumar,Male,47,New Delhi,Delhi,Premium,2024-04-22
12916,Riya Kumar,Male,33,Pune,Maharashtra,Regular,2024-11-30
12917,Aditya Arora,Male,41,Rajkot,Gujarat,VIP,2023-04-04
12918,Karan Mishra,Male,23,Vadodara,Gujarat,Regular,2025-12-21
12919,Kavya Sharma,Male,37,Noida,Uttar Pradesh,Regular,2023-04-15
12920,Aman Sharma,Female,31,Varanasi,Uttar Pradesh,Regular,2024-09-09
12921,Isha Saini,Female,24,Lucknow,Uttar Pradesh,Premium,2023-10-05
12922,Aman Yadav,Female,39,Pune,Maharashtra,Regular,2023-09-08
12923,Vivaan Chopra,Female,48,Ahmedabad,Gujarat,Premium,2024-02-29
12924,Aarav Sharma,Female,28,Patiala,Punjab,New,2024-06-26
12925,Riya Mehta,Female,38,Lucknow,Uttar Pradesh,Regular,2023-11-23
12926,Aarav Saini,Male,32,Kolkata,West Bengal,New,2023-09-20
12927,Yash Arora,Female,35,Rajkot,Gujarat,VIP,2023-03-26
12928,Rahul Mishra,Male,42,Kolkata,West Bengal,New,2023-05-03
12929,Aman Verma,Male,48,Ahmedabad,Gujarat,Regular,2023-03-24
12930,Yash Yadav,Female,46,Agra,Uttar Pradesh,New,2023-08-23
12931,Isha Saini,Male,27,Nashik,Maharashtra,VIP,2023-05-10
12932,Riya Chopra,Female,21,Nashik,Maharashtra,Regular,2023-05-27
12933,Aman Bansal,Male,18,Karnal,Haryana,VIP,2025-07-11
12934,Aditya Kapoor,Male,40,Udaipur,Rajasthan,New,2024-07-31
12935,Meera Yadav,Female,29,Nagpur,Maharashtra,New,2025-11-15
12936,Aditi Bansal,Male,45,Jalandhar,Punjab,Regular,2023-09-25
12937,Riya Bansal,Male,24,Ahmedabad,Gujarat,Regular,2025-07-13
12938,Aditya Kumar,Male,38,Mumbai,Maharashtra,Regular,2025-12-14
12939,Isha Arora,Other,18,Siliguri,West Bengal,Premium,2024-12-29
12940,Karan Chopra,Male,39,Faridabad,Haryana,New,2024-04-27
12941,Yash Agarwal,Female,38,New Delhi,Delhi,Regular,2023-02-02
12942,Kavya Yadav,Female,23,Thane,Maharashtra,Regular,2023-12-04
12943,Rahul Mishra,Female,36,Agra,Uttar Pradesh,Regular,2025-10-28
12944,Rohan Singh,Female,55,Mumbai,Maharashtra,Regular,2024-07-29
12945,Rohan Mishra,Male,41,Gandhinagar,Gujarat,New,2023-07-11
12946,Kavya Kapoor,Female,64,Amritsar,Punjab,VIP,2025-09-05
12947,Karan Singh,Female,36,Ajmer,Rajasthan,Premium,2024-12-13
12948,Aarav Sharma,Male,40,Jaipur,Rajasthan,Regular,2023-11-23
12949,Yash Kapoor,Male,29,Kanpur,Uttar Pradesh,Regular,2024-06-12
12950,Vivaan Saini,Female,36,Kolkata,West Bengal,New,2024-02-06
12951,Rohan Mishra,Female,24,Vadodara,Gujarat,Regular,2023-08-05
12952,Aditi Yadav,Female,43,Pune,Maharashtra,Regular,2023-09-01
12953,Riya Mehta,Female,26,Pune,Maharashtra,Regular,2023-10-08
12954,Diya Mehta,Female,51,Kota,Rajasthan,Premium,2025-06-20
12955,Isha Verma,Male,21,Howrah,West Bengal,Regular,2025-03-02
12956,Riya Arora,Male,31,Nagpur,Maharashtra,New,2025-12-22
12957,Kavya Kapoor,Female,32,Vadodara,Gujarat,Regular,2025-11-18
12958,Sneha Kapoor,Male,23,Surat,Gujarat,Premium,2024-05-15
12959,Sneha Kumar,Male,36,Karol Bagh,Delhi,New,2025-03-04
12960,Riya Kumar,Female,29,Vadodara,Gujarat,Regular,2024-04-24
12961,Riya Arora,Male,48,Rohini,Delhi,Regular,2024-10-18
12962,Arjun Sharma,Male,26,Varanasi,Uttar Pradesh,Premium,2025-11-20
12963,Aditi Bansal,Female,38,Agra,Uttar Pradesh,Regular,2024-10-24
12964,Aarav Mishra,Female,33,Howrah,West Bengal,Premium,2025-08-23
12965,Neha Chopra,Male,32,Vadodara,Gujarat,Regular,2023-05-07
12966,Neha Sharma,Female,35,Nashik,Maharashtra,Premium,2023-08-12
12967,Yash Agarwal,Female,41,Nashik,Maharashtra,Premium,2023-05-07
12968,Isha Singh,Male,18,Nashik,Maharashtra,Premium,2023-06-09
12969,Sneha Saini,Male,34,Siliguri,West Bengal,Premium,2023-02-02
12970,Isha Sharma,Male,26,Jaipur,Rajasthan,Regular,2024-03-31
12971,Aditya Mishra,Female,27,Kanpur,Uttar Pradesh,Regular,2024-11-28
12972,Aarav Kumar,Female,36,Jalandhar,Punjab,Premium,2023-10-09
12973,Rohan Bansal,Female,45,Surat,Gujarat,Regular,2023-06-02
12974,Isha Arora,Female,50,Ahmedabad,Gujarat,New,2025-08-17
12975,Rohan Kumar,Male,28,Noida,Uttar Pradesh,Premium,2025-12-20
12976,Diya Verma,Male,18,Panipat,Haryana,Regular,2023-12-22
12977,Meera Sharma,Male,35,Gandhinagar,Gujarat,New,2024-01-24
12978,Rohan Yadav,Male,18,Ambala,Haryana,Regular,2025-05-15
12979,Riya Yadav,Female,38,Mumbai,Maharashtra,Premium,2023-10-31
12980,Karan Mishra,Female,25,Asansol,West Bengal,Premium,2024-11-14
12981,Ananya Agarwal,Male,37,Varanasi,Uttar Pradesh,Regular,2023-10-13
12982,Aditi Bansal,Male,25,Karol Bagh,Delhi,New,2024-06-03
12983,Meera Sharma,Male,22,Mumbai,Maharashtra,Premium,2024-05-16
12984,Neha Mishra,Female,23,Gandhinagar,Gujarat,Regular,2023-07-04
12985,Ananya Mishra,Female,38,Nagpur,Maharashtra,Regular,2023-03-12
12986,Isha Yadav,Female,21,Kolkata,West Bengal,Premium,2025-08-23
12987,Sneha Mishra,Male,39,Panipat,Haryana,New,2023-10-14
12988,Yash Agarwal,Male,52,Ajmer,Rajasthan,Regular,2023-04-13
12989,Aarav Bansal,Male,51,Nashik,Maharashtra,New,2025-06-24
12990,Arjun Yadav,Other,18,Ahmedabad,Gujarat,Premium,2024-10-14
12991,Diya Arora,Female,21,Amritsar,Punjab,New,2025-06-19
12992,Sneha Bansal,Female,39,Vadodara,Gujarat,Regular,2023-12-30
12993,Aditya Mehta,Female,23,Pune,Maharashtra,Premium,2024-11-08
12994,Aditya Sharma,Female,40,Varanasi,Uttar Pradesh,Regular,2025-11-27
12995,Aditya Agarwal,Male,18,Patiala,Punjab,New,2023-04-22
12996,Sneha Singh,Male,33,Asansol,West Bengal,New,2025-03-14
12997,Vivaan Yadav,Female,43,Amritsar,Punjab,Regular,2025-05-27
12998,Aman Mishra,Male,18,Noida,Uttar Pradesh,Regular,2024-03-21
12999,Arjun Gupta,Male,33,Agra,Uttar Pradesh,Premium,2024-09-01
13000,Aarav Bansal,Female,33,Howrah,West Bengal,Regular,2025-10-06
13001,Ananya Chopra,Female,40,Pune,Maharashtra,Premium,2023-02-28
13002,Meera Gupta,Female,27,Gandhinagar,Gujarat,VIP,2025-06-24
13003,Kavya Yadav,Male,20,Dwarka,Delhi,Premium,2024-05-19
13004,Aditya Kapoor,Male,18,Nashik,Maharashtra,Regular,2023-12-24
13005,Neha Sharma,Female,47,Pune,Maharashtra,VIP,2025-12-18
13006,Rohan Arora,Female,42,Rajkot,Gujarat,VIP,2024-09-16
13007,Sneha Gupta,Female,34,Asansol,West Bengal,Regular,2023-03-04
13008,Karan Gupta,Female,33,Karnal,Haryana,Regular,2025-03-21
13009,Karan Yadav,Female,38,Mumbai,Maharashtra,Premium,2023-12-03
13010,Ananya Kapoor,Male,44,Panipat,Haryana,Premium,2025-02-02
13011,Aarav Sharma,Male,18,Nashik,Maharashtra,New,2025-05-18
13012,Riya Kumar,Male,18,Noida,Uttar Pradesh,VIP,2024-08-14
13013,Yash Kumar,Female,18,Agra,Uttar Pradesh,Regular,2024-02-26
13014,Vikas Mishra,Male,31,Varanasi,Uttar Pradesh,Regular,2025-07-01
13015,Aarav Kapoor,Female,36,Pune,Maharashtra,Regular,2023-06-07
13016,Ananya Singh,Female,44,Agra,Uttar Pradesh,Regular,2023-09-19
13017,Isha Mehta,Male,18,Surat,Gujarat,Regular,2023-02-06
13018,Isha Kapoor,Female,21,Agra,Uttar Pradesh,Regular,2024-11-15
13019,Ananya Verma,Female,35,Faridabad,Haryana,Regular,2023-04-23
13020,Aarav Yadav,Female,37,Gandhinagar,Gujarat,Regular,2023-05-15
13021,Aditya Chopra,Female,32,Lucknow,Uttar Pradesh,Premium,2024-07-25
13022,Aarav Singh,Male,23,Kanpur,Uttar Pradesh,New,2024-09-03
13023,Karan Kumar,Male,27,Nashik,Maharashtra,VIP,2025-11-09
13024,Ananya Singh,Male,33,Agra,Uttar Pradesh,Premium,2023-02-09
13025,Isha Saini,Female,18,Karnal,Haryana,Premium,2024-01-04
13026,Karan Gupta,Female,25,Lucknow,Uttar Pradesh,Regular,2023-10-28
13027,Riya Kumar,Female,20,Durgapur,West Bengal,VIP,2025-09-19
13028,Isha Chopra,Male,39,Thane,Maharashtra,New,2025-05-01
13029,Aarav Mishra,Female,25,Nagpur,Maharashtra,New,2024-01-28
13030,Karan Kumar,Other,21,Thane,Maharashtra,Premium,2025-12-08
13031,Diya Sharma,Female,29,Rohini,Delhi,Premium,2023-05-08
13032,Neha Arora,Male,42,Kanpur,Uttar Pradesh,Regular,2023-10-26
13033,Vikas Mishra,Female,34,Surat,Gujarat,Regular,2023-09-26
13034,Sneha Kumar,Male,45,Karnal,Haryana,Regular,2024-07-24
13035,Vivaan Saini,Male,43,Rohini,Delhi,Regular,2023-11-21
13036,Ananya Chopra,Male,27,Saket,Delhi,Regular,2024-02-24
13037,Aditya Mehta,Male,35,Agra,Uttar Pradesh,VIP,2025-03-04
13038,Meera Kumar,Female,45,Howrah,West Bengal,VIP,2023-09-08
13039,Meera Bansal,Male,29,Karnal,Haryana,VIP,2023-04-16
13040,Isha Chopra,Female,36,Jodhpur,Rajasthan,Regular,2025-12-16
13041,Aditi Bansal,Male,25,Mohali,Punjab,Regular,2024-06-06
13042,Aditi Chopra,Male,32,Asansol,West Bengal,Regular,2024-12-16
13043,Vikas Kapoor,Male,31,Amritsar,Punjab,Regular,2024-01-20
13044,Sneha Mehta,Male,40,Noida,Uttar Pradesh,Regular,2023-03-30
13045,Neha Kumar,Male,30,Vadodara,Gujarat,Regular,2024-09-13
13046,Kavya Verma,Female,36,Nashik,Maharashtra,Regular,2023-09-10
13047,Sneha Chopra,Other,38,Noida,Uttar Pradesh,Premium,2023-04-19
13048,Aarav Bansal,Male,26,Noida,Uttar Pradesh,Regular,2024-01-01
13049,Neha Mishra,Male,30,Kanpur,Uttar Pradesh,Premium,2025-11-16
13050,Aditi Agarwal,Male,39,Dwarka,Delhi,Regular,2024-11-21
13051,Meera Arora,Female,52,Dwarka,Delhi,New,2023-10-28
13052,Ananya Kapoor,Female,21,Udaipur,Rajasthan,Regular,2023-10-01
13053,Yash Kapoor,Female,39,Saket,Delhi,New,2024-06-21
13054,Aarav Bansal,Male,46,Agra,Uttar Pradesh,Regular,2023-02-18
13055,Aman Kumar,Male,35,Nagpur,Maharashtra,New,2023-04-09
13056,Neha Agarwal,Male,25,Siliguri,West Bengal,VIP,2025-05-27
13057,Ananya Arora,Female,33,Nagpur,Maharashtra,New,2023-06-23
13058,Arjun Agarwal,Male,24,Panipat,Haryana,Premium,2024-02-28
13059,Kavya Mishra,Female,29,Karnal,Haryana,Premium,2023-01-06
13060,Aarav Kumar,Female,38,Asansol,West Bengal,Regular,2025-06-12
13061,Kavya Singh,Female,33,Varanasi,Uttar Pradesh,New,2024-05-29
13062,Riya Bansal,Male,36,Panipat,Haryana,Regular,2024-10-17
13063,Ananya Agarwal,Female,22,Nagpur,Maharashtra,Regular,2024-12-02
13064,Rohan Arora,Male,28,Nashik,Maharashtra,New,2024-07-01
13065,Aman Verma,Other,40,Pune,Maharashtra,Regular,2025-10-04
13066,Rahul Sharma,Male,18,Dwarka,Delhi,Regular,2024-04-22
13067,Aditya Yadav,Male,21,Faridabad,Haryana,Premium,2023-05-03
13068,Aarav Agarwal,Male,31,Siliguri,West Bengal,Regular,2023-01-06
13069,Aditi Kumar,Female,29,New Delhi,Delhi,Premium,2023-04-05
13070,Meera Yadav,Male,42,Nashik,Maharashtra,New,2024-02-10
13071,Kavya Agarwal,Male,18,Mumbai,Maharashtra,Regular,2023-03-16
13072,Aditya Gupta,Male,33,Thane,Maharashtra,Regular,2023-04-27
13073,Aarav Kumar,Male,48,Agra,Uttar Pradesh,Premium,2025-01-24
13074,Aarav Chopra,Female,37,Saket,Delhi,Premium,2024-08-05
13075,Aman Gupta,Male,19,Nagpur,Maharashtra,Premium,2025-11-02
13076,Isha Mehta,Female,58,Durgapur,West Bengal,Regular,2025-11-05
13077,Ananya Mehta,Female,29,Howrah,West Bengal,Regular,2023-05-25
13078,Aditya Bansal,Female,18,Mohali,Punjab,Regular,2025-11-10
13079,Vikas Saini,Male,42,Amritsar,Punjab,Premium,2023-03-06
13080,Aditya Kumar,Male,26,Durgapur,West Bengal,Regular,2023-09-01
13081,Sneha Kumar,Female,53,Gandhinagar,Gujarat,Regular,2023-09-16
13082,Kavya Kumar,Female,41,Asansol,West Bengal,Premium,2024-11-01
13083,Vivaan Bansal,Male,55,Rohini,Delhi,Premium,2024-03-21
13084,Rahul Sharma,Female,23,Pune,Maharashtra,New,2023-10-16
13085,Neha Chopra,Female,47,Nagpur,Maharashtra,VIP,2023-10-17
13086,Karan Kapoor,Male,26,Thane,Maharashtra,Regular,2023-10-04
13087,Diya Verma,Female,37,Noida,Uttar Pradesh,Regular,2025-10-29
13088,Ananya Mehta,Male,36,Gurugram,Haryana,VIP,2024-06-28
13089,Kavya Bansal,Male,48,Thane,Maharashtra,Regular,2023-01-01
13090,Arjun Gupta,Male,42,Rohini,Delhi,Premium,2024-09-01
13091,Isha Saini,Male,29,Varanasi,Uttar Pradesh,Regular,2024-04-27
13092,Kavya Verma,Male,45,Siliguri,West Bengal,Premium,2023-02-23
13093,Yash Arora,Female,33,Varanasi,Uttar Pradesh,Premium,2024-10-21
13094,Sneha Agarwal,Female,41,Rajkot,Gujarat,Regular,2024-03-07
13095,Yash Mishra,Female,37,Ludhiana,Punjab,Premium,2023-01-14
13096,Neha Mehta,Female,32,Thane,Maharashtra,VIP,2025-10-04
13097,Aditya Chopra,Male,21,Durgapur,West Bengal,Regular,2024-10-31
13098,Aman Chopra,Male,36,Gurugram,Haryana,Regular,2023-04-29
13099,Yash Agarwal,Female,27,Ambala,Haryana,Premium,2023-06-11
13100,Diya Arora,Female,22,Agra,Uttar Pradesh,Regular,2024-12-27
13101,Vikas Arora,Male,42,Ambala,Haryana,VIP,2024-05-22
13102,Yash Sharma,Other,28,Surat,Gujarat,New,2024-06-06
13103,Vikas Verma,Male,18,Howrah,West Bengal,Regular,2025-10-03
13104,Aditi Yadav,Female,34,Varanasi,Uttar Pradesh,Premium,2025-09-22
13105,Karan Chopra,Female,32,New Delhi,Delhi,Regular,2023-05-04
13106,Aarav Yadav,Male,33,Agra,Uttar Pradesh,Regular,2025-12-23
13107,Aarav Bansal,Male,33,Thane,Maharashtra,Regular,2025-08-20
13108,Aditya Arora,Female,24,Karnal,Haryana,Premium,2023-10-14
13109,Karan Kapoor,Male,30,Thane,Maharashtra,Regular,2025-07-10
13110,Yash Kumar,Male,44,Pune,Maharashtra,Regular,2025-04-18
13111,Meera Verma,Male,43,Nagpur,Maharashtra,Premium,2024-01-08
13112,Aditya Gupta,Female,30,Karol Bagh,Delhi,Regular,2024-09-30
13113,Aman Mehta,Female,40,Nashik,Maharashtra,Regular,2025-08-25
13114,Aditya Agarwal,Female,35,Ambala,Haryana,Regular,2025-04-26
13115,Arjun Chopra,Female,31,Karol Bagh,Delhi,New,2025-08-15
13116,Ananya Saini,Female,46,Asansol,West Bengal,Regular,2023-09-12
13117,Vikas Kapoor,Male,25,Gandhinagar,Gujarat,Regular,2023-03-18
13118,Yash Arora,Female,37,Faridabad,Haryana,Regular,2024-10-01
13119,Diya Sharma,Male,18,Saket,Delhi,Regular,2024-12-18
13120,Riya Gupta,Male,38,Karol Bagh,Delhi,Regular,2025-08-18
13121,Karan Kumar,Female,27,New Delhi,Delhi,Premium,2025-03-07
13122,Vikas Verma,Male,30,Karol Bagh,Delhi,Regular,2024-12-28
13123,Riya Gupta,Female,31,Faridabad,Haryana,New,2024-04-17
13124,Sneha Chopra,Male,18,Udaipur,Rajasthan,New,2024-02-25
13125,Riya Mishra,Female,18,Gandhinagar,Gujarat,Regular,2023-10-29
13126,Yash Kapoor,Male,42,Thane,Maharashtra,Regular,2023-06-12
13127,Aditi Gupta,Male,35,Thane,Maharashtra,Regular,2023-10-20
13128,Arjun Singh,Male,49,Ambala,Haryana,New,2023-08-27
13129,Aman Mehta,Male,20,Kolkata,West Bengal,Regular,2023-08-11
13130,Aditya Gupta,Male,43,Gandhinagar,Gujarat,New,2023-03-21
13131,Yash Mishra,Female,39,Rajkot,Gujarat,New,2023-03-05
13132,Rohan Agarwal,Female,46,Rajkot,Gujarat,Premium,2024-04-01
13133,Rahul Kumar,Male,33,Kolkata,West Bengal,Premium,2025-07-03
13134,Karan Arora,Male,35,Ajmer,Rajasthan,Premium,2024-06-30
13135,Vikas Verma,Male,25,Rohini,Delhi,Regular,2023-09-18
13136,Sneha Mehta,Male,31,Thane,Maharashtra,Regular,2023-04-07
13137,Rahul Gupta,Female,29,Rajkot,Gujarat,Regular,2024-06-29
13138,Karan Kumar,Male,21,Surat,Gujarat,Premium,2025-11-14
13139,Sneha Yadav,Female,35,Udaipur,Rajasthan,Regular,2025-03-02
13140,Neha Yadav,Male,43,Gurugram,Haryana,Regular,2025-02-25
13141,Rahul Kumar,Female,46,Varanasi,Uttar Pradesh,New,2025-11-08
13142,Diya Bansal,Female,26,Kolkata,West Bengal,Regular,2023-06-03
13143,Ananya Singh,Male,34,Thane,Maharashtra,Premium,2023-02-09
13144,Sneha Chopra,Female,33,Jodhpur,Rajasthan,Regular,2025-07-09
13145,Diya Verma,Female,49,Rohini,Delhi,Regular,2025-06-27
13146,Rahul Kapoor,Female,52,Kanpur,Uttar Pradesh,Regular,2023-02-06
13147,Aarav Saini,Male,21,Siliguri,West Bengal,Premium,2023-08-19
13148,Isha Kumar,Female,39,Thane,Maharashtra,New,2023-06-24
13149,Kavya Bansal,Female,39,Gandhinagar,Gujarat,Regular,2025-07-25
13150,Yash Kapoor,Male,32,Noida,Uttar Pradesh,VIP,2023-08-16
13151,Yash Yadav,Male,21,Nagpur,Maharashtra,Regular,2024-09-21
13152,Neha Saini,Male,41,Rohini,Delhi,New,2023-09-02
13153,Aman Chopra,Male,46,Nashik,Maharashtra,Regular,2025-04-04
13154,Aditi Gupta,Other,29,Agra,Uttar Pradesh,New,2025-07-05
13155,Ananya Arora,Male,46,Lucknow,Uttar Pradesh,Regular,2025-06-28
13156,Riya Yadav,Female,34,Thane,Maharashtra,New,2024-09-28
13157,Ananya Kapoor,Male,48,Kolkata,West Bengal,New,2024-10-29
13158,Vivaan Gupta,Male,48,Karnal,Haryana,Premium,2023-12-29
13159,Yash Verma,Female,34,Vadodara,Gujarat,Premium,2025-05-01
13160,Isha Kapoor,Male,38,Noida,Uttar Pradesh,Regular,2024-06-06
13161,Aarav Gupta,Female,27,Kanpur,Uttar Pradesh,Premium,2024-02-13
13162,Isha Agarwal,Female,18,Ambala,Haryana,Premium,2023-04-19
13163,Aditi Mehta,Female,37,Noida,Uttar Pradesh,Regular,2025-06-14
13164,Aarav Kumar,Female,19,Jodhpur,Rajasthan,New,2023-02-22
13165,Sneha Saini,Female,55,Ambala,Haryana,Premium,2025-07-06
13166,Neha Mishra,Female,45,Ajmer,Rajasthan,Regular,2024-07-03
13167,Diya Arora,Male,32,Durgapur,West Bengal,Regular,2023-08-03
13168,Arjun Bansal,Female,61,Jalandhar,Punjab,Regular,2024-08-21
13169,Aditya Mishra,Female,28,Surat,Gujarat,New,2025-07-17
13170,Ananya Agarwal,Female,30,Varanasi,Uttar Pradesh,Premium,2025-11-15
13171,Riya Agarwal,Male,30,Nagpur,Maharashtra,New,2024-01-04
13172,Rahul Kapoor,Female,33,Karol Bagh,Delhi,Regular,2023-06-07
13173,Yash Sharma,Female,31,Ludhiana,Punjab,New,2025-08-10
13174,Isha Bansal,Male,39,Patiala,Punjab,Regular,2023-05-23
13175,Yash Singh,Female,24,Faridabad,Haryana,Regular,2024-04-01
13176,Diya Kumar,Female,35,Jalandhar,Punjab,Regular,2023-05-22
13177,Kavya Kapoor,Female,29,Nagpur,Maharashtra,New,2024-01-25
13178,Riya Verma,Male,35,Asansol,West Bengal,Regular,2024-01-19
13179,Vikas Bansal,Male,23,Vadodara,Gujarat,New,2024-02-29
13180,Karan Bansal,Female,25,Thane,Maharashtra,Regular,2023-05-19
13181,Karan Gupta,Female,55,Jalandhar,Punjab,New,2025-12-13
13182,Aditya Verma,Male,25,Varanasi,Uttar Pradesh,Regular,2025-11-10
13183,Rohan Mishra,Male,39,Kanpur,Uttar Pradesh,New,2024-12-06
13184,Diya Mehta,Male,29,Dwarka,Delhi,VIP,2025-07-03
13185,Meera Kumar,Male,24,Ajmer,Rajasthan,Regular,2025-10-20
13186,Karan Singh,Female,35,Udaipur,Rajasthan,New,2024-12-02
13187,Sneha Mishra,Female,25,Lucknow,Uttar Pradesh,New,2025-06-01
13188,Aditya Sharma,Female,39,Lucknow,Uttar Pradesh,Regular,2023-08-14
13189,Rohan Mehta,Female,33,Surat,Gujarat,Premium,2023-06-02
13190,Karan Singh,Female,47,Ahmedabad,Gujarat,New,2024-06-07
13191,Arjun Saini,Male,21,Agra,Uttar Pradesh,Premium,2024-08-21
13192,Isha Arora,Female,37,Kolkata,West Bengal,Regular,2025-11-03
13193,Ananya Arora,Male,38,Durgapur,West Bengal,Premium,2023-01-17
13194,Kavya Kapoor,Female,24,Kanpur,Uttar Pradesh,Premium,2024-08-22
13195,Rohan Kumar,Male,27,Agra,Uttar Pradesh,VIP,2025-08-24
13196,Aditya Verma,Male,20,Kota,Rajasthan,New,2025-11-03
13197,Aditya Kapoor,Male,18,Howrah,West Bengal,Premium,2024-02-09
13198,Aditya Saini,Female,33,Siliguri,West Bengal,New,2025-01-24
13199,Meera Mishra,Male,42,Ludhiana,Punjab,Regular,2025-12-17
13200,Vivaan Singh,Male,33,Kanpur,Uttar Pradesh,Regular,2023-10-06
13201,Diya Kumar,Female,33,Mumbai,Maharashtra,Regular,2023-03-27
13202,Rahul Sharma,Female,21,Jaipur,Rajasthan,Regular,2023-05-01
13203,Sneha Arora,Male,18,New Delhi,Delhi,VIP,2024-02-17
13204,Aman Gupta,Male,37,Rajkot,Gujarat,Premium,2023-08-10
13205,Ananya Mehta,Male,27,Nashik,Maharashtra,Regular,2024-08-12
13206,Riya Mehta,Female,18,Vadodara,Gujarat,Regular,2025-06-04
13207,Neha Mishra,Female,29,Vadodara,Gujarat,New,2024-11-09
13208,Riya Gupta,Male,36,Vadodara,Gujarat,Regular,2023-01-08
13209,Riya Arora,Female,38,Noida,Uttar Pradesh,Regular,2025-12-17
13210,Aarav Chopra,Male,36,Nashik,Maharashtra,Premium,2025-04-27
13211,Neha Chopra,Male,27,Amritsar,Punjab,Premium,2023-08-01
13212,Vikas Yadav,Female,40,Mumbai,Maharashtra,Regular,2025-04-01
13213,Rohan Sharma,Male,34,Mohali,Punjab,Premium,2025-03-02
13214,Vikas Yadav,Female,25,Mumbai,Maharashtra,Premium,2023-06-01
13215,Rohan Sharma,Female,23,Saket,Delhi,New,2025-03-26
13216,Riya Singh,Male,36,Mohali,Punjab,Regular,2025-08-06
13217,Isha Sharma,Male,43,Ludhiana,Punjab,Regular,2025-06-28
13218,Isha Bansal,Female,40,Faridabad,Haryana,Regular,2024-10-19
13219,Vivaan Arora,Female,36,Nashik,Maharashtra,New,2025-03-04
13220,Arjun Bansal,Male,40,Surat,Gujarat,Regular,2025-12-06
13221,Vivaan Yadav,Male,58,Jaipur,Rajasthan,New,2025-02-20
13222,Kavya Verma,Male,37,Patiala,Punjab,Premium,2024-10-26
13223,Aman Agarwal,Female,36,Gurugram,Haryana,Premium,2024-02-25
13224,Rohan Saini,Male,39,Faridabad,Haryana,Regular,2025-06-03
13225,Aarav Yadav,Male,42,Amritsar,Punjab,New,2024-09-18
13226,Aditya Sharma,Other,21,Howrah,West Bengal,Regular,2024-07-20
13227,Riya Agarwal,Male,36,New Delhi,Delhi,Regular,2023-10-10
13228,Riya Yadav,Male,44,Noida,Uttar Pradesh,Premium,2025-04-01
13229,Arjun Gupta,Female,51,Mohali,Punjab,New,2025-02-06
13230,Vikas Mehta,Female,34,New Delhi,Delhi,Premium,2025-03-19
13231,Meera Agarwal,Male,29,Ajmer,Rajasthan,Regular,2025-06-22
13232,Aditya Arora,Male,36,Nagpur,Maharashtra,New,2024-07-15
13233,Rohan Kumar,Male,28,Dwarka,Delhi,New,2024-02-15
13234,Diya Bansal,Male,50,Gurugram,Haryana,Premium,2023-12-21
13235,Aarav Kapoor,Female,39,Varanasi,Uttar Pradesh,Regular,2025-10-26
13236,Ananya Chopra,Female,33,Saket,Delhi,VIP,2025-12-27
13237,Aditya Arora,Female,45,Saket,Delhi,Premium,2023-10-18
13238,Aarav Arora,Female,22,Durgapur,West Bengal,Regular,2024-03-09
13239,Ananya Kapoor,Female,18,Nashik,Maharashtra,Regular,2025-09-04
13240,Meera Kapoor,Female,38,Thane,Maharashtra,New,2024-09-30
13241,Isha Chopra,Female,45,Lucknow,Uttar Pradesh,Premium,2023-08-05
13242,Aditi Gupta,Male,33,Noida,Uttar Pradesh,Regular,2025-12-24
13243,Rahul Saini,Female,27,Ajmer,Rajasthan,Regular,2024-10-27
13244,Isha Kumar,Male,24,Thane,Maharashtra,Premium,2025-05-14
13245,Kavya Sharma,Male,22,Mumbai,Maharashtra,New,2024-06-20
13246,Rohan Agarwal,Female,41,Ludhiana,Punjab,Regular,2023-09-03
13247,Isha Chopra,Male,42,Udaipur,Rajasthan,Regular,2023-01-25
13248,Rohan Kapoor,Female,43,Lucknow,Uttar Pradesh,New,2025-06-20
13249,Aarav Chopra,Female,34,Siliguri,West Bengal,New,2024-05-29
13250,Neha Saini,Female,22,Nashik,Maharashtra,Regular,2024-10-12
13251,Vikas Singh,Female,27,Ajmer,Rajasthan,Regular,2025-06-10
13252,Aditya Gupta,Male,40,Ludhiana,Punjab,Regular,2023-07-13
13253,Kavya Verma,Male,24,Thane,Maharashtra,Premium,2023-10-17
13254,Aditi Kumar,Female,33,Mohali,Punjab,Regular,2023-05-09
13255,Aman Kumar,Male,24,Lucknow,Uttar Pradesh,Regular,2023-02-06
13256,Meera Kumar,Female,27,Amritsar,Punjab,Regular,2023-04-15
13257,Aditya Yadav,Male,22,Thane,Maharashtra,New,2025-12-03
13258,Aditya Verma,Male,34,Dwarka,Delhi,Regular,2023-12-23
13259,Arjun Mehta,Male,19,Noida,Uttar Pradesh,Regular,2025-05-10
13260,Neha Verma,Female,26,Kolkata,West Bengal,Premium,2025-07-07
13261,Karan Gupta,Male,43,Karol Bagh,Delhi,Regular,2025-07-11
13262,Aditya Saini,Male,44,Jaipur,Rajasthan,Regular,2024-12-17
13263,Vivaan Gupta,Male,41,Agra,Uttar Pradesh,Regular,2023-01-24
13264,Aditi Agarwal,Male,48,Panipat,Haryana,Regular,2025-02-09
13265,Rahul Mehta,Male,21,Vadodara,Gujarat,Regular,2023-01-23
13266,Karan Arora,Male,33,Faridabad,Haryana,Premium,2024-07-19
13267,Kavya Gupta,Female,35,Jodhpur,Rajasthan,Regular,2024-01-27
13268,Diya Kumar,Male,54,Mumbai,Maharashtra,Regular,2025-11-11
13269,Rohan Agarwal,Male,32,Thane,Maharashtra,Premium,2024-11-16
13270,Aditi Singh,Female,42,Pune,Maharashtra,Premium,2023-12-17
13271,Vikas Gupta,Male,51,Saket,Delhi,Premium,2025-01-21
13272,Rohan Kapoor,Female,35,Panipat,Haryana,Regular,2025-02-06
13273,Rahul Verma,Male,29,Nagpur,Maharashtra,Regular,2024-12-01
13274,Vikas Saini,Male,30,Jodhpur,Rajasthan,Premium,2023-03-02
13275,Sneha Verma,Male,18,Gandhinagar,Gujarat,Premium,2024-10-16
13276,Isha Mehta,Female,29,Vadodara,Gujarat,Regular,2023-02-13
13277,Isha Chopra,Female,20,Gandhinagar,Gujarat,Premium,2023-08-23
13278,Aarav Saini,Male,42,Kota,Rajasthan,New,2023-05-04
13279,Rahul Chopra,Female,18,Varanasi,Uttar Pradesh,New,2024-12-24
13280,Vivaan Kumar,Male,38,Vadodara,Gujarat,VIP,2024-02-29
13281,Meera Agarwal,Male,45,Noida,Uttar Pradesh,VIP,2023-05-02
13282,Meera Saini,Female,41,Mohali,Punjab,Premium,2023-05-08
13283,Riya Bansal,Female,29,Surat,Gujarat,Regular,2024-03-06
13284,Aarav Bansal,Male,42,Kolkata,West Bengal,New,2024-07-16
13285,Ananya Kumar,Male,34,Ajmer,Rajasthan,Regular,2024-11-13
13286,Karan Agarwal,Female,29,Panipat,Haryana,Premium,2023-12-20
13287,Vikas Saini,Female,30,Noida,Uttar Pradesh,Regular,2025-06-11
13288,Meera Agarwal,Male,38,Gandhinagar,Gujarat,Premium,2024-04-30
13289,Neha Yadav,Female,18,Howrah,West Bengal,Premium,2025-09-26
13290,Arjun Bansal,Male,29,Dwarka,Delhi,Regular,2023-06-20
13291,Meera Kapoor,Female,38,Faridabad,Haryana,VIP,2023-03-30
13292,Ananya Mehta,Female,29,Durgapur,West Bengal,Premium,2025-03-05
13293,Rahul Arora,Female,21,Varanasi,Uttar Pradesh,Premium,2023-11-12
13294,Riya Sharma,Female,25,Ajmer,Rajasthan,Regular,2024-08-14
13295,Riya Chopra,Male,36,Siliguri,West Bengal,VIP,2024-05-09
13296,Arjun Mehta,Male,39,Ambala,Haryana,Regular,2023-05-22
13297,Aditi Singh,Female,45,Nagpur,Maharashtra,Regular,2023-07-07
13298,Ananya Singh,Male,42,Ambala,Haryana,Premium,2024-02-07
13299,Diya Mishra,Male,42,Noida,Uttar Pradesh,Regular,2025-03-17
13300,Aman Agarwal,Female,18,Rajkot,Gujarat,Regular,2023-06-04
13301,Neha Mehta,Male,42,Kanpur,Uttar Pradesh,Regular,2024-05-26
13302,Rohan Verma,Male,29,Durgapur,West Bengal,Regular,2025-07-15
13303,Isha Kapoor,Male,20,Nashik,Maharashtra,VIP,2025-05-28
13304,Sneha Gupta,Female,40,Agra,Uttar Pradesh,Premium,2023-09-26
13305,Ananya Saini,Male,36,Rohini,Delhi,Regular,2024-08-29
13306,Arjun Mishra,Male,43,Agra,Uttar Pradesh,New,2024-03-14
13307,Vikas Arora,Female,29,Lucknow,Uttar Pradesh,VIP,2025-06-24
13308,Isha Kapoor,Female,34,Faridabad,Haryana,Regular,2025-05-04
13309,Aman Mishra,Female,18,Noida,Uttar Pradesh,New,2025-12-11
13310,Isha Arora,Female,54,Jaipur,Rajasthan,Regular,2025-02-25
13311,Aditi Mehta,Male,21,Pune,Maharashtra,New,2023-12-23
13312,Vivaan Sharma,Female,26,Nashik,Maharashtra,Regular,2024-01-22
13313,Diya Chopra,Male,24,Mumbai,Maharashtra,Regular,2024-07-01
13314,Karan Kumar,Male,36,Ambala,Haryana,Regular,2024-02-28
13315,Rohan Bansal,Male,26,Saket,Delhi,Regular,2025-09-20
13316,Yash Yadav,Male,45,Pune,Maharashtra,Premium,2024-03-29
13317,Aditya Kapoor,Male,37,Kota,Rajasthan,Premium,2025-10-09
13318,Rohan Kapoor,Male,19,Gurugram,Haryana,Premium,2023-12-25
13319,Diya Kapoor,Female,42,Vadodara,Gujarat,Regular,2025-10-10
13320,Aman Arora,Male,43,Ahmedabad,Gujarat,Premium,2025-06-22
13321,Aditi Kumar,Female,27,Nagpur,Maharashtra,Premium,2025-08-14
13322,Riya Yadav,Female,23,Panipat,Haryana,Premium,2025-01-17
13323,Yash Kapoor,Female,38,Ahmedabad,Gujarat,Regular,2025-06-07
13324,Ananya Yadav,Male,41,Pune,Maharashtra,New,2023-05-19
13325,Isha Verma,Female,24,Surat,Gujarat,Premium,2025-10-24
13326,Aditi Arora,Female,43,Vadodara,Gujarat,New,2024-01-15
13327,Yash Chopra,Female,28,Vadodara,Gujarat,Regular,2023-11-08
13328,Rohan Agarwal,Male,46,Udaipur,Rajasthan,Regular,2025-10-20
13329,Ananya Mehta,Male,18,Jalandhar,Punjab,Regular,2023-12-11
13330,Riya Verma,Male,27,Nagpur,Maharashtra,Regular,2025-07-08
13331,Sneha Kumar,Male,32,Nagpur,Maharashtra,Premium,2023-06-27
13332,Karan Chopra,Female,24,Rajkot,Gujarat,Premium,2025-10-02
13333,Riya Mishra,Female,34,Amritsar,Punjab,New,2023-01-26
13334,Arjun Chopra,Male,31,Karol Bagh,Delhi,Premium,2024-03-11
13335,Kavya Bansal,Male,32,Siliguri,West Bengal,Regular,2024-05-06
13336,Aman Singh,Male,30,Ahmedabad,Gujarat,Regular,2025-11-08
13337,Arjun Mehta,Male,21,Durgapur,West Bengal,Regular,2023-12-02
13338,Vikas Arora,Female,34,Vadodara,Gujarat,Regular,2025-03-18
13339,Meera Mehta,Female,33,Thane,Maharashtra,Regular,2023-03-25
13340,Aditi Mishra,Male,24,Mumbai,Maharashtra,Premium,2025-04-07
13341,Aarav Agarwal,Male,46,Howrah,West Bengal,Premium,2024-03-28
13342,Kavya Verma,Female,37,Pune,Maharashtra,Regular,2024-06-02
13343,Aditi Sharma,Male,41,Nashik,Maharashtra,Regular,2024-08-01
13344,Diya Yadav,Female,26,Ludhiana,Punjab,Regular,2023-02-14
13345,Karan Kapoor,Female,18,Ajmer,Rajasthan,VIP,2024-06-12
13346,Vikas Gupta,Female,51,Mumbai,Maharashtra,Regular,2023-10-26
13347,Aditi Kumar,Male,36,Karol Bagh,Delhi,Regular,2024-07-26
13348,Vikas Yadav,Male,38,Saket,Delhi,Regular,2024-11-08
13349,Ananya Singh,Female,37,Agra,Uttar Pradesh,New,2025-02-27
13350,Neha Bansal,Male,38,New Delhi,Delhi,VIP,2023-03-28
13351,Isha Bansal,Male,23,New Delhi,Delhi,New,2023-11-21
13352,Kavya Kapoor,Female,24,Kanpur,Uttar Pradesh,Premium,2023-11-16
13353,Aditi Arora,Female,24,Asansol,West Bengal,Premium,2025-11-30
13354,Vikas Mishra,Male,40,Jodhpur,Rajasthan,Premium,2023-11-07
13355,Aditya Yadav,Male,22,Amritsar,Punjab,Premium,2025-04-23
13356,Riya Kumar,Female,19,Panipat,Haryana,Premium,2024-04-18
13357,Arjun Kapoor,Male,28,Mumbai,Maharashtra,Regular,2024-07-14
13358,Rahul Saini,Male,31,Agra,Uttar Pradesh,Premium,2024-10-27
13359,Rohan Mishra,Female,34,Surat,Gujarat,Premium,2024-08-17
13360,Ananya Kumar,Male,29,Pune,Maharashtra,Regular,2025-08-17
13361,Vikas Kumar,Male,39,Vadodara,Gujarat,Regular,2024-10-25
13362,Aditi Saini,Male,46,Rohini,Delhi,Regular,2024-10-16
13363,Kavya Verma,Male,34,Pune,Maharashtra,Regular,2024-08-01
13364,Aman Kumar,Female,46,New Delhi,Delhi,New,2025-11-18
13365,Aarav Sharma,Female,39,Durgapur,West Bengal,Regular,2023-04-24
13366,Aditi Sharma,Female,24,Pune,Maharashtra,Premium,2025-06-01
13367,Aarav Kapoor,Female,26,Agra,Uttar Pradesh,Regular,2025-11-16
13368,Yash Saini,Female,25,Rohini,Delhi,Premium,2025-10-06
13369,Arjun Bansal,Male,32,Amritsar,Punjab,Premium,2024-04-14
13370,Sneha Mishra,Male,31,Thane,Maharashtra,Regular,2025-05-19
13371,Sneha Mehta,Female,40,Rohini,Delhi,Regular,2024-01-30
13372,Yash Kapoor,Male,32,Thane,Maharashtra,Regular,2023-11-01
13373,Yash Kumar,Male,36,Rohini,Delhi,VIP,2024-09-18
13374,Arjun Chopra,Male,22,Nagpur,Maharashtra,Premium,2024-04-13
13375,Aditya Kumar,Female,36,Gandhinagar,Gujarat,Premium,2024-01-23
13376,Yash Gupta,Male,29,Ahmedabad,Gujarat,Premium,2025-03-04
13377,Meera Sharma,Female,28,Surat,Gujarat,Regular,2024-02-29
13378,Neha Chopra,Male,28,Ludhiana,Punjab,New,2025-07-01
13379,Kavya Mehta,Female,49,Karnal,Haryana,Regular,2024-04-15
13380,Riya Saini,Male,22,Pune,Maharashtra,Regular,2024-06-26
13381,Vikas Mehta,Female,41,Agra,Uttar Pradesh,Regular,2024-05-12
13382,Meera Chopra,Male,34,Noida,Uttar Pradesh,Premium,2023-12-11
13383,Yash Mehta,Male,20,Karnal,Haryana,Regular,2023-06-11
13384,Rohan Singh,Female,31,New Delhi,Delhi,New,2024-10-22
13385,Vivaan Mehta,Male,18,Faridabad,Haryana,Premium,2024-09-16
13386,Meera Verma,Male,51,Durgapur,West Bengal,Premium,2024-02-01
13387,Meera Kumar,Female,30,Karol Bagh,Delhi,Regular,2023-07-29
13388,Aarav Gupta,Male,45,Thane,Maharashtra,VIP,2025-04-07
13389,Aman Kumar,Female,47,Faridabad,Haryana,Regular,2023-11-15
13390,Isha Kapoor,Male,28,Mumbai,Maharashtra,Premium,2024-08-25
13391,Ananya Verma,Male,34,Varanasi,Uttar Pradesh,Premium,2024-01-03
13392,Karan Kumar,Female,36,Howrah,West Bengal,New,2024-03-23
13393,Ananya Bansal,Female,53,Siliguri,West Bengal,Premium,2025-12-17
13394,Diya Chopra,Male,32,Varanasi,Uttar Pradesh,Premium,2025-11-01
13395,Arjun Yadav,Female,33,Siliguri,West Bengal,New,2023-05-12
13396,Sneha Mehta,Female,20,Kolkata,West Bengal,Premium,2023-12-20
13397,Aditya Saini,Female,25,Gandhinagar,Gujarat,Premium,2025-09-24
13398,Aditi Agarwal,Male,29,Rajkot,Gujarat,Premium,2025-10-27
13399,Isha Arora,Male,47,Rohini,Delhi,Premium,2023-03-12
13400,Diya Yadav,Male,53,Thane,Maharashtra,New,2024-04-27
13401,Diya Saini,Male,39,Ambala,Haryana,Regular,2025-07-09
13402,Vivaan Mishra,Male,38,Ambala,Haryana,Regular,2024-01-08
13403,Aman Kapoor,Male,41,Asansol,West Bengal,Regular,2024-06-22
13404,Yash Sharma,Female,27,Agra,Uttar Pradesh,VIP,2023-09-17
13405,Arjun Kapoor,Female,48,Rajkot,Gujarat,Regular,2025-05-09
13406,Sneha Bansal,Male,20,Vadodara,Gujarat,Regular,2025-10-16
13407,Neha Verma,Female,29,Rajkot,Gujarat,Regular,2023-11-16
13408,Karan Gupta,Female,41,Howrah,West Bengal,New,2023-04-15
13409,Kavya Mishra,Male,29,New Delhi,Delhi,New,2024-09-23
13410,Aditi Agarwal,Male,59,Karnal,Haryana,Regular,2024-03-09
13411,Ananya Saini,Male,41,Lucknow,Uttar Pradesh,New,2025-03-29
13412,Neha Verma,Female,44,Jalandhar,Punjab,Premium,2023-05-21
13413,Vikas Agarwal,Male,26,Karnal,Haryana,Regular,2024-03-22
13414,Vivaan Mishra,Male,44,Kanpur,Uttar Pradesh,Premium,2024-03-27
13415,Aman Arora,Male,42,Vadodara,Gujarat,Regular,2025-02-21
13416,Rahul Mishra,Female,50,Thane,Maharashtra,Regular,2023-10-29
13417,Kavya Arora,Female,18,Kanpur,Uttar Pradesh,Regular,2023-03-04
13418,Riya Mehta,Male,26,Thane,Maharashtra,VIP,2024-07-20
13419,Vivaan Mehta,Male,37,Dwarka,Delhi,Premium,2023-10-14
13420,Rohan Gupta,Female,38,Panipat,Haryana,Regular,2024-03-05
13421,Aarav Kapoor,Female,34,Surat,Gujarat,Regular,2023-08-18
13422,Neha Sharma,Female,19,Thane,Maharashtra,Regular,2025-01-25
13423,Aarav Kapoor,Other,36,Gandhinagar,Gujarat,Premium,2024-12-24
13424,Aditi Bansal,Male,37,Panipat,Haryana,VIP,2024-03-20
13425,Karan Singh,Male,34,Gandhinagar,Gujarat,New,2024-12-20
13426,Diya Singh,Female,34,Nashik,Maharashtra,Regular,2024-06-28
13427,Riya Mishra,Male,43,Nashik,Maharashtra,Regular,2024-09-08
13428,Diya Agarwal,Male,32,Thane,Maharashtra,Premium,2023-02-07
13429,Vivaan Kumar,Male,21,Asansol,West Bengal,New,2025-12-22
13430,Neha Yadav,Male,48,Mumbai,Maharashtra,New,2025-09-26
13431,Arjun Chopra,Male,47,Mumbai,Maharashtra,New,2023-11-19
13432,Ananya Agarwal,Female,34,Durgapur,West Bengal,New,2025-08-13
13433,Karan Mehta,Male,43,Vadodara,Gujarat,Premium,2025-11-30
13434,Yash Singh,Male,19,Kanpur,Uttar Pradesh,New,2024-05-26
13435,Isha Agarwal,Male,33,Pune,Maharashtra,Regular,2024-05-14
13436,Rohan Mehta,Female,18,Agra,Uttar Pradesh,Premium,2023-06-12
13437,Arjun Mehta,Female,45,Dwarka,Delhi,New,2023-07-28
13438,Neha Yadav,Male,19,Thane,Maharashtra,New,2025-06-08
13439,Isha Kapoor,Male,30,Kolkata,West Bengal,VIP,2024-04-16
13440,Aditya Agarwal,Female,36,Asansol,West Bengal,Premium,2023-07-12
13441,Aman Singh,Male,42,Varanasi,Uttar Pradesh,New,2025-02-05
13442,Riya Yadav,Other,39,Jaipur,Rajasthan,Regular,2023-06-16
13443,Riya Mishra,Female,45,Karol Bagh,Delhi,VIP,2023-04-05
13444,Aman Yadav,Male,42,Durgapur,West Bengal,Regular,2024-09-05
13445,Vikas Kumar,Female,47,Kolkata,West Bengal,Premium,2025-06-15
13446,Aditya Kapoor,Male,18,Thane,Maharashtra,Regular,2023-05-14
13447,Neha Saini,Male,29,Vadodara,Gujarat,Regular,2023-04-02
13448,Aditya Verma,Male,39,Nagpur,Maharashtra,Premium,2024-11-24
13449,Riya Mishra,Female,50,Nashik,Maharashtra,New,2025-12-07
13450,Aman Arora,Male,29,Gurugram,Haryana,Regular,2023-05-06
13451,Vikas Yadav,Male,54,Udaipur,Rajasthan,Regular,2023-02-17
13452,Meera Verma,Male,38,Mumbai,Maharashtra,Regular,2024-06-17
13453,Yash Arora,Female,27,Mumbai,Maharashtra,New,2025-10-18
13454,Ananya Chopra,Male,22,Noida,Uttar Pradesh,Regular,2023-08-18
13455,Aarav Agarwal,Male,41,Asansol,West Bengal,Regular,2025-11-19
13456,Ananya Verma,Female,28,Mohali,Punjab,New,2024-04-07
13457,Riya Arora,Female,31,Udaipur,Rajasthan,Regular,2025-07-03
13458,Yash Bansal,Female,36,Nagpur,Maharashtra,VIP,2024-10-13
13459,Aarav Kapoor,Male,36,Thane,Maharashtra,Regular,2025-03-08
13460,Diya Saini,Female,53,Nagpur,Maharashtra,Regular,2024-05-23
13461,Aman Gupta,Male,38,Rohini,Delhi,Regular,2024-02-14
13462,Meera Mehta,Male,28,Mohali,Punjab,New,2023-06-16
13463,Ananya Gupta,Female,27,Thane,Maharashtra,Regular,2025-02-07
13464,Kavya Verma,Female,51,Pune,Maharashtra,Regular,2023-03-12
13465,Riya Saini,Female,29,Patiala,Punjab,Regular,2024-11-22
13466,Meera Agarwal,Female,40,Mumbai,Maharashtra,Regular,2024-06-04
13467,Vikas Arora,Female,36,Ajmer,Rajasthan,VIP,2023-12-11
13468,Vivaan Mehta,Male,38,Thane,Maharashtra,New,2023-05-31
13469,Isha Mishra,Female,48,Vadodara,Gujarat,Premium,2024-03-18
13470,Diya Verma,Male,37,Patiala,Punjab,New,2023-02-11
13471,Diya Sharma,Female,42,Ambala,Haryana,New,2023-07-21
13472,Karan Kapoor,Male,37,Rajkot,Gujarat,New,2025-05-18
13473,Karan Kumar,Male,29,Mumbai,Maharashtra,Regular,2024-06-07
13474,Arjun Kumar,Female,39,Nagpur,Maharashtra,New,2023-11-18
13475,Yash Kumar,Male,27,Surat,Gujarat,Premium,2023-08-06
13476,Aman Arora,Female,22,Ahmedabad,Gujarat,New,2024-07-01
13477,Arjun Chopra,Female,40,Howrah,West Bengal,Regular,2024-03-03
13478,Rohan Kapoor,Male,39,Kota,Rajasthan,Premium,2023-11-12
13479,Karan Mishra,Female,38,Jaipur,Rajasthan,Regular,2025-03-14
13480,Kavya Chopra,Female,34,Agra,Uttar Pradesh,Regular,2024-03-17
13481,Riya Gupta,Female,33,Amritsar,Punjab,Regular,2024-07-03
13482,Neha Agarwal,Female,23,Pune,Maharashtra,Regular,2025-11-12
13483,Aditya Saini,Male,18,Saket,Delhi,Premium,2023-07-19
13484,Aman Mishra,Male,43,Howrah,West Bengal,Regular,2023-09-17
13485,Aditi Mishra,Male,43,Pune,Maharashtra,Premium,2025-06-28
13486,Vivaan Yadav,Male,31,Nashik,Maharashtra,Regular,2025-04-02
13487,Isha Gupta,Female,49,Varanasi,Uttar Pradesh,Regular,2024-04-14
13488,Rohan Chopra,Male,39,Gurugram,Haryana,New,2025-12-19
13489,Diya Singh,Female,37,Ambala,Haryana,Regular,2025-03-25
13490,Isha Kumar,Female,54,Agra,Uttar Pradesh,Regular,2023-08-19
13491,Meera Mehta,Male,21,Faridabad,Haryana,New,2024-08-08
13492,Aarav Mehta,Male,34,Nagpur,Maharashtra,Regular,2025-04-15
13493,Yash Gupta,Female,25,Howrah,West Bengal,New,2024-07-29
13494,Riya Verma,Female,30,Durgapur,West Bengal,Premium,2024-01-31
13495,Diya Agarwal,Female,33,Pune,Maharashtra,Regular,2025-11-23
13496,Aditya Singh,Male,34,Rohini,Delhi,Premium,2023-01-06
13497,Karan Yadav,Male,23,Vadodara,Gujarat,Premium,2023-01-08
13498,Isha Yadav,Female,35,Asansol,West Bengal,New,2024-02-20
13499,Diya Verma,Male,26,Saket,Delhi,Regular,2023-11-05
13500,Isha Gupta,Female,46,Surat,Gujarat,New,2025-11-05
13501,Isha Bansal,Male,42,Noida,Uttar Pradesh,New,2023-02-10
13502,Vivaan Gupta,Female,37,Vadodara,Gujarat,New,2023-08-13
13503,Yash Singh,Male,29,Kolkata,West Bengal,Regular,2023-03-16
13504,Aarav Saini,Female,36,Faridabad,Haryana,Regular,2024-08-13
13505,Isha Verma,Female,41,Durgapur,West Bengal,New,2025-10-21
13506,Riya Gupta,Female,31,Mumbai,Maharashtra,Regular,2024-11-25
13507,Meera Saini,Male,18,Asansol,West Bengal,Regular,2025-11-28
13508,Riya Mehta,Male,41,Jaipur,Rajasthan,Regular,2025-01-19
13509,Sneha Saini,Male,39,Gandhinagar,Gujarat,Regular,2025-01-01
13510,Karan Gupta,Female,37,Panipat,Haryana,Premium,2025-01-16
13511,Rohan Saini,Female,26,Agra,Uttar Pradesh,Regular,2025-12-26
13512,Arjun Chopra,Female,44,Karnal,Haryana,Premium,2025-11-17
13513,Yash Bansal,Male,45,Durgapur,West Bengal,Regular,2023-09-17
13514,Aditi Arora,Male,37,Rajkot,Gujarat,Regular,2024-08-20
13515,Riya Bansal,Male,30,Ahmedabad,Gujarat,New,2024-11-07
13516,Rohan Singh,Male,30,Durgapur,West Bengal,Regular,2023-10-17
13517,Neha Bansal,Female,30,Gurugram,Haryana,Premium,2023-12-26
13518,Aditya Mehta,Male,30,Kanpur,Uttar Pradesh,VIP,2024-11-15
13519,Yash Bansal,Female,30,Gurugram,Haryana,Premium,2025-08-21
13520,Arjun Kumar,Female,37,New Delhi,Delhi,New,2023-11-23
13521,Rahul Kapoor,Female,43,Dwarka,Delhi,New,2025-09-18
13522,Vikas Saini,Female,49,Ajmer,Rajasthan,Regular,2024-09-29
13523,Aarav Saini,Male,25,Karol Bagh,Delhi,Premium,2025-10-30
13524,Yash Bansal,Female,27,Ambala,Haryana,New,2024-04-29
13525,Diya Mehta,Male,42,Amritsar,Punjab,Premium,2024-12-23
13526,Isha Mishra,Male,25,Ludhiana,Punjab,Regular,2025-08-07
13527,Rohan Kumar,Female,22,Durgapur,West Bengal,Premium,2023-12-25
13528,Kavya Chopra,Female,25,Rajkot,Gujarat,Regular,2024-11-26
13529,Aarav Mehta,Male,32,Asansol,West Bengal,Regular,2023-11-04
13530,Neha Arora,Male,50,Varanasi,Uttar Pradesh,Regular,2024-02-09
13531,Vikas Chopra,Female,33,Rohini,Delhi,Premium,2023-03-29
13532,Riya Gupta,Male,37,Gandhinagar,Gujarat,Premium,2025-03-28
13533,Aman Arora,Female,22,Kanpur,Uttar Pradesh,Premium,2025-07-26
13534,Meera Saini,Male,45,Kanpur,Uttar Pradesh,New,2024-11-24
13535,Diya Yadav,Male,43,Rohini,Delhi,Regular,2025-07-16
13536,Aditya Saini,Female,29,Ludhiana,Punjab,VIP,2023-04-18
13537,Yash Arora,Female,27,New Delhi,Delhi,Regular,2023-03-22
13538,Aman Mishra,Female,44,Noida,Uttar Pradesh,New,2023-07-16
13539,Isha Verma,Female,32,Mumbai,Maharashtra,Premium,2023-01-29
13540,Isha Mishra,Male,27,Panipat,Haryana,Regular,2023-01-30
13541,Riya Mishra,Female,30,Saket,Delhi,New,2023-07-11
13542,Meera Arora,Male,36,Rajkot,Gujarat,Regular,2025-09-27
13543,Kavya Chopra,Female,41,Jalandhar,Punjab,New,2025-09-20
13544,Diya Agarwal,Male,37,Varanasi,Uttar Pradesh,New,2024-12-19
13545,Karan Kumar,Male,37,Kolkata,West Bengal,Regular,2025-02-27
13546,Yash Saini,Male,32,Patiala,Punjab,Regular,2024-10-12
13547,Rahul Mehta,Female,35,Faridabad,Haryana,Premium,2024-10-14
13548,Aarav Kumar,Male,30,Jaipur,Rajasthan,Premium,2023-05-10
13549,Sneha Arora,Female,31,Lucknow,Uttar Pradesh,Premium,2023-02-04
13550,Karan Yadav,Male,48,Pune,Maharashtra,Regular,2023-02-25
13551,Aditi Kumar,Male,34,Rajkot,Gujarat,Regular,2024-12-13
13552,Ananya Yadav,Male,30,Amritsar,Punjab,Regular,2025-07-29
13553,Rohan Yadav,Male,27,Mumbai,Maharashtra,Premium,2025-09-03
13554,Aditya Arora,Female,18,Kota,Rajasthan,Regular,2025-08-15
13555,Yash Mehta,Female,55,Ludhiana,Punjab,Regular,2024-10-01
13556,Vivaan Chopra,Female,56,Pune,Maharashtra,Regular,2023-08-19
13557,Vivaan Mehta,Male,40,New Delhi,Delhi,Regular,2024-01-30
13558,Diya Arora,Female,24,Udaipur,Rajasthan,New,2023-09-19
13559,Vivaan Bansal,Male,61,Panipat,Haryana,Premium,2025-03-27
13560,Meera Yadav,Female,20,Jaipur,Rajasthan,Regular,2025-12-13
13561,Riya Agarwal,Male,38,Lucknow,Uttar Pradesh,Premium,2024-10-21
13562,Arjun Singh,Female,18,Vadodara,Gujarat,New,2025-06-15
13563,Ananya Kumar,Female,18,Karnal,Haryana,Regular,2024-07-02
13564,Neha Saini,Male,36,Kanpur,Uttar Pradesh,VIP,2023-06-23
13565,Rohan Agarwal,Male,38,Jaipur,Rajasthan,Regular,2023-04-11
13566,Vivaan Saini,Female,35,Pune,Maharashtra,Regular,2023-06-01
13567,Aditi Kapoor,Male,49,Pune,Maharashtra,Regular,2023-04-23
13568,Aditya Singh,Female,34,Nashik,Maharashtra,Regular,2023-12-02
13569,Riya Arora,Female,42,Rajkot,Gujarat,Regular,2025-06-23
13570,Kavya Yadav,Female,26,Vadodara,Gujarat,Regular,2023-08-28
13571,Isha Kapoor,Other,47,Lucknow,Uttar Pradesh,Premium,2025-04-09
13572,Diya Sharma,Male,48,Kota,Rajasthan,Regular,2025-01-22
13573,Meera Bansal,Male,31,Surat,Gujarat,New,2023-11-28
13574,Karan Gupta,Male,38,Kolkata,West Bengal,VIP,2025-11-04
13575,Isha Kumar,Female,27,Howrah,West Bengal,Regular,2023-04-04
13576,Vikas Yadav,Female,32,Kanpur,Uttar Pradesh,Regular,2024-07-12
13577,Yash Mehta,Female,41,Saket,Delhi,New,2024-08-17
13578,Arjun Mishra,Female,39,Udaipur,Rajasthan,Premium,2025-01-20
13579,Vivaan Gupta,Female,18,Gandhinagar,Gujarat,VIP,2024-02-13
13580,Rohan Arora,Other,23,Ajmer,Rajasthan,Regular,2023-10-13
13581,Neha Kumar,Male,28,Udaipur,Rajasthan,New,2023-07-03
13582,Sneha Bansal,Female,36,Ahmedabad,Gujarat,Premium,2025-04-21
13583,Vivaan Arora,Female,25,Agra,Uttar Pradesh,Regular,2023-07-24
13584,Meera Gupta,Male,20,Gandhinagar,Gujarat,Premium,2024-09-08
13585,Rohan Singh,Male,18,Noida,Uttar Pradesh,Premium,2025-03-05
13586,Diya Gupta,Male,55,Lucknow,Uttar Pradesh,Regular,2025-05-29
13587,Riya Bansal,Female,36,Noida,Uttar Pradesh,Premium,2024-01-31
13588,Isha Kumar,Female,20,Surat,Gujarat,Regular,2024-06-28
13589,Diya Gupta,Male,44,Patiala,Punjab,Premium,2025-03-27
13590,Vivaan Kapoor,Female,49,New Delhi,Delhi,Regular,2023-01-19
13591,Rohan Singh,Male,36,Howrah,West Bengal,Regular,2025-09-06
13592,Ananya Verma,Female,40,Ludhiana,Punjab,Premium,2025-01-08
13593,Neha Kapoor,Female,47,Pune,Maharashtra,Regular,2024-03-27
13594,Aman Kapoor,Female,40,Pune,Maharashtra,Premium,2025-10-02
13595,Sneha Singh,Male,40,Jaipur,Rajasthan,Premium,2024-04-02
13596,Ananya Verma,Female,19,Pune,Maharashtra,Regular,2024-03-25
13597,Isha Mishra,Male,18,Rohini,Delhi,Regular,2025-11-11
13598,Yash Sharma,Male,43,Nagpur,Maharashtra,Premium,2024-11-04
13599,Riya Arora,Male,32,Agra,Uttar Pradesh,New,2024-04-20
13600,Meera Bansal,Female,29,Nagpur,Maharashtra,Regular,2025-09-06
13601,Aman Mishra,Other,44,Jalandhar,Punjab,Regular,2025-03-04
13602,Diya Mishra,Female,24,Thane,Maharashtra,Premium,2023-08-24
13603,Rohan Singh,Female,34,Mohali,Punjab,Premium,2024-05-03
13604,Aditi Chopra,Male,35,Karol Bagh,Delhi,Regular,2024-12-10
13605,Karan Kumar,Male,41,Karol Bagh,Delhi,Premium,2024-12-07
13606,Karan Yadav,Female,37,Amritsar,Punjab,VIP,2024-11-14
13607,Kavya Verma,Male,37,Rajkot,Gujarat,Regular,2025-11-10
13608,Isha Mehta,Female,30,Agra,Uttar Pradesh,Regular,2023-05-30
13609,Ananya Mishra,Female,30,Durgapur,West Bengal,Regular,2025-03-10
13610,Aditya Agarwal,Male,37,Howrah,West Bengal,Regular,2023-12-04
13611,Vikas Yadav,Female,29,Nagpur,Maharashtra,New,2025-03-21
13612,Yash Kapoor,Male,26,Patiala,Punjab,Regular,2024-02-17
13613,Neha Arora,Male,47,Noida,Uttar Pradesh,Premium,2023-04-10
13614,Ananya Mishra,Female,27,Ahmedabad,Gujarat,Regular,2024-04-30
13615,Rohan Saini,Female,29,Agra,Uttar Pradesh,VIP,2023-05-09
13616,Rahul Kumar,Other,46,Panipat,Haryana,Regular,2025-08-14
13617,Neha Yadav,Male,27,Nagpur,Maharashtra,New,2023-04-29
13618,Diya Yadav,Female,37,Rajkot,Gujarat,Regular,2024-10-08
13619,Arjun Mishra,Male,38,Vadodara,Gujarat,VIP,2025-09-27
13620,Ananya Kumar,Male,33,Mohali,Punjab,New,2023-09-29
13621,Karan Kumar,Female,30,Nashik,Maharashtra,Regular,2023-11-27
13622,Aman Saini,Male,23,Dwarka,Delhi,Premium,2023-12-10
13623,Riya Sharma,Female,40,Karol Bagh,Delhi,Regular,2024-06-18
13624,Aditi Gupta,Female,45,Howrah,West Bengal,Premium,2023-11-26
13625,Ananya Verma,Male,44,New Delhi,Delhi,Regular,2023-05-03
13626,Aman Kumar,Male,38,Saket,Delhi,Premium,2024-11-27
13627,Yash Kapoor,Male,18,Karnal,Haryana,Regular,2025-07-25
13628,Ananya Arora,Female,42,Kolkata,West Bengal,New,2023-01-27
13629,Vivaan Kumar,Male,33,Rajkot,Gujarat,Regular,2024-11-05
13630,Yash Sharma,Male,28,Nashik,Maharashtra,Regular,2023-07-04
13631,Aditi Chopra,Female,41,Ahmedabad,Gujarat,Premium,2025-04-14
13632,Vikas Verma,Female,36,Jalandhar,Punjab,Regular,2024-10-22
13633,Aman Bansal,Female,44,Ajmer,Rajasthan,Premium,2024-04-06
13634,Arjun Verma,Male,37,Lucknow,Uttar Pradesh,Regular,2024-08-20
13635,Kavya Chopra,Male,31,Faridabad,Haryana,Premium,2025-11-08
13636,Aditi Gupta,Female,31,Ajmer,Rajasthan,New,2023-12-03
13637,Kavya Gupta,Female,40,Asansol,West Bengal,New,2023-03-11
13638,Kavya Gupta,Male,21,Gurugram,Haryana,Regular,2025-06-08
13639,Riya Bansal,Male,29,Varanasi,Uttar Pradesh,Premium,2023-09-21
13640,Neha Sharma,Male,18,Saket,Delhi,Regular,2024-08-20
13641,Aman Arora,Male,38,Karol Bagh,Delhi,Regular,2024-09-30
13642,Sneha Gupta,Female,40,Howrah,West Bengal,Premium,2025-08-05
13643,Neha Saini,Male,26,Kota,Rajasthan,Regular,2023-10-07
13644,Ananya Yadav,Male,23,Jaipur,Rajasthan,Regular,2023-09-26
13645,Vikas Bansal,Male,44,Vadodara,Gujarat,VIP,2025-02-17
13646,Vikas Arora,Male,27,Amritsar,Punjab,Regular,2025-11-14
13647,Sneha Kapoor,Male,40,Jaipur,Rajasthan,Premium,2023-04-26
13648,Neha Arora,Male,34,Lucknow,Uttar Pradesh,Regular,2023-12-06
13649,Arjun Sharma,Female,29,Nashik,Maharashtra,New,2025-02-21
13650,Isha Kumar,Male,40,Kolkata,West Bengal,Premium,2024-03-12
13651,Aditya Bansal,Female,34,Gandhinagar,Gujarat,VIP,2025-03-02
13652,Neha Singh,Female,49,Varanasi,Uttar Pradesh,Regular,2025-02-06
13653,Kavya Gupta,Male,27,Surat,Gujarat,Regular,2025-12-14
13654,Meera Sharma,Male,21,Patiala,Punjab,Regular,2024-03-28
13655,Rohan Arora,Male,34,Panipat,Haryana,VIP,2025-08-03
13656,Riya Chopra,Female,39,Rohini,Delhi,Premium,2024-03-22
13657,Diya Bansal,Female,32,Varanasi,Uttar Pradesh,New,2023-07-15
13658,Aarav Agarwal,Male,52,Jaipur,Rajasthan,Premium,2024-07-30
13659,Neha Verma,Female,46,Mumbai,Maharashtra,Regular,2024-05-03
13660,Karan Sharma,Female,29,Kolkata,West Bengal,New,2023-06-20
13661,Aditi Verma,Male,35,Ajmer,Rajasthan,Regular,2023-01-10
13662,Riya Yadav,Female,18,Kota,Rajasthan,New,2025-09-06
13663,Isha Singh,Male,45,Ambala,Haryana,Premium,2024-03-31
13664,Vivaan Singh,Female,27,Ambala,Haryana,New,2025-09-17
13665,Aditya Gupta,Male,36,Mumbai,Maharashtra,Premium,2025-07-13
13666,Vikas Yadav,Female,31,Varanasi,Uttar Pradesh,VIP,2023-07-15
13667,Diya Chopra,Male,19,Ahmedabad,Gujarat,New,2024-01-01
13668,Aarav Yadav,Female,42,Patiala,Punjab,Premium,2025-11-28
13669,Rohan Yadav,Male,23,Gurugram,Haryana,Regular,2023-07-14
13670,Ananya Agarwal,Female,29,Noida,Uttar Pradesh,VIP,2023-02-27
13671,Yash Agarwal,Male,43,Dwarka,Delhi,Premium,2023-07-25
13672,Aditya Kumar,Male,24,Gurugram,Haryana,Premium,2024-08-25
13673,Yash Verma,Male,49,Nashik,Maharashtra,VIP,2023-11-09
13674,Karan Kumar,Male,24,Jalandhar,Punjab,New,2025-04-17
13675,Rahul Arora,Female,22,Mumbai,Maharashtra,Regular,2023-02-14
13676,Aman Chopra,Other,34,Saket,Delhi,Premium,2025-12-28
13677,Rohan Saini,Female,50,Ludhiana,Punjab,New,2023-12-20
13678,Isha Saini,Female,34,Noida,Uttar Pradesh,VIP,2024-07-10
13679,Vivaan Agarwal,Male,44,Ahmedabad,Gujarat,Premium,2025-09-07
13680,Yash Chopra,Male,21,Agra,Uttar Pradesh,Regular,2023-08-31
13681,Aman Yadav,Female,30,Rajkot,Gujarat,Regular,2023-04-14
13682,Aman Chopra,Female,31,Jalandhar,Punjab,New,2023-10-14
13683,Kavya Saini,Female,21,Surat,Gujarat,New,2024-06-20
13684,Ananya Gupta,Male,18,Rohini,Delhi,Regular,2024-01-22
13685,Kavya Arora,Male,32,Nagpur,Maharashtra,Premium,2023-07-03
13686,Aarav Yadav,Male,50,Mumbai,Maharashtra,Regular,2025-03-21
13687,Riya Agarwal,Male,36,Howrah,West Bengal,Regular,2023-01-11
13688,Aditya Singh,Female,27,Noida,Uttar Pradesh,Regular,2025-01-30
13689,Isha Verma,Male,18,Panipat,Haryana,New,2025-11-04
13690,Meera Mehta,Female,30,Gurugram,Haryana,VIP,2024-02-22
13691,Aman Yadav,Female,30,Surat,Gujarat,New,2023-08-12
13692,Aditi Sharma,Female,38,Kota,Rajasthan,Regular,2023-05-15
13693,Vikas Singh,Female,31,Rajkot,Gujarat,Premium,2025-07-31
13694,Riya Sharma,Male,40,Karol Bagh,Delhi,Regular,2024-03-18
13695,Rahul Bansal,Female,42,Lucknow,Uttar Pradesh,Regular,2023-05-12
13696,Aman Kapoor,Male,33,Karnal,Haryana,VIP,2025-01-06
13697,Aarav Sharma,Female,33,Siliguri,West Bengal,Regular,2025-03-08
13698,Diya Sharma,Male,34,Nagpur,Maharashtra,Regular,2023-05-21
13699,Riya Arora,Male,18,Howrah,West Bengal,Premium,2024-10-26
13700,Meera Kapoor,Male,41,Saket,Delhi,New,2023-07-28
13701,Sneha Gupta,Male,51,Pune,Maharashtra,Regular,2023-08-23
13702,Kavya Yadav,Female,35,Pune,Maharashtra,Premium,2023-07-10
13703,Kavya Verma,Female,26,Lucknow,Uttar Pradesh,VIP,2023-07-11
13704,Sneha Singh,Female,34,Vadodara,Gujarat,Regular,2023-06-09
13705,Yash Gupta,Female,30,Durgapur,West Bengal,New,2024-02-28
13706,Diya Singh,Female,34,Kolkata,West Bengal,Regular,2024-01-06
13707,Aditi Kumar,Male,31,Surat,Gujarat,VIP,2023-06-16
13708,Vikas Gupta,Female,18,New Delhi,Delhi,Premium,2024-04-25
13709,Arjun Gupta,Male,35,Karol Bagh,Delhi,Regular,2023-09-05
13710,Riya Chopra,Female,56,Durgapur,West Bengal,Regular,2023-04-03
13711,Sneha Agarwal,Female,21,Faridabad,Haryana,Regular,2023-04-02
13712,Meera Arora,Male,45,Thane,Maharashtra,Premium,2024-11-15
13713,Aman Arora,Male,38,Nashik,Maharashtra,Regular,2023-08-22
13714,Sneha Singh,Female,25,Thane,Maharashtra,Regular,2024-06-06
13715,Ananya Verma,Female,21,Kolkata,West Bengal,Regular,2025-05-27
13716,Kavya Gupta,Other,37,Noida,Uttar Pradesh,Regular,2025-03-11
13717,Arjun Saini,Female,38,Kanpur,Uttar Pradesh,Regular,2025-07-24
13718,Isha Verma,Male,19,Faridabad,Haryana,New,2023-10-26
13719,Neha Gupta,Male,43,Varanasi,Uttar Pradesh,Regular,2025-12-30
13720,Diya Sharma,Male,29,Dwarka,Delhi,Premium,2025-07-17
13721,Karan Gupta,Female,39,Lucknow,Uttar Pradesh,Regular,2023-05-12
13722,Aditi Gupta,Male,41,Vadodara,Gujarat,VIP,2024-05-15
13723,Aarav Gupta,Female,43,Howrah,West Bengal,Premium,2023-01-05
13724,Arjun Mehta,Female,24,Amritsar,Punjab,Regular,2023-04-02
13725,Rahul Kapoor,Female,54,Kanpur,Uttar Pradesh,Regular,2025-11-13
13726,Vikas Mishra,Male,25,Durgapur,West Bengal,Premium,2024-09-22
13727,Arjun Mehta,Male,43,Faridabad,Haryana,Regular,2025-08-02
13728,Ananya Sharma,Female,29,Panipat,Haryana,VIP,2025-03-22
13729,Vikas Mehta,Female,35,Amritsar,Punjab,New,2023-09-24
13730,Vivaan Arora,Female,33,Pune,Maharashtra,New,2025-10-07
13731,Yash Singh,Female,39,Ludhiana,Punjab,Regular,2024-02-16
13732,Aditi Kapoor,Male,44,Siliguri,West Bengal,Regular,2024-07-26
13733,Aman Kumar,Male,28,Varanasi,Uttar Pradesh,Premium,2024-07-14
13734,Aman Saini,Male,25,Jaipur,Rajasthan,New,2023-05-18
13735,Diya Kumar,Female,18,New Delhi,Delhi,Regular,2023-02-04
13736,Karan Sharma,Male,36,Jaipur,Rajasthan,New,2025-04-25
13737,Aditya Saini,Female,32,Mumbai,Maharashtra,Regular,2025-12-05
13738,Rahul Saini,Female,35,Vadodara,Gujarat,New,2023-03-30
13739,Diya Bansal,Male,33,Gandhinagar,Gujarat,Regular,2025-04-15
13740,Aarav Singh,Female,42,Nashik,Maharashtra,Regular,2024-11-20
13741,Vivaan Verma,Female,29,Siliguri,West Bengal,New,2023-02-14
13742,Aditi Kumar,Female,37,Ahmedabad,Gujarat,Premium,2025-04-19
13743,Vivaan Singh,Male,34,Rajkot,Gujarat,Regular,2025-08-28
13744,Ananya Gupta,Male,24,Gurugram,Haryana,Regular,2025-01-27
13745,Isha Mehta,Male,27,Faridabad,Haryana,Regular,2024-02-22
13746,Neha Saini,Male,43,New Delhi,Delhi,Premium,2024-07-21
13747,Kavya Arora,Male,42,Thane,Maharashtra,Regular,2023-10-20
13748,Riya Yadav,Female,41,Agra,Uttar Pradesh,VIP,2024-04-05
13749,Diya Bansal,Male,32,Noida,Uttar Pradesh,VIP,2025-02-11
13750,Ananya Saini,Female,18,Kolkata,West Bengal,Premium,2025-09-09
13751,Aarav Yadav,Female,18,Siliguri,West Bengal,Premium,2025-03-30
13752,Isha Mishra,Male,31,Siliguri,West Bengal,VIP,2023-07-29
13753,Karan Kapoor,Female,19,Varanasi,Uttar Pradesh,Regular,2025-07-26
13754,Karan Chopra,Other,45,Pune,Maharashtra,VIP,2025-03-05
13755,Vivaan Mishra,Female,26,Karol Bagh,Delhi,Regular,2024-06-23
13756,Aditya Mehta,Male,31,Jalandhar,Punjab,New,2023-06-19
13757,Meera Mehta,Female,51,Jalandhar,Punjab,VIP,2024-10-07
13758,Isha Singh,Male,44,Lucknow,Uttar Pradesh,Regular,2024-08-18
13759,Riya Mehta,Female,37,Kanpur,Uttar Pradesh,Regular,2023-05-04
13760,Aarav Bansal,Female,36,Rajkot,Gujarat,VIP,2025-09-17
13761,Diya Bansal,Male,26,Patiala,Punjab,New,2023-06-20
13762,Ananya Mishra,Male,42,Rajkot,Gujarat,Regular,2025-10-20
13763,Aarav Gupta,Female,36,Jodhpur,Rajasthan,Regular,2025-03-20
13764,Arjun Kumar,Female,33,Agra,Uttar Pradesh,Premium,2025-03-25
13765,Aditi Kumar,Female,40,Ajmer,Rajasthan,Premium,2025-04-04
13766,Kavya Gupta,Male,41,Noida,Uttar Pradesh,Premium,2024-10-16
13767,Ananya Verma,Male,24,Pune,Maharashtra,New,2025-02-04
13768,Sneha Mehta,Male,43,Varanasi,Uttar Pradesh,Regular,2025-07-13
13769,Kavya Sharma,Female,33,Patiala,Punjab,Premium,2025-07-05
13770,Rahul Verma,Male,35,Ludhiana,Punjab,Premium,2023-08-17
13771,Kavya Sharma,Male,21,Pune,Maharashtra,Regular,2025-01-11
13772,Yash Kumar,Male,21,Asansol,West Bengal,Regular,2024-10-23
13773,Aditi Chopra,Female,19,Lucknow,Uttar Pradesh,Regular,2024-06-15
13774,Karan Chopra,Female,58,Vadodara,Gujarat,Premium,2024-02-14
13775,Aditya Saini,Female,57,Nashik,Maharashtra,Premium,2024-01-21
13776,Riya Kumar,Female,18,Asansol,West Bengal,New,2025-11-16
13777,Karan Gupta,Male,19,Gandhinagar,Gujarat,Regular,2024-05-12
13778,Aman Yadav,Male,29,Mumbai,Maharashtra,Regular,2025-08-24
13779,Aarav Mehta,Female,45,Mumbai,Maharashtra,VIP,2024-12-07
13780,Meera Sharma,Female,40,Kolkata,West Bengal,VIP,2023-10-25
13781,Aman Yadav,Male,56,Lucknow,Uttar Pradesh,Regular,2023-01-06
13782,Kavya Yadav,Female,31,Agra,Uttar Pradesh,New,2025-09-07
13783,Vikas Kapoor,Female,27,Panipat,Haryana,Regular,2023-02-20
13784,Vikas Chopra,Female,35,Rajkot,Gujarat,Regular,2025-09-19
13785,Aman Verma,Female,32,Gandhinagar,Gujarat,VIP,2023-09-29
13786,Aman Kapoor,Female,34,Amritsar,Punjab,New,2024-04-30
13787,Arjun Sharma,Male,35,Pune,Maharashtra,Premium,2023-10-17
13788,Ananya Gupta,Female,55,Udaipur,Rajasthan,Regular,2023-09-27
13789,Rohan Agarwal,Female,35,Jalandhar,Punjab,Regular,2025-08-29
13790,Vikas Verma,Male,23,Howrah,West Bengal,Premium,2024-03-02
13791,Vivaan Arora,Male,31,Saket,Delhi,Premium,2023-03-27
13792,Sneha Bansal,Female,41,Panipat,Haryana,Premium,2023-07-07
13793,Aman Mishra,Male,40,Nagpur,Maharashtra,Premium,2025-08-07
13794,Aarav Agarwal,Female,39,Surat,Gujarat,Regular,2023-12-31
13795,Vivaan Singh,Male,18,Faridabad,Haryana,Regular,2023-04-19
13796,Kavya Sharma,Female,18,Thane,Maharashtra,Premium,2023-11-30
13797,Arjun Saini,Female,33,Jodhpur,Rajasthan,New,2023-03-17
13798,Isha Saini,Male,38,Jalandhar,Punjab,Regular,2023-05-27
13799,Neha Chopra,Male,26,Amritsar,Punjab,VIP,2024-02-24
13800,Rohan Sharma,Male,49,Thane,Maharashtra,Premium,2025-05-02
13801,Sneha Arora,Male,39,Agra,Uttar Pradesh,Premium,2023-07-29
13802,Neha Saini,Male,29,Kolkata,West Bengal,New,2024-11-09
13803,Aditya Gupta,Male,62,Rajkot,Gujarat,Premium,2025-02-17
13804,Arjun Kapoor,Female,29,Howrah,West Bengal,Premium,2025-08-26
13805,Isha Bansal,Female,30,Karol Bagh,Delhi,Premium,2025-12-19
13806,Aditya Sharma,Male,30,Durgapur,West Bengal,Regular,2025-04-26
13807,Riya Saini,Male,34,Agra,Uttar Pradesh,Regular,2023-01-20
13808,Aman Sharma,Male,23,Kanpur,Uttar Pradesh,Premium,2023-05-12
13809,Aman Kapoor,Female,41,Ambala,Haryana,Premium,2024-12-10
13810,Rahul Gupta,Male,43,Ambala,Haryana,Regular,2024-05-15
13811,Rahul Bansal,Male,41,Pune,Maharashtra,Regular,2023-09-12
13812,Vikas Gupta,Male,29,Jaipur,Rajasthan,Premium,2025-10-04
13813,Rohan Mishra,Female,30,Karol Bagh,Delhi,Premium,2024-08-11
13814,Isha Agarwal,Female,40,Thane,Maharashtra,Regular,2023-01-04
13815,Vikas Verma,Female,36,Rohini,Delhi,Regular,2023-05-03
13816,Rahul Saini,Male,26,Thane,Maharashtra,Premium,2024-11-05
13817,Aman Chopra,Male,18,Agra,Uttar Pradesh,New,2025-11-12
13818,Ananya Yadav,Male,30,Surat,Gujarat,New,2023-08-15
13819,Isha Arora,Female,39,Surat,Gujarat,Regular,2023-01-24
13820,Aditi Arora,Male,39,Kota,Rajasthan,Regular,2023-11-12
13821,Sneha Sharma,Male,19,Varanasi,Uttar Pradesh,Premium,2024-11-18
13822,Kavya Bansal,Male,42,Noida,Uttar Pradesh,Premium,2025-12-30
13823,Aman Mishra,Female,53,Gandhinagar,Gujarat,Premium,2025-01-11
13824,Yash Sharma,Male,30,Lucknow,Uttar Pradesh,Premium,2025-06-17
13825,Aditya Saini,Female,32,New Delhi,Delhi,New,2025-07-22
13826,Rahul Verma,Other,29,Gurugram,Haryana,Regular,2023-07-30
13827,Isha Kapoor,Male,30,Jodhpur,Rajasthan,Regular,2025-11-01
13828,Neha Arora,Female,46,Ajmer,Rajasthan,Premium,2023-11-11
13829,Meera Kumar,Female,26,Gandhinagar,Gujarat,Regular,2023-01-27
13830,Aman Bansal,Female,36,New Delhi,Delhi,Regular,2024-03-28
13831,Vikas Gupta,Male,31,Noida,Uttar Pradesh,New,2025-05-10
13832,Aditya Saini,Male,36,Gandhinagar,Gujarat,Premium,2023-08-26
13833,Yash Verma,Female,31,Surat,Gujarat,Premium,2024-06-15
13834,Kavya Agarwal,Male,42,Kanpur,Uttar Pradesh,Regular,2024-07-21
13835,Vikas Verma,Female,44,Jaipur,Rajasthan,VIP,2025-08-14
13836,Vikas Kumar,Female,38,Lucknow,Uttar Pradesh,Premium,2023-11-16
13837,Karan Agarwal,Female,32,Asansol,West Bengal,New,2023-10-04
13838,Aman Yadav,Male,42,Patiala,Punjab,Regular,2025-12-01
13839,Arjun Gupta,Female,27,Kolkata,West Bengal,Regular,2023-09-22
13840,Yash Mishra,Female,38,Nashik,Maharashtra,Premium,2023-01-17
13841,Meera Arora,Female,29,Udaipur,Rajasthan,New,2025-10-09
13842,Yash Sharma,Male,36,Gurugram,Haryana,Regular,2023-02-24
13843,Diya Kapoor,Female,24,Udaipur,Rajasthan,Regular,2023-07-19
13844,Vikas Agarwal,Male,46,Kanpur,Uttar Pradesh,VIP,2025-07-26
13845,Neha Yadav,Male,21,Amritsar,Punjab,Premium,2024-07-07
13846,Sneha Singh,Other,33,Mumbai,Maharashtra,Regular,2023-02-10
13847,Rohan Sharma,Female,19,Kolkata,West Bengal,Regular,2023-01-09
13848,Isha Agarwal,Male,46,Nashik,Maharashtra,Premium,2024-12-01
13849,Vivaan Kumar,Female,50,Pune,Maharashtra,Premium,2024-08-05
13850,Aarav Yadav,Male,22,Panipat,Haryana,Premium,2025-03-23
13851,Kavya Mehta,Male,37,Agra,Uttar Pradesh,Premium,2023-09-20
13852,Aman Yadav,Female,31,Mohali,Punjab,Premium,2023-07-15
13853,Kavya Sharma,Male,39,Pune,Maharashtra,New,2024-02-08
13854,Isha Kapoor,Female,50,Siliguri,West Bengal,Regular,2023-04-03
13855,Aditya Kumar,Female,38,Pune,Maharashtra,Regular,2025-03-15
13856,Arjun Yadav,Male,26,Ambala,Haryana,Premium,2025-03-10
13857,Riya Sharma,Female,27,Noida,Uttar Pradesh,Regular,2024-06-07
13858,Diya Kapoor,Male,30,Nashik,Maharashtra,Regular,2023-11-24
13859,Sneha Mishra,Female,27,Varanasi,Uttar Pradesh,Regular,2024-08-04
13860,Arjun Sharma,Female,42,Vadodara,Gujarat,VIP,2023-07-28
13861,Ananya Mehta,Female,42,Vadodara,Gujarat,Regular,2024-11-24
13862,Arjun Mishra,Male,47,Thane,Maharashtra,New,2025-11-04
13863,Riya Verma,Male,30,Varanasi,Uttar Pradesh,New,2024-06-16
13864,Aditi Gupta,Male,46,New Delhi,Delhi,Regular,2025-04-02
13865,Aman Kumar,Female,51,Jalandhar,Punjab,VIP,2025-03-10
13866,Diya Bansal,Female,21,Agra,Uttar Pradesh,VIP,2025-02-21
13867,Riya Kapoor,Male,29,Lucknow,Uttar Pradesh,Regular,2023-01-06
13868,Arjun Arora,Male,33,Pune,Maharashtra,Regular,2025-02-07
13869,Aditi Agarwal,Female,42,Mumbai,Maharashtra,Premium,2024-03-29
13870,Karan Chopra,Male,47,Karnal,Haryana,New,2023-02-24
13871,Rohan Agarwal,Male,18,Kanpur,Uttar Pradesh,Regular,2025-12-04
13872,Vivaan Sharma,Female,27,Patiala,Punjab,Regular,2023-06-27
13873,Karan Saini,Male,45,Patiala,Punjab,Premium,2025-02-01
13874,Vivaan Bansal,Female,25,Gandhinagar,Gujarat,Premium,2023-07-23
13875,Aarav Kumar,Male,42,Karnal,Haryana,Regular,2024-03-14
13876,Vikas Singh,Male,40,Lucknow,Uttar Pradesh,Premium,2025-10-13
13877,Kavya Kumar,Male,42,Amritsar,Punjab,Premium,2024-01-10
13878,Rohan Arora,Female,42,Durgapur,West Bengal,Premium,2024-05-01
13879,Meera Mehta,Female,30,Pune,Maharashtra,Regular,2024-05-16
13880,Neha Saini,Male,31,Saket,Delhi,New,2025-03-05
13881,Aditi Mishra,Female,31,Kota,Rajasthan,New,2023-09-10
13882,Aditya Verma,Male,36,Ahmedabad,Gujarat,VIP,2024-01-18
13883,Arjun Gupta,Male,18,Durgapur,West Bengal,New,2023-06-06
13884,Yash Kumar,Other,39,Dwarka,Delhi,Regular,2025-10-28
13885,Arjun Chopra,Female,51,Kolkata,West Bengal,Regular,2025-07-22
13886,Yash Singh,Female,36,Asansol,West Bengal,Regular,2024-09-17
13887,Aditi Mishra,Female,33,Asansol,West Bengal,Regular,2024-12-20
13888,Neha Singh,Male,35,Pune,Maharashtra,New,2025-01-24
13889,Yash Mehta,Female,39,Pune,Maharashtra,New,2025-09-05
13890,Karan Saini,Female,45,Lucknow,Uttar Pradesh,New,2023-02-03
13891,Aditya Kapoor,Male,33,Rajkot,Gujarat,New,2023-12-15
13892,Diya Kapoor,Male,32,Udaipur,Rajasthan,New,2024-10-22
13893,Neha Mehta,Male,20,Thane,Maharashtra,Premium,2024-03-31
13894,Riya Arora,Male,34,Lucknow,Uttar Pradesh,New,2025-06-28
13895,Yash Singh,Male,22,Vadodara,Gujarat,Regular,2024-07-06
13896,Aditya Saini,Other,29,Gandhinagar,Gujarat,Premium,2024-10-18
13897,Rohan Gupta,Female,43,Jalandhar,Punjab,New,2024-03-24
13898,Vivaan Verma,Male,44,Gandhinagar,Gujarat,Premium,2023-03-27
13899,Arjun Gupta,Female,39,Jaipur,Rajasthan,Regular,2025-02-14
13900,Yash Agarwal,Male,46,Gandhinagar,Gujarat,VIP,2025-12-30
13901,Diya Arora,Female,18,Varanasi,Uttar Pradesh,Regular,2024-03-23
13902,Yash Gupta,Female,50,Kanpur,Uttar Pradesh,New,2024-08-31
13903,Diya Chopra,Female,26,Durgapur,West Bengal,Regular,2025-08-08
13904,Aarav Chopra,Female,37,Karol Bagh,Delhi,Regular,2024-01-04
13905,Aman Agarwal,Male,27,Gandhinagar,Gujarat,Regular,2024-05-20
13906,Arjun Mishra,Female,37,Kota,Rajasthan,Regular,2024-03-19
13907,Ananya Yadav,Female,34,Jaipur,Rajasthan,Regular,2025-10-07
13908,Ananya Saini,Female,45,Noida,Uttar Pradesh,Premium,2025-02-01
13909,Karan Verma,Female,59,Pune,Maharashtra,Regular,2025-03-20
13910,Aditya Saini,Female,43,Varanasi,Uttar Pradesh,Regular,2023-03-07
13911,Rohan Mishra,Female,33,Ambala,Haryana,Regular,2024-07-10
13912,Ananya Kumar,Female,49,Karol Bagh,Delhi,Premium,2023-08-19
13913,Diya Chopra,Female,18,Ambala,Haryana,New,2025-05-01
13914,Aditya Bansal,Male,28,Kolkata,West Bengal,Regular,2024-11-16
13915,Aditya Verma,Male,32,Durgapur,West Bengal,Regular,2023-05-23
13916,Karan Arora,Female,31,Agra,Uttar Pradesh,VIP,2024-01-24
13917,Karan Sharma,Male,27,Vadodara,Gujarat,Premium,2025-03-06
13918,Vikas Sharma,Female,41,Kanpur,Uttar Pradesh,New,2024-08-17
13919,Vikas Mehta,Male,34,Mumbai,Maharashtra,Regular,2023-04-07
13920,Riya Verma,Male,33,Rajkot,Gujarat,Premium,2025-12-03
13921,Isha Bansal,Female,48,Asansol,West Bengal,Regular,2025-11-22
13922,Vikas Mishra,Male,30,Noida,Uttar Pradesh,Regular,2023-08-29
13923,Neha Mishra,Male,44,Ahmedabad,Gujarat,Regular,2025-08-25
13924,Sneha Mehta,Male,31,Saket,Delhi,Regular,2025-02-23
13925,Aarav Kapoor,Female,31,Siliguri,West Bengal,New,2025-01-14
13926,Aarav Mishra,Female,26,Karnal,Haryana,Premium,2025-11-08
13927,Karan Kumar,Female,19,Nagpur,Maharashtra,Regular,2025-04-28
13928,Diya Chopra,Male,27,Nagpur,Maharashtra,Regular,2024-11-28
13929,Aditya Mehta,Female,18,Thane,Maharashtra,Regular,2025-01-23
13930,Sneha Yadav,Male,37,Ludhiana,Punjab,Regular,2025-06-01
13931,Karan Singh,Male,31,Asansol,West Bengal,Regular,2023-08-20
13932,Riya Sharma,Male,45,Ludhiana,Punjab,Premium,2024-09-20
13933,Rohan Arora,Male,27,Nashik,Maharashtra,Premium,2023-08-27
13934,Karan Chopra,Male,31,New Delhi,Delhi,Regular,2023-11-25
13935,Yash Singh,Male,46,Lucknow,Uttar Pradesh,Premium,2024-04-10
13936,Yash Arora,Male,43,Nagpur,Maharashtra,Regular,2023-04-13
13937,Aditya Agarwal,Female,35,Agra,Uttar Pradesh,New,2023-08-07
13938,Aarav Bansal,Male,24,Jalandhar,Punjab,Regular,2023-09-14
13939,Rohan Gupta,Other,40,Mohali,Punjab,Regular,2023-11-26
13940,Arjun Mishra,Female,31,Agra,Uttar Pradesh,Premium,2025-01-07
13941,Kavya Gupta,Male,29,Surat,Gujarat,Regular,2025-06-16
13942,Meera Agarwal,Female,47,Durgapur,West Bengal,Premium,2023-02-21
13943,Vikas Agarwal,Female,49,Karnal,Haryana,Regular,2025-09-23
13944,Rohan Sharma,Female,25,Noida,Uttar Pradesh,Premium,2024-05-24
13945,Kavya Kumar,Female,51,Karnal,Haryana,Premium,2023-10-11
13946,Aditya Agarwal,Female,33,Faridabad,Haryana,New,2024-06-01
13947,Aditi Kapoor,Male,42,Pune,Maharashtra,Regular,2025-06-27
13948,Aditi Chopra,Male,52,Pune,Maharashtra,Premium,2023-09-06
13949,Isha Mehta,Female,32,Amritsar,Punjab,Regular,2023-05-04
13950,Sneha Kapoor,Female,37,Rohini,Delhi,Regular,2023-04-21
13951,Diya Saini,Female,41,Faridabad,Haryana,Regular,2023-02-24
13952,Aarav Saini,Female,50,Ahmedabad,Gujarat,Regular,2024-04-12
13953,Aditya Yadav,Male,34,Durgapur,West Bengal,Regular,2024-09-10
13954,Yash Verma,Female,42,Amritsar,Punjab,Premium,2025-01-12
13955,Sneha Kumar,Female,26,New Delhi,Delhi,Regular,2024-02-19
13956,Aditya Yadav,Male,19,Howrah,West Bengal,Regular,2024-10-09
13957,Diya Mishra,Male,27,Asansol,West Bengal,New,2024-06-13
13958,Rahul Sharma,Female,27,Lucknow,Uttar Pradesh,Regular,2025-05-30
13959,Aditya Saini,Female,44,Panipat,Haryana,VIP,2025-11-03
13960,Isha Mehta,Male,33,Panipat,Haryana,New,2024-12-04
13961,Aman Gupta,Male,28,Pune,Maharashtra,New,2023-11-11
13962,Arjun Mehta,Female,25,Noida,Uttar Pradesh,Regular,2024-01-30
13963,Rohan Saini,Male,30,Faridabad,Haryana,Premium,2024-11-25
13964,Yash Mishra,Male,43,Nagpur,Maharashtra,VIP,2024-12-12
13965,Aditi Mishra,Female,25,Karnal,Haryana,New,2025-07-03
13966,Ananya Sharma,Female,33,Rajkot,Gujarat,Premium,2023-09-30
13967,Vikas Kapoor,Female,30,Kanpur,Uttar Pradesh,Regular,2024-05-02
13968,Rohan Mehta,Female,38,Panipat,Haryana,New,2023-11-18
13969,Meera Singh,Female,52,Nashik,Maharashtra,Regular,2024-01-28
13970,Kavya Verma,Female,27,Lucknow,Uttar Pradesh,VIP,2025-02-13
13971,Vivaan Mishra,Male,37,Howrah,West Bengal,Premium,2024-04-14
13972,Meera Mehta,Male,34,Ajmer,Rajasthan,Regular,2023-01-24
13973,Vikas Gupta,Male,29,Dwarka,Delhi,VIP,2023-11-06
13974,Aditya Gupta,Female,35,Pune,Maharashtra,New,2024-01-06
13975,Aditi Bansal,Female,52,Dwarka,Delhi,Regular,2024-07-12
13976,Aditi Bansal,Female,33,Kolkata,West Bengal,Premium,2025-10-31
13977,Aarav Singh,Female,33,Kanpur,Uttar Pradesh,VIP,2024-02-24
13978,Riya Yadav,Female,30,Pune,Maharashtra,Regular,2023-09-25
13979,Aditi Yadav,Female,38,Panipat,Haryana,Premium,2023-01-09
13980,Meera Agarwal,Male,24,Noida,Uttar Pradesh,Premium,2025-04-08
13981,Isha Saini,Female,35,Ahmedabad,Gujarat,New,2023-12-17
13982,Riya Mishra,Female,38,Gandhinagar,Gujarat,Regular,2023-05-26
13983,Meera Mehta,Female,26,Saket,Delhi,New,2023-09-03
13984,Ananya Kumar,Male,50,Dwarka,Delhi,Premium,2025-03-28
13985,Aditya Chopra,Female,50,Rajkot,Gujarat,Regular,2023-03-14
13986,Vivaan Sharma,Male,56,Kolkata,West Bengal,New,2023-05-01
13987,Riya Verma,Female,40,Karnal,Haryana,Regular,2024-09-28
13988,Karan Yadav,Female,38,Varanasi,Uttar Pradesh,Regular,2023-05-05
13989,Meera Agarwal,Male,33,Kanpur,Uttar Pradesh,Premium,2024-07-24
13990,Arjun Arora,Male,35,Kolkata,West Bengal,Premium,2023-03-14
13991,Diya Kapoor,Female,43,Panipat,Haryana,New,2024-04-10
13992,Sneha Singh,Female,34,Karol Bagh,Delhi,Regular,2024-05-30
13993,Isha Mishra,Female,32,Vadodara,Gujarat,New,2024-12-26
13994,Rohan Yadav,Female,40,Ambala,Haryana,Premium,2025-01-09
13995,Aman Kumar,Female,28,Jaipur,Rajasthan,Premium,2023-04-15
13996,Kavya Mishra,Male,50,Kanpur,Uttar Pradesh,Premium,2025-05-27
13997,Yash Saini,Female,34,Agra,Uttar Pradesh,New,2024-04-10
13998,Rohan Yadav,Female,42,Kanpur,Uttar Pradesh,Regular,2025-09-06
13999,Isha Chopra,Female,26,Udaipur,Rajasthan,Premium,2023-05-04
14000,Neha Mishra,Male,34,Patiala,Punjab,Premium,2024-03-25
14001,Riya Singh,Male,30,Nashik,Maharashtra,Premium,2025-05-16
14002,Diya Singh,Male,30,Surat,Gujarat,Regular,2025-04-18
14003,Rohan Arora,Female,23,Rajkot,Gujarat,Regular,2025-02-05
14004,Rohan Sharma,Male,45,Ludhiana,Punjab,Regular,2025-11-19
14005,Neha Gupta,Male,39,Jalandhar,Punjab,Regular,2024-12-30
14006,Kavya Chopra,Male,20,Rohini,Delhi,Regular,2025-08-06
14007,Yash Chopra,Male,32,Lucknow,Uttar Pradesh,Regular,2025-02-04
14008,Aarav Mehta,Female,32,Noida,Uttar Pradesh,Premium,2023-10-24
14009,Aditya Mishra,Female,38,Nashik,Maharashtra,Regular,2023-05-12
14010,Karan Mehta,Female,33,Gurugram,Haryana,New,2025-11-20
14011,Neha Kumar,Male,45,Gurugram,Haryana,VIP,2025-09-26
14012,Aditi Mishra,Male,44,Kanpur,Uttar Pradesh,Regular,2025-01-24
14013,Aditya Kumar,Female,56,Nagpur,Maharashtra,Regular,2023-03-29
14014,Aditya Kapoor,Male,18,Karol Bagh,Delhi,VIP,2025-05-09
14015,Isha Sharma,Female,48,Pune,Maharashtra,New,2023-08-08
14016,Riya Kumar,Male,42,Saket,Delhi,Regular,2024-08-11
14017,Sneha Saini,Male,32,Howrah,West Bengal,Premium,2023-09-30
14018,Sneha Kapoor,Male,31,Siliguri,West Bengal,Regular,2025-04-25
14019,Aditya Kapoor,Female,33,Noida,Uttar Pradesh,Premium,2025-08-26
14020,Aman Saini,Male,36,Dwarka,Delhi,Premium,2024-04-29
14021,Karan Kumar,Female,29,Kanpur,Uttar Pradesh,Regular,2023-12-31
14022,Isha Yadav,Female,18,Rohini,Delhi,Regular,2023-10-13
14023,Kavya Gupta,Male,29,Pune,Maharashtra,Regular,2023-04-28
14024,Rohan Bansal,Male,31,Surat,Gujarat,Regular,2024-12-14
14025,Yash Singh,Female,40,Nashik,Maharashtra,New,2025-04-18
14026,Riya Gupta,Male,22,Rajkot,Gujarat,Regular,2025-09-14
14027,Rahul Arora,Female,40,Varanasi,Uttar Pradesh,Premium,2025-08-24
14028,Sneha Agarwal,Female,22,Mohali,Punjab,Regular,2025-05-10
14029,Yash Chopra,Male,38,Vadodara,Gujarat,Regular,2024-10-18
14030,Aditya Mishra,Male,40,Varanasi,Uttar Pradesh,VIP,2025-07-15
14031,Yash Mishra,Male,33,Thane,Maharashtra,Premium,2025-07-29
14032,Arjun Sharma,Male,34,New Delhi,Delhi,Regular,2024-07-15
14033,Karan Saini,Male,41,Panipat,Haryana,Premium,2025-03-17
14034,Neha Mishra,Female,28,Howrah,West Bengal,Regular,2024-02-10
14035,Rahul Gupta,Female,37,Mohali,Punjab,Premium,2024-05-27
14036,Karan Arora,Female,30,Howrah,West Bengal,Regular,2023-08-28
14037,Aditya Mishra,Female,50,Asansol,West Bengal,Regular,2023-02-07
14038,Diya Kumar,Male,39,Gandhinagar,Gujarat,Regular,2024-01-31
14039,Aditi Chopra,Male,24,Nagpur,Maharashtra,New,2023-08-25
14040,Rahul Singh,Male,52,Mumbai,Maharashtra,Regular,2024-12-23
14041,Aman Saini,Male,44,Siliguri,West Bengal,Regular,2025-08-12
14042,Rahul Kapoor,Male,22,Lucknow,Uttar Pradesh,New,2023-04-29
14043,Ananya Kumar,Male,19,Jodhpur,Rajasthan,Premium,2025-04-04
14044,Vikas Arora,Female,22,Nagpur,Maharashtra,Premium,2024-10-29
14045,Rohan Kumar,Female,24,Lucknow,Uttar Pradesh,Regular,2025-08-07
14046,Rahul Mehta,Male,36,Lucknow,Uttar Pradesh,VIP,2025-01-16
14047,Arjun Verma,Female,35,Noida,Uttar Pradesh,VIP,2025-10-05
14048,Kavya Verma,Female,41,Thane,Maharashtra,New,2025-10-09
14049,Meera Yadav,Male,31,Ahmedabad,Gujarat,Regular,2023-09-08
14050,Riya Chopra,Male,31,Dwarka,Delhi,Premium,2025-04-18
14051,Karan Arora,Other,35,Asansol,West Bengal,New,2024-07-27
14052,Isha Agarwal,Female,45,Pune,Maharashtra,New,2024-03-06
14053,Karan Kapoor,Other,18,Ahmedabad,Gujarat,Regular,2025-04-24
14054,Vivaan Chopra,Male,31,Mumbai,Maharashtra,Regular,2025-08-19
14055,Sneha Verma,Male,47,Ahmedabad,Gujarat,VIP,2025-12-06
14056,Karan Bansal,Male,35,Ambala,Haryana,Premium,2024-10-31
14057,Kavya Saini,Other,31,Rajkot,Gujarat,New,2025-10-31
14058,Sneha Agarwal,Male,26,Faridabad,Haryana,Premium,2024-10-11
14059,Isha Arora,Male,43,Siliguri,West Bengal,New,2024-05-10
14060,Rohan Mishra,Female,29,Asansol,West Bengal,Regular,2023-06-19
14061,Karan Mehta,Male,29,Kanpur,Uttar Pradesh,Regular,2025-05-21
14062,Kavya Saini,Male,48,Saket,Delhi,Regular,2023-06-05
14063,Meera Kumar,Female,24,Gandhinagar,Gujarat,Regular,2025-06-27
14064,Diya Sharma,Male,50,Karol Bagh,Delhi,Premium,2025-01-02
14065,Vivaan Chopra,Male,36,Howrah,West Bengal,Regular,2023-05-20
14066,Riya Gupta,Male,34,Mohali,Punjab,Premium,2024-12-17
14067,Aditi Gupta,Female,37,Mohali,Punjab,New,2023-12-05
14068,Kavya Mishra,Male,34,Howrah,West Bengal,Regular,2023-08-02
14069,Isha Mehta,Male,29,Mumbai,Maharashtra,Premium,2023-12-16
14070,Aditya Singh,Female,37,Surat,Gujarat,New,2025-01-14
14071,Rahul Gupta,Male,29,Kanpur,Uttar Pradesh,Regular,2025-04-25
14072,Yash Arora,Male,38,Pune,Maharashtra,Regular,2025-05-21
14073,Neha Kumar,Female,57,Mumbai,Maharashtra,Regular,2025-12-25
14074,Sneha Singh,Male,41,Mumbai,Maharashtra,New,2025-08-25
14075,Rohan Gupta,Male,32,Thane,Maharashtra,Premium,2024-06-10
14076,Aman Saini,Female,37,Pune,Maharashtra,Regular,2023-05-26
14077,Aditi Arora,Female,31,Noida,Uttar Pradesh,Regular,2023-06-29
14078,Yash Arora,Female,32,Dwarka,Delhi,Premium,2025-12-06
14079,Vivaan Singh,Male,33,Ahmedabad,Gujarat,VIP,2025-01-03
14080,Meera Bansal,Male,39,Rohini,Delhi,Regular,2024-03-21
14081,Yash Kumar,Female,43,Mumbai,Maharashtra,Premium,2024-11-05
14082,Rohan Chopra,Male,55,Dwarka,Delhi,VIP,2025-09-30
14083,Aditya Agarwal,Male,40,Thane,Maharashtra,New,2024-07-12
14084,Riya Mehta,Female,23,Surat,Gujarat,Regular,2025-12-01
14085,Meera Kapoor,Male,21,Saket,Delhi,New,2024-07-17
14086,Aman Agarwal,Female,33,Panipat,Haryana,Premium,2024-01-24
14087,Diya Bansal,Male,44,Jalandhar,Punjab,Regular,2025-02-10
14088,Kavya Yadav,Male,32,Nagpur,Maharashtra,Regular,2025-03-31
14089,Isha Kapoor,Female,32,Vadodara,Gujarat,Premium,2023-01-22
14090,Isha Sharma,Male,43,Karnal,Haryana,Premium,2025-09-15
14091,Vivaan Singh,Female,34,Vadodara,Gujarat,Regular,2025-08-26
14092,Yash Kumar,Male,44,Lucknow,Uttar Pradesh,Premium,2024-08-31
14093,Vikas Kapoor,Male,19,Ajmer,Rajasthan,VIP,2024-11-04
14094,Rohan Mishra,Male,39,Durgapur,West Bengal,Premium,2024-05-30
14095,Kavya Gupta,Male,18,Lucknow,Uttar Pradesh,Premium,2024-02-04
14096,Isha Mehta,Other,37,Jaipur,Rajasthan,VIP,2025-12-20
14097,Ananya Singh,Female,43,Karnal,Haryana,Premium,2023-09-06
14098,Aditya Singh,Female,18,Ambala,Haryana,Premium,2023-06-16
14099,Aditya Mishra,Female,18,Karol Bagh,Delhi,Premium,2023-11-23
14100,Riya Yadav,Female,43,Panipat,Haryana,Premium,2023-03-01
14101,Riya Chopra,Male,38,Thane,Maharashtra,Regular,2024-05-07
14102,Ananya Saini,Male,23,Varanasi,Uttar Pradesh,Regular,2023-03-31
14103,Isha Yadav,Female,36,Mumbai,Maharashtra,New,2024-04-01
14104,Karan Mishra,Male,29,Amritsar,Punjab,New,2023-02-03
14105,Kavya Gupta,Male,32,Varanasi,Uttar Pradesh,Premium,2023-08-26
14106,Aditya Bansal,Female,31,Pune,Maharashtra,Regular,2024-10-30
14107,Sneha Agarwal,Male,21,Durgapur,West Bengal,Premium,2023-07-05
14108,Aditya Gupta,Male,43,Karnal,Haryana,VIP,2023-05-14
14109,Rahul Gupta,Male,23,Kolkata,West Bengal,Regular,2024-10-23
14110,Aditya Kumar,Female,35,Mumbai,Maharashtra,New,2023-03-19
14111,Aarav Yadav,Male,41,Nashik,Maharashtra,Regular,2023-07-20
14112,Karan Kapoor,Female,26,Udaipur,Rajasthan,New,2025-02-08
14113,Vivaan Verma,Male,31,Gurugram,Haryana,Regular,2025-09-20
14114,Riya Chopra,Female,29,Ambala,Haryana,Regular,2024-08-07
14115,Aditi Verma,Male,51,Nagpur,Maharashtra,Premium,2023-02-14
14116,Neha Mishra,Other,43,Lucknow,Uttar Pradesh,Regular,2024-05-30
14117,Riya Chopra,Male,42,Kolkata,West Bengal,New,2023-11-04
14118,Karan Bansal,Female,56,Agra,Uttar Pradesh,Regular,2025-09-11
14119,Ananya Kapoor,Female,38,Amritsar,Punjab,Premium,2024-07-21
14120,Aditya Gupta,Male,31,Pune,Maharashtra,Regular,2025-01-06
14121,Aarav Arora,Male,20,Varanasi,Uttar Pradesh,Regular,2024-02-14
14122,Aditi Saini,Female,27,Jodhpur,Rajasthan,Regular,2024-05-09
14123,Neha Saini,Female,36,Nagpur,Maharashtra,Premium,2025-10-09
14124,Rahul Sharma,Male,43,Asansol,West Bengal,VIP,2024-12-20
14125,Diya Singh,Male,27,Rajkot,Gujarat,Regular,2024-02-15
14126,Vikas Saini,Male,50,Mumbai,Maharashtra,Premium,2024-10-10
14127,Vikas Yadav,Male,19,Mumbai,Maharashtra,New,2024-08-19
14128,Aditya Kumar,Male,30,Howrah,West Bengal,Premium,2025-03-07
14129,Arjun Saini,Female,38,Varanasi,Uttar Pradesh,Regular,2023-03-08
14130,Diya Arora,Male,35,Panipat,Haryana,Regular,2023-01-17
14131,Aman Chopra,Male,39,Rohini,Delhi,Regular,2024-11-21
14132,Aarav Mishra,Female,35,Dwarka,Delhi,Premium,2023-12-21
14133,Rahul Singh,Female,40,Nagpur,Maharashtra,New,2024-03-24
14134,Aditya Mishra,Male,32,Pune,Maharashtra,VIP,2025-11-04
14135,Meera Yadav,Male,31,Thane,Maharashtra,New,2025-07-25
14136,Rohan Verma,Male,26,Ambala,Haryana,Regular,2024-06-22
14137,Vikas Yadav,Male,56,Rajkot,Gujarat,Regular,2025-06-22
14138,Aditya Chopra,Male,33,Lucknow,Uttar Pradesh,Premium,2024-04-17
14139,Aditi Chopra,Male,38,Pune,Maharashtra,Regular,2023-04-28
14140,Aditya Bansal,Male,32,Nashik,Maharashtra,Regular,2025-05-13
14141,Vivaan Saini,Female,50,Agra,Uttar Pradesh,Premium,2024-10-09
14142,Sneha Bansal,Male,34,Mohali,Punjab,Regular,2023-09-22
14143,Aditi Singh,Male,37,Ambala,Haryana,Regular,2024-01-12
14144,Riya Mishra,Other,25,Surat,Gujarat,Regular,2024-08-28
14145,Kavya Bansal,Female,52,Asansol,West Bengal,Premium,2024-09-22
14146,Arjun Kumar,Male,36,Thane,Maharashtra,Premium,2025-10-17
14147,Vikas Yadav,Male,52,Amritsar,Punjab,Premium,2024-11-04
14148,Riya Agarwal,Female,28,Agra,Uttar Pradesh,Premium,2025-04-29
14149,Aditya Arora,Male,30,Surat,Gujarat,Premium,2024-06-05
14150,Aditi Arora,Female,29,Ahmedabad,Gujarat,Regular,2025-12-04
14151,Sneha Mishra,Female,31,Amritsar,Punjab,New,2023-06-28
14152,Riya Saini,Male,41,Karnal,Haryana,Premium,2023-12-11
14153,Riya Yadav,Female,18,Pune,Maharashtra,VIP,2023-07-08
14154,Yash Mehta,Other,34,Noida,Uttar Pradesh,Regular,2025-08-02
14155,Riya Sharma,Female,26,New Delhi,Delhi,Regular,2025-08-20
14156,Diya Mehta,Male,25,Panipat,Haryana,Premium,2025-12-26
14157,Aarav Mehta,Female,39,Jaipur,Rajasthan,Regular,2025-03-03
14158,Kavya Mehta,Female,37,Vadodara,Gujarat,VIP,2024-02-19
14159,Isha Mehta,Female,43,Asansol,West Bengal,Regular,2023-07-25
14160,Aditi Mishra,Female,38,Mumbai,Maharashtra,Regular,2024-04-01
14161,Yash Arora,Male,36,Udaipur,Rajasthan,New,2024-04-22
14162,Riya Verma,Male,28,Panipat,Haryana,Premium,2024-10-02
14163,Vivaan Kumar,Male,25,Pune,Maharashtra,Regular,2024-01-24
14164,Vivaan Saini,Male,40,Lucknow,Uttar Pradesh,VIP,2025-04-30
14165,Aarav Verma,Male,31,Nagpur,Maharashtra,Regular,2023-05-23
14166,Rahul Kumar,Male,38,Agra,Uttar Pradesh,Regular,2025-06-27
14167,Aditi Kapoor,Male,34,New Delhi,Delhi,Regular,2025-02-22
14168,Rahul Verma,Female,18,Gurugram,Haryana,Premium,2025-11-15
14169,Rohan Agarwal,Female,39,Varanasi,Uttar Pradesh,Regular,2024-08-10
14170,Vikas Mishra,Female,28,Faridabad,Haryana,Regular,2025-07-27
14171,Diya Kapoor,Male,43,Patiala,Punjab,Regular,2025-06-15
14172,Karan Mishra,Male,18,Siliguri,West Bengal,VIP,2023-05-31
14173,Diya Sharma,Male,53,Kanpur,Uttar Pradesh,VIP,2024-10-29
14174,Meera Sharma,Female,28,Ajmer,Rajasthan,Regular,2024-08-17
14175,Rahul Gupta,Female,39,Siliguri,West Bengal,Premium,2025-10-06
14176,Karan Yadav,Male,27,Siliguri,West Bengal,Premium,2024-10-29
14177,Aditya Mehta,Female,28,Mumbai,Maharashtra,Premium,2024-07-23
14178,Aditya Arora,Female,41,Rajkot,Gujarat,New,2025-11-26
14179,Sneha Kapoor,Female,32,Varanasi,Uttar Pradesh,Regular,2023-10-13
14180,Yash Kumar,Male,33,Agra,Uttar Pradesh,Premium,2023-05-01
14181,Riya Sharma,Female,42,Kanpur,Uttar Pradesh,Regular,2025-11-03
14182,Aman Saini,Female,36,Mumbai,Maharashtra,Regular,2024-02-06
14183,Vikas Verma,Male,38,Pune,Maharashtra,Regular,2024-02-20
14184,Karan Sharma,Male,28,Noida,Uttar Pradesh,Premium,2025-01-19
14185,Arjun Kumar,Male,41,Amritsar,Punjab,Premium,2024-03-26
14186,Riya Chopra,Male,35,Mumbai,Maharashtra,New,2025-03-14
14187,Isha Mehta,Male,38,Amritsar,Punjab,Premium,2024-12-18
14188,Aarav Bansal,Male,38,Nashik,Maharashtra,Regular,2025-10-06
14189,Yash Yadav,Male,45,Nashik,Maharashtra,Premium,2024-03-15
14190,Rohan Saini,Male,39,Nashik,Maharashtra,Regular,2023-03-06
14191,Arjun Chopra,Male,22,Rajkot,Gujarat,Regular,2023-01-17
14192,Meera Yadav,Female,28,Kolkata,West Bengal,Premium,2024-05-08
14193,Neha Chopra,Female,36,Udaipur,Rajasthan,Regular,2024-09-04
14194,Vikas Verma,Male,38,Rajkot,Gujarat,Regular,2023-02-09
14195,Aditi Chopra,Male,21,Mumbai,Maharashtra,New,2024-03-27
14196,Isha Bansal,Female,24,Amritsar,Punjab,VIP,2025-05-09
14197,Vikas Mehta,Female,45,Karnal,Haryana,New,2024-01-28
14198,Arjun Verma,Male,54,Agra,Uttar Pradesh,Premium,2023-02-16
14199,Aditya Chopra,Female,18,Kanpur,Uttar Pradesh,Regular,2025-09-18
14200,Arjun Kumar,Male,37,Mumbai,Maharashtra,New,2025-06-15
14201,Isha Singh,Female,34,Rajkot,Gujarat,Premium,2024-01-14
14202,Ananya Arora,Other,44,Karol Bagh,Delhi,Premium,2023-08-02
14203,Sneha Agarwal,Male,39,Amritsar,Punjab,New,2023-10-04
14204,Meera Agarwal,Female,42,Howrah,West Bengal,New,2023-04-17
14205,Aarav Verma,Male,18,Mohali,Punjab,Premium,2024-07-08
14206,Aarav Saini,Female,34,Jaipur,Rajasthan,Regular,2025-09-03
14207,Karan Yadav,Male,25,Mumbai,Maharashtra,Premium,2024-11-04
14208,Rohan Mishra,Female,25,Ajmer,Rajasthan,Regular,2025-06-03
14209,Diya Mehta,Male,22,Ambala,Haryana,Regular,2024-05-22
14210,Sneha Agarwal,Female,36,Panipat,Haryana,Regular,2024-04-27
14211,Kavya Kumar,Female,37,Ludhiana,Punjab,Regular,2023-10-15
14212,Aditya Bansal,Male,40,Thane,Maharashtra,New,2023-09-26
14213,Neha Mehta,Male,30,Jodhpur,Rajasthan,Premium,2025-05-22
14214,Yash Chopra,Male,48,Rohini,Delhi,Regular,2023-07-13
14215,Rahul Kumar,Female,25,Thane,Maharashtra,Premium,2023-08-03
14216,Neha Verma,Female,20,Surat,Gujarat,VIP,2025-05-07
14217,Aman Yadav,Male,36,Karnal,Haryana,Premium,2023-11-22
14218,Vivaan Yadav,Female,27,Jodhpur,Rajasthan,Regular,2023-05-19
14219,Isha Mishra,Male,39,Thane,Maharashtra,Regular,2025-10-01
14220,Vikas Chopra,Male,27,Karol Bagh,Delhi,Regular,2024-11-19
14221,Rahul Gupta,Male,28,Agra,Uttar Pradesh,Premium,2025-01-15
14222,Vikas Kumar,Female,27,Thane,Maharashtra,Premium,2025-05-16
14223,Aarav Sharma,Other,27,Siliguri,West Bengal,New,2023-11-11
14224,Diya Saini,Female,34,Vadodara,Gujarat,VIP,2024-09-11
14225,Meera Agarwal,Male,36,Nashik,Maharashtra,New,2024-10-15
14226,Arjun Verma,Female,27,Vadodara,Gujarat,Regular,2025-10-29
14227,Aditya Yadav,Male,22,Kanpur,Uttar Pradesh,Regular,2024-12-27
14228,Arjun Bansal,Male,39,Pune,Maharashtra,Regular,2023-06-26
14229,Neha Yadav,Male,38,Ajmer,Rajasthan,Regular,2024-11-18
14230,Aarav Gupta,Male,41,Amritsar,Punjab,New,2025-09-24
14231,Arjun Agarwal,Female,24,Thane,Maharashtra,VIP,2025-02-03
14232,Karan Sharma,Male,26,Nashik,Maharashtra,VIP,2024-05-05
14233,Vikas Verma,Female,42,Lucknow,Uttar Pradesh,Regular,2023-07-03
14234,Meera Kumar,Male,43,Siliguri,West Bengal,Regular,2024-11-11
14235,Karan Arora,Male,30,Karnal,Haryana,Regular,2023-09-08
14236,Kavya Yadav,Male,24,Lucknow,Uttar Pradesh,New,2025-07-27
14237,Vikas Singh,Male,27,Karnal,Haryana,Regular,2024-07-03
14238,Yash Arora,Other,24,Gandhinagar,Gujarat,Regular,2024-07-28
14239,Kavya Sharma,Male,42,Thane,Maharashtra,Regular,2024-08-07
14240,Arjun Chopra,Female,41,Varanasi,Uttar Pradesh,Regular,2024-05-11
14241,Vikas Gupta,Male,35,Mumbai,Maharashtra,Premium,2023-04-13
14242,Diya Chopra,Male,27,Varanasi,Uttar Pradesh,New,2025-07-01
14243,Yash Gupta,Male,25,Vadodara,Gujarat,Regular,2024-09-27
14244,Arjun Mehta,Female,28,Lucknow,Uttar Pradesh,Premium,2024-06-14
14245,Yash Chopra,Male,25,Noida,Uttar Pradesh,VIP,2023-04-15
14246,Vivaan Verma,Female,36,Asansol,West Bengal,Premium,2023-07-13
14247,Neha Kumar,Male,42,Rohini,Delhi,Regular,2024-05-17
14248,Aditya Gupta,Male,42,Amritsar,Punjab,Premium,2025-02-16
14249,Neha Saini,Female,25,Pune,Maharashtra,VIP,2025-10-13
14250,Karan Sharma,Male,28,Asansol,West Bengal,Premium,2025-10-11
14251,Riya Saini,Male,28,Kanpur,Uttar Pradesh,New,2025-09-21
14252,Aman Singh,Female,44,Karnal,Haryana,Regular,2024-09-29
14253,Sneha Verma,Male,21,Varanasi,Uttar Pradesh,Premium,2024-04-09
14254,Isha Yadav,Female,34,Udaipur,Rajasthan,Premium,2024-04-15
14255,Rohan Gupta,Male,25,Amritsar,Punjab,Regular,2023-10-22
14256,Aditya Kumar,Male,32,Pune,Maharashtra,Regular,2024-01-08
14257,Vivaan Saini,Male,41,Asansol,West Bengal,Regular,2023-05-26
14258,Aditi Kumar,Female,31,Agra,Uttar Pradesh,Regular,2025-04-12
14259,Ananya Sharma,Female,26,Agra,Uttar Pradesh,Regular,2025-10-07
14260,Kavya Arora,Female,41,Agra,Uttar Pradesh,Premium,2023-06-02
14261,Ananya Arora,Female,35,Jalandhar,Punjab,Regular,2023-02-28
14262,Aditi Singh,Male,39,Asansol,West Bengal,Regular,2025-10-08
14263,Karan Kapoor,Male,37,Lucknow,Uttar Pradesh,Premium,2025-09-07
14264,Isha Kapoor,Male,22,Kanpur,Uttar Pradesh,Regular,2023-03-05
14265,Ananya Chopra,Female,47,Nashik,Maharashtra,Regular,2024-09-15
14266,Vikas Chopra,Female,32,Noida,Uttar Pradesh,New,2024-05-17
14267,Ananya Singh,Male,42,Nagpur,Maharashtra,Premium,2024-01-24
14268,Aditi Saini,Male,30,Gurugram,Haryana,VIP,2023-01-18
14269,Meera Kumar,Female,40,Gandhinagar,Gujarat,Premium,2023-10-11
14270,Aman Chopra,Female,44,Durgapur,West Bengal,Regular,2024-12-18
14271,Rohan Singh,Female,43,Thane,Maharashtra,Regular,2025-04-16
14272,Yash Gupta,Male,35,Kolkata,West Bengal,Regular,2024-11-30
14273,Aditya Chopra,Female,31,Amritsar,Punjab,Premium,2024-10-07
14274,Rahul Verma,Female,20,Udaipur,Rajasthan,New,2025-11-24
14275,Vikas Yadav,Male,22,Nashik,Maharashtra,Premium,2024-05-03
14276,Yash Saini,Female,45,Nashik,Maharashtra,Regular,2023-05-15
14277,Kavya Singh,Male,26,Noida,Uttar Pradesh,Regular,2024-12-18
14278,Aditi Mishra,Male,42,Lucknow,Uttar Pradesh,Regular,2023-09-09
14279,Aarav Sharma,Female,43,Patiala,Punjab,Regular,2023-03-15
14280,Vikas Mishra,Female,39,Kanpur,Uttar Pradesh,Premium,2025-05-27
14281,Karan Gupta,Male,38,Mohali,Punjab,Regular,2025-10-21
14282,Meera Chopra,Male,22,Rajkot,Gujarat,Premium,2023-03-14
14283,Rahul Mehta,Female,21,New Delhi,Delhi,Regular,2024-03-31
14284,Aditya Agarwal,Male,27,Panipat,Haryana,Regular,2024-09-21
14285,Meera Singh,Male,51,Mumbai,Maharashtra,Regular,2023-07-20
14286,Isha Saini,Male,48,Thane,Maharashtra,Premium,2024-01-12
14287,Aarav Bansal,Female,34,Asansol,West Bengal,New,2025-04-13
14288,Rohan Verma,Male,47,Mumbai,Maharashtra,Premium,2025-10-26
14289,Diya Saini,Female,25,Agra,Uttar Pradesh,Regular,2025-01-22
14290,Yash Yadav,Male,30,Rajkot,Gujarat,Premium,2023-06-19
14291,Rahul Agarwal,Female,50,Udaipur,Rajasthan,Regular,2024-04-28
14292,Aditya Agarwal,Female,55,Panipat,Haryana,New,2025-04-08
14293,Rahul Saini,Female,42,Nagpur,Maharashtra,VIP,2025-06-16
14294,Aarav Mehta,Male,18,Durgapur,West Bengal,New,2023-12-19
14295,Karan Saini,Male,47,Lucknow,Uttar Pradesh,New,2025-05-23
14296,Aman Yadav,Female,31,Kanpur,Uttar Pradesh,Regular,2023-02-19
14297,Kavya Mehta,Female,41,Ludhiana,Punjab,VIP,2023-08-17
14298,Sneha Gupta,Male,35,Patiala,Punjab,Regular,2025-11-12
14299,Aman Bansal,Male,44,Noida,Uttar Pradesh,Regular,2024-05-26
14300,Kavya Mehta,Male,34,Nagpur,Maharashtra,Regular,2023-01-16
14301,Riya Bansal,Male,61,Karnal,Haryana,Regular,2024-11-23
14302,Kavya Arora,Male,44,Asansol,West Bengal,Premium,2025-05-26
14303,Arjun Kumar,Female,21,Surat,Gujarat,Regular,2025-02-22
14304,Kavya Agarwal,Male,18,Mumbai,Maharashtra,Regular,2024-10-11
14305,Neha Bansal,Male,18,Gandhinagar,Gujarat,Regular,2025-10-27
14306,Kavya Mehta,Female,40,Karnal,Haryana,VIP,2025-03-18
14307,Rohan Chopra,Male,44,Kota,Rajasthan,New,2025-10-06
14308,Ananya Arora,Female,18,Mumbai,Maharashtra,Premium,2025-11-07
14309,Rohan Saini,Male,46,Ahmedabad,Gujarat,Premium,2023-08-24
14310,Vikas Saini,Female,38,Rajkot,Gujarat,New,2023-08-03
14311,Rohan Saini,Male,50,Dwarka,Delhi,New,2025-05-21
14312,Isha Mehta,Female,24,Asansol,West Bengal,Regular,2025-03-10
14313,Rohan Verma,Male,37,Jalandhar,Punjab,Premium,2024-07-21
14314,Aman Mehta,Male,37,Siliguri,West Bengal,Premium,2025-12-02
14315,Sneha Kapoor,Male,26,Kolkata,West Bengal,Premium,2023-06-15
14316,Riya Gupta,Male,21,Jalandhar,Punjab,Regular,2025-12-23
14317,Aditya Yadav,Male,43,Nashik,Maharashtra,VIP,2024-08-14
14318,Riya Saini,Female,36,Panipat,Haryana,Regular,2023-05-22
14319,Aman Singh,Male,38,Varanasi,Uttar Pradesh,Premium,2024-05-24
14320,Riya Verma,Female,48,Udaipur,Rajasthan,Regular,2024-12-03
14321,Sneha Mishra,Male,34,Pune,Maharashtra,Regular,2025-12-14
14322,Karan Agarwal,Female,37,Durgapur,West Bengal,Regular,2025-10-07
14323,Meera Verma,Female,38,Nashik,Maharashtra,Regular,2024-10-18
14324,Kavya Kumar,Female,38,Kota,Rajasthan,New,2024-06-25
14325,Ananya Saini,Male,20,Surat,Gujarat,Regular,2023-04-29
14326,Kavya Verma,Male,34,Howrah,West Bengal,New,2023-09-22
14327,Vikas Kapoor,Male,46,Gurugram,Haryana,Regular,2025-06-01
14328,Diya Bansal,Female,33,Durgapur,West Bengal,New,2023-03-31
14329,Aditya Mehta,Female,29,Ambala,Haryana,Regular,2024-03-28
14330,Aarav Sharma,Female,44,Rajkot,Gujarat,VIP,2024-08-30
14331,Aditya Saini,Male,34,Karol Bagh,Delhi,Regular,2024-08-15
14332,Neha Verma,Female,28,Ludhiana,Punjab,New,2023-06-26
14333,Vivaan Singh,Female,25,Kanpur,Uttar Pradesh,Regular,2024-07-23
14334,Aarav Chopra,Male,33,Pune,Maharashtra,Premium,2025-07-21
14335,Rohan Kumar,Male,27,Kanpur,Uttar Pradesh,Regular,2025-02-01
14336,Yash Agarwal,Female,43,Karnal,Haryana,Regular,2024-07-24
14337,Isha Mishra,Male,26,Pune,Maharashtra,Premium,2023-06-10
14338,Aarav Sharma,Female,37,Howrah,West Bengal,Regular,2024-07-14
14339,Vikas Gupta,Female,38,Agra,Uttar Pradesh,Regular,2024-03-16
14340,Aditi Saini,Other,40,Rohini,Delhi,New,2023-06-08
14341,Diya Bansal,Female,50,Lucknow,Uttar Pradesh,New,2023-06-14
14342,Neha Agarwal,Female,20,Panipat,Haryana,Regular,2024-05-04
14343,Ananya Saini,Male,40,Gandhinagar,Gujarat,Regular,2023-01-01
14344,Meera Saini,Male,40,Ahmedabad,Gujarat,Premium,2023-07-14
14345,Arjun Verma,Female,23,Nashik,Maharashtra,Regular,2023-02-26
14346,Rahul Saini,Female,37,Kanpur,Uttar Pradesh,Regular,2025-02-20
14347,Meera Gupta,Female,30,Surat,Gujarat,Regular,2025-10-15
14348,Yash Arora,Male,48,Nashik,Maharashtra,Regular,2023-01-05
14349,Rahul Bansal,Male,28,Vadodara,Gujarat,Regular,2024-02-09
14350,Aditi Saini,Male,32,Nashik,Maharashtra,Premium,2025-07-25
14351,Arjun Singh,Male,30,Vadodara,Gujarat,New,2024-10-29
14352,Rohan Arora,Female,26,Nashik,Maharashtra,Regular,2023-05-01
14353,Aman Sharma,Female,19,Varanasi,Uttar Pradesh,Premium,2024-10-02
14354,Karan Bansal,Male,26,Kolkata,West Bengal,Regular,2024-11-22
14355,Aman Arora,Female,35,Kota,Rajasthan,Premium,2024-12-31
14356,Riya Verma,Female,37,Mumbai,Maharashtra,Regular,2023-08-02
14357,Rohan Verma,Female,42,Saket,Delhi,Regular,2025-11-09
14358,Aarav Verma,Female,44,Pune,Maharashtra,New,2023-02-12
14359,Aman Mehta,Male,38,Thane,Maharashtra,Regular,2023-05-30
14360,Kavya Kumar,Female,42,Mohali,Punjab,New,2025-02-23
14361,Ananya Verma,Male,39,Karnal,Haryana,Premium,2024-03-12
14362,Meera Arora,Female,23,Pune,Maharashtra,Regular,2025-04-16
14363,Arjun Saini,Female,38,Vadodara,Gujarat,Premium,2024-09-22
14364,Aman Yadav,Female,34,Ajmer,Rajasthan,Regular,2024-04-27
14365,Aditya Saini,Other,28,Dwarka,Delhi,Premium,2023-04-23
14366,Meera Arora,Female,34,Pune,Maharashtra,Regular,2025-10-08
14367,Aditya Yadav,Male,38,Karnal,Haryana,New,2024-02-16
14368,Aman Mishra,Male,32,Lucknow,Uttar Pradesh,Regular,2025-02-22
14369,Meera Chopra,Male,44,Amritsar,Punjab,VIP,2025-09-21
14370,Rahul Chopra,Male,37,Jalandhar,Punjab,Regular,2023-11-07
14371,Aditya Mehta,Male,43,New Delhi,Delhi,Regular,2024-01-10
14372,Neha Mehta,Female,47,Noida,Uttar Pradesh,Regular,2025-09-12
14373,Rohan Mishra,Male,30,Panipat,Haryana,Regular,2023-06-29
14374,Aditya Agarwal,Male,30,Kanpur,Uttar Pradesh,Regular,2024-10-25
14375,Riya Kapoor,Female,46,Kota,Rajasthan,Regular,2024-05-06
14376,Karan Bansal,Female,26,Ajmer,Rajasthan,Regular,2025-05-26
14377,Arjun Chopra,Female,33,Noida,Uttar Pradesh,Premium,2025-10-21
14378,Neha Bansal,Male,29,Vadodara,Gujarat,New,2023-07-20
14379,Arjun Verma,Female,24,Jalandhar,Punjab,Regular,2023-11-15
14380,Rohan Mishra,Male,39,Udaipur,Rajasthan,Premium,2023-06-19
14381,Karan Chopra,Male,31,Ambala,Haryana,Regular,2023-08-04
14382,Kavya Yadav,Female,25,Karnal,Haryana,Regular,2024-12-07
14383,Riya Agarwal,Male,43,Nashik,Maharashtra,Premium,2024-11-15
14384,Yash Kapoor,Male,21,Pune,Maharashtra,Regular,2024-08-16
14385,Sneha Gupta,Female,33,Kolkata,West Bengal,Regular,2024-07-01
14386,Meera Kapoor,Female,43,Mumbai,Maharashtra,Premium,2023-01-31
14387,Arjun Yadav,Female,43,Durgapur,West Bengal,VIP,2023-10-27
14388,Neha Chopra,Male,38,Ambala,Haryana,Regular,2023-04-10
14389,Vikas Sharma,Male,25,Faridabad,Haryana,Premium,2024-09-23
14390,Aditya Chopra,Male,36,Ambala,Haryana,Regular,2025-05-26
14391,Arjun Chopra,Female,38,Jalandhar,Punjab,Regular,2024-03-24
14392,Meera Singh,Female,30,Kota,Rajasthan,Premium,2025-06-18
14393,Vivaan Yadav,Male,38,Nashik,Maharashtra,Premium,2024-12-26
14394,Meera Saini,Male,19,Panipat,Haryana,Regular,2024-06-27
14395,Aman Kumar,Female,18,Howrah,West Bengal,Regular,2023-09-11
14396,Diya Gupta,Male,28,Ahmedabad,Gujarat,Premium,2023-06-21
14397,Diya Saini,Female,41,Varanasi,Uttar Pradesh,Regular,2024-10-22
14398,Aarav Verma,Female,43,Ambala,Haryana,Regular,2025-04-17
14399,Ananya Yadav,Male,21,Amritsar,Punjab,VIP,2023-07-31
14400,Rahul Sharma,Male,49,Patiala,Punjab,Regular,2024-01-03
14401,Isha Mishra,Female,35,Jalandhar,Punjab,Regular,2024-07-09
14402,Vivaan Agarwal,Male,19,Jaipur,Rajasthan,Regular,2025-02-07
14403,Aman Kapoor,Female,37,Dwarka,Delhi,Regular,2025-03-16
14404,Aarav Kapoor,Male,47,Agra,Uttar Pradesh,New,2025-06-22
14405,Isha Arora,Male,29,Durgapur,West Bengal,Regular,2024-04-16
14406,Vivaan Singh,Female,44,Nashik,Maharashtra,New,2023-12-13
14407,Rahul Sharma,Male,48,Siliguri,West Bengal,Premium,2023-10-22
14408,Rohan Saini,Male,34,Jalandhar,Punjab,Premium,2025-11-04
14409,Ananya Saini,Male,27,Kanpur,Uttar Pradesh,Premium,2025-02-03
14410,Aditi Gupta,Female,46,Nagpur,Maharashtra,Premium,2025-08-19
14411,Vikas Singh,Female,46,Gurugram,Haryana,New,2023-08-13
14412,Sneha Chopra,Male,21,Faridabad,Haryana,VIP,2024-07-03
14413,Rahul Verma,Female,33,Nagpur,Maharashtra,Regular,2023-12-14
14414,Aditi Sharma,Male,41,Nashik,Maharashtra,Regular,2023-04-01
14415,Isha Gupta,Male,42,Kanpur,Uttar Pradesh,Premium,2023-07-05
14416,Sneha Chopra,Female,31,Jodhpur,Rajasthan,New,2023-02-03
14417,Neha Singh,Female,24,Lucknow,Uttar Pradesh,New,2025-07-12
14418,Sneha Agarwal,Male,50,Faridabad,Haryana,Premium,2025-04-23
14419,Rohan Kumar,Male,35,Agra,Uttar Pradesh,Regular,2023-04-21
14420,Isha Yadav,Male,32,Mohali,Punjab,Premium,2023-12-28
14421,Meera Kumar,Female,28,Panipat,Haryana,Premium,2024-04-28
14422,Karan Mishra,Male,32,Howrah,West Bengal,VIP,2024-07-02
14423,Isha Agarwal,Male,18,Pune,Maharashtra,Regular,2024-04-26
14424,Aman Saini,Male,44,Surat,Gujarat,New,2025-11-30
14425,Vivaan Mishra,Male,31,Lucknow,Uttar Pradesh,Premium,2023-09-02
14426,Aditi Sharma,Female,18,Noida,Uttar Pradesh,Regular,2023-01-30
14427,Arjun Verma,Male,24,Saket,Delhi,Regular,2025-05-27
14428,Karan Yadav,Female,44,Panipat,Haryana,Regular,2025-05-27
14429,Diya Bansal,Male,33,Ludhiana,Punjab,Regular,2025-01-28
14430,Isha Yadav,Male,26,Ahmedabad,Gujarat,Regular,2025-09-08
14431,Vivaan Sharma,Male,35,Nagpur,Maharashtra,Premium,2024-07-23
14432,Aman Gupta,Male,31,Nagpur,Maharashtra,Regular,2023-03-27
14433,Rohan Kumar,Male,35,Kota,Rajasthan,Regular,2023-09-02
14434,Diya Verma,Female,37,Durgapur,West Bengal,Regular,2025-01-26
14435,Yash Saini,Female,26,Faridabad,Haryana,Regular,2024-09-12
14436,Arjun Chopra,Male,28,New Delhi,Delhi,New,2024-02-26
14437,Aarav Verma,Male,27,Noida,Uttar Pradesh,Regular,2025-01-03
14438,Yash Kapoor,Male,27,Rajkot,Gujarat,VIP,2025-09-26
14439,Neha Kapoor,Female,28,Durgapur,West Bengal,Premium,2024-01-26
14440,Sneha Singh,Female,31,Rohini,Delhi,Regular,2023-10-05
14441,Vivaan Yadav,Female,28,Howrah,West Bengal,Premium,2024-11-15
14442,Rohan Mishra,Female,36,Gandhinagar,Gujarat,Regular,2024-11-16
14443,Arjun Gupta,Male,31,Rohini,Delhi,Premium,2024-07-30
14444,Aditi Arora,Female,27,Lucknow,Uttar Pradesh,Premium,2025-03-06
14445,Diya Kumar,Male,18,Kanpur,Uttar Pradesh,Regular,2023-06-25
14446,Vikas Chopra,Female,25,Asansol,West Bengal,New,2024-03-16
14447,Rohan Kumar,Male,30,Ludhiana,Punjab,Regular,2023-09-05
14448,Karan Kumar,Male,44,Ahmedabad,Gujarat,Regular,2023-04-29
14449,Vikas Mehta,Male,33,Noida,Uttar Pradesh,Regular,2024-02-15
14450,Neha Singh,Male,19,Vadodara,Gujarat,Regular,2024-01-29
14451,Arjun Kumar,Female,35,Noida,Uttar Pradesh,New,2025-04-20
14452,Riya Mehta,Female,29,Thane,Maharashtra,Regular,2025-04-02
14453,Meera Agarwal,Female,40,Gandhinagar,Gujarat,Premium,2023-07-01
14454,Sneha Saini,Other,19,Vadodara,Gujarat,Regular,2024-04-26
14455,Arjun Saini,Male,46,Siliguri,West Bengal,Regular,2024-12-11
14456,Kavya Bansal,Male,38,Gurugram,Haryana,New,2025-04-03
14457,Kavya Saini,Female,32,Mumbai,Maharashtra,Regular,2023-08-22
14458,Vikas Chopra,Female,19,Jalandhar,Punjab,Regular,2023-12-29
14459,Rohan Bansal,Male,19,Varanasi,Uttar Pradesh,VIP,2024-04-15
14460,Aditya Chopra,Male,41,Nagpur,Maharashtra,New,2024-12-19
14461,Aman Arora,Male,42,Kanpur,Uttar Pradesh,Regular,2024-07-14
14462,Isha Kapoor,Other,44,Udaipur,Rajasthan,New,2025-01-22
14463,Diya Kapoor,Female,51,Asansol,West Bengal,Premium,2023-04-19
14464,Sneha Saini,Male,41,Patiala,Punjab,Regular,2025-07-19
14465,Aman Bansal,Female,38,Nashik,Maharashtra,Premium,2024-08-22
14466,Diya Arora,Male,58,Varanasi,Uttar Pradesh,Premium,2025-10-09
14467,Aditya Agarwal,Male,29,Patiala,Punjab,VIP,2024-12-07
14468,Isha Mehta,Female,33,Ludhiana,Punjab,New,2024-12-11
14469,Karan Kumar,Male,19,Howrah,West Bengal,Regular,2025-02-05
14470,Kavya Bansal,Male,40,Kolkata,West Bengal,Premium,2024-07-09
14471,Rahul Singh,Female,32,Asansol,West Bengal,Regular,2024-05-02
14472,Rohan Sharma,Female,28,Howrah,West Bengal,Premium,2023-04-05
14473,Neha Sharma,Other,28,Saket,Delhi,Regular,2023-12-20
14474,Yash Bansal,Male,26,Noida,Uttar Pradesh,Regular,2023-06-20
14475,Aman Singh,Male,32,Mumbai,Maharashtra,VIP,2025-02-17
14476,Aditi Mishra,Male,20,Jodhpur,Rajasthan,VIP,2024-03-16
14477,Arjun Kapoor,Female,20,Lucknow,Uttar Pradesh,New,2025-08-22
14478,Neha Verma,Male,23,Agra,Uttar Pradesh,Regular,2023-06-17
14479,Yash Gupta,Male,28,Pune,Maharashtra,Regular,2023-03-27
14480,Rahul Chopra,Male,29,Pune,Maharashtra,Regular,2023-02-12
14481,Riya Agarwal,Female,18,Patiala,Punjab,New,2025-07-14
14482,Yash Saini,Male,29,Jaipur,Rajasthan,Regular,2025-01-27
14483,Yash Saini,Male,26,Nagpur,Maharashtra,VIP,2025-10-23
14484,Arjun Verma,Male,42,Thane,Maharashtra,New,2025-05-30
14485,Aditi Mehta,Male,25,Saket,Delhi,Premium,2025-08-07
14486,Karan Kapoor,Male,44,Rajkot,Gujarat,Regular,2025-03-22
14487,Aman Chopra,Male,51,Ambala,Haryana,Regular,2024-08-28
14488,Karan Mehta,Female,46,Lucknow,Uttar Pradesh,Regular,2023-10-28
14489,Kavya Mishra,Male,24,Vadodara,Gujarat,Regular,2023-06-05
14490,Vikas Bansal,Male,39,Pune,Maharashtra,Premium,2024-03-30
14491,Aarav Mehta,Male,24,Karol Bagh,Delhi,VIP,2024-03-01
14492,Vikas Yadav,Female,26,Thane,Maharashtra,Regular,2024-01-19
14493,Aman Saini,Male,26,Nagpur,Maharashtra,Regular,2025-03-31
14494,Rahul Arora,Female,35,Gandhinagar,Gujarat,Regular,2023-08-28
14495,Ananya Bansal,Female,25,Gandhinagar,Gujarat,New,2023-12-17
14496,Rahul Gupta,Male,34,Nagpur,Maharashtra,New,2023-01-30
14497,Meera Bansal,Male,47,Kota,Rajasthan,Premium,2024-08-08
14498,Aarav Agarwal,Female,23,Amritsar,Punjab,Regular,2023-09-07
14499,Ananya Gupta,Female,18,Saket,Delhi,Regular,2025-03-31
14500,Yash Mehta,Female,28,Agra,Uttar Pradesh,VIP,2024-06-14
14501,Meera Saini,Female,48,Pune,Maharashtra,New,2023-11-01
14502,Neha Sharma,Male,41,Kota,Rajasthan,Regular,2023-02-25
14503,Aditi Gupta,Female,25,Kanpur,Uttar Pradesh,Premium,2023-12-18
14504,Kavya Arora,Male,24,Panipat,Haryana,New,2024-12-07
14505,Riya Chopra,Female,37,Jaipur,Rajasthan,Regular,2025-09-21
14506,Vikas Sharma,Female,35,Agra,Uttar Pradesh,New,2023-01-31
14507,Arjun Arora,Male,40,Gandhinagar,Gujarat,VIP,2024-04-11
14508,Vivaan Kapoor,Male,22,Panipat,Haryana,New,2025-03-23
14509,Vikas Agarwal,Male,33,Mumbai,Maharashtra,Regular,2024-07-03
14510,Rahul Yadav,Male,43,Asansol,West Bengal,New,2023-05-15
14511,Yash Verma,Female,45,Ludhiana,Punjab,Regular,2025-02-03
14512,Aditi Sharma,Female,22,Kota,Rajasthan,Premium,2023-10-25
14513,Diya Singh,Female,33,Ambala,Haryana,Regular,2023-04-26
14514,Aditi Kapoor,Male,31,Nashik,Maharashtra,New,2025-10-08
14515,Aditya Agarwal,Male,26,Thane,Maharashtra,Regular,2025-06-29
14516,Aarav Gupta,Male,27,Lucknow,Uttar Pradesh,VIP,2024-04-16
14517,Vivaan Mehta,Male,40,Jodhpur,Rajasthan,New,2023-04-23
14518,Ananya Kapoor,Female,26,Durgapur,West Bengal,Regular,2025-02-21
14519,Arjun Sharma,Female,33,New Delhi,Delhi,Premium,2025-05-27
14520,Ananya Agarwal,Male,39,Ambala,Haryana,Premium,2024-01-31
14521,Karan Saini,Female,52,Rajkot,Gujarat,Premium,2023-05-03
14522,Vikas Singh,Male,37,Pune,Maharashtra,New,2025-10-20
14523,Aarav Agarwal,Male,41,Siliguri,West Bengal,Regular,2024-04-01
14524,Vivaan Mehta,Male,37,Pune,Maharashtra,New,2023-03-19
14525,Yash Agarwal,Female,32,Vadodara,Gujarat,Regular,2025-09-22
14526,Vikas Chopra,Male,32,Agra,Uttar Pradesh,New,2024-02-11
14527,Aditya Chopra,Male,33,Surat,Gujarat,New,2023-05-21
14528,Neha Singh,Female,18,Siliguri,West Bengal,Regular,2024-01-23
14529,Yash Bansal,Female,31,Mumbai,Maharashtra,VIP,2023-12-27
14530,Kavya Yadav,Male,38,Mohali,Punjab,Premium,2023-04-07
14531,Isha Sharma,Female,27,Karol Bagh,Delhi,New,2024-09-14
14532,Aditi Singh,Female,49,Karol Bagh,Delhi,Regular,2025-12-29
14533,Arjun Saini,Male,35,New Delhi,Delhi,New,2025-01-17
14534,Meera Yadav,Female,33,Kanpur,Uttar Pradesh,Regular,2023-09-09
14535,Meera Chopra,Male,42,Mumbai,Maharashtra,Premium,2025-12-26
14536,Karan Kumar,Female,40,Pune,Maharashtra,Premium,2023-04-17
14537,Aman Kapoor,Female,45,Agra,Uttar Pradesh,Premium,2025-02-15
14538,Rahul Chopra,Male,47,Pune,Maharashtra,Premium,2024-04-23
14539,Aman Bansal,Male,49,Panipat,Haryana,Regular,2025-09-10
14540,Riya Mehta,Male,39,Faridabad,Haryana,Premium,2025-03-26
14541,Vivaan Arora,Male,24,Mohali,Punjab,Premium,2023-05-12
14542,Riya Kumar,Male,32,Jaipur,Rajasthan,Regular,2023-09-22
14543,Neha Kumar,Female,50,Rohini,Delhi,VIP,2023-05-27
14544,Arjun Chopra,Male,37,Dwarka,Delhi,VIP,2025-12-04
14545,Kavya Agarwal,Male,30,Lucknow,Uttar Pradesh,Premium,2025-11-06
14546,Isha Mishra,Female,29,Vadodara,Gujarat,Regular,2025-04-05
14547,Aman Mehta,Female,23,Karnal,Haryana,Regular,2025-02-19
14548,Karan Mishra,Male,43,Pune,Maharashtra,Premium,2024-12-17
14549,Ananya Mehta,Female,29,Nagpur,Maharashtra,Regular,2024-12-30
14550,Riya Verma,Female,24,Surat,Gujarat,Premium,2023-12-26
14551,Riya Gupta,Male,25,Asansol,West Bengal,Premium,2025-03-09
14552,Aditi Singh,Male,18,Ambala,Haryana,Premium,2024-05-29
14553,Neha Mehta,Female,41,Amritsar,Punjab,New,2025-10-23
14554,Riya Mishra,Female,32,Siliguri,West Bengal,Regular,2023-01-06
14555,Aditi Arora,Male,22,Ajmer,Rajasthan,Premium,2023-07-09
14556,Yash Yadav,Male,48,Pune,Maharashtra,Regular,2023-09-21
14557,Rohan Agarwal,Female,34,Mumbai,Maharashtra,Premium,2025-07-14
14558,Vikas Chopra,Female,18,Mumbai,Maharashtra,Premium,2023-06-28
14559,Aditi Bansal,Female,41,Howrah,West Bengal,New,2023-07-13
14560,Aditya Bansal,Female,24,Kolkata,West Bengal,New,2025-04-26
14561,Rahul Agarwal,Female,40,Pune,Maharashtra,Premium,2025-05-07
14562,Diya Mishra,Female,39,Lucknow,Uttar Pradesh,New,2025-01-19
14563,Aditya Bansal,Female,35,Durgapur,West Bengal,Regular,2025-04-08
14564,Sneha Kapoor,Female,21,Karnal,Haryana,Premium,2025-11-03
14565,Neha Saini,Male,22,Karol Bagh,Delhi,Regular,2023-03-27
14566,Arjun Chopra,Female,34,Asansol,West Bengal,Premium,2025-09-10
14567,Vikas Yadav,Male,25,Saket,Delhi,Regular,2025-09-29
14568,Neha Mishra,Male,46,Rohini,Delhi,Regular,2024-01-18
14569,Arjun Chopra,Female,33,Mohali,Punjab,Regular,2023-08-12
14570,Vikas Yadav,Male,24,Rajkot,Gujarat,New,2024-01-06
14571,Kavya Yadav,Male,44,Jaipur,Rajasthan,VIP,2024-08-24
14572,Vivaan Arora,Other,18,Nagpur,Maharashtra,New,2025-12-20
14573,Vikas Yadav,Female,33,Rohini,Delhi,Regular,2023-07-03
14574,Isha Sharma,Female,40,Surat,Gujarat,Premium,2024-04-03
14575,Aditya Agarwal,Other,24,Ahmedabad,Gujarat,Premium,2023-09-02
14576,Vivaan Kapoor,Male,30,Kanpur,Uttar Pradesh,VIP,2023-07-15
14577,Vikas Gupta,Male,27,Agra,Uttar Pradesh,New,2023-08-08
14578,Riya Agarwal,Male,23,Karol Bagh,Delhi,New,2025-03-25
14579,Vivaan Bansal,Female,35,Kolkata,West Bengal,Regular,2025-08-25
14580,Aditi Saini,Female,43,Mumbai,Maharashtra,Regular,2025-12-18
14581,Karan Yadav,Male,54,Durgapur,West Bengal,New,2024-04-21
14582,Aarav Agarwal,Male,42,Kanpur,Uttar Pradesh,New,2025-12-25
14583,Arjun Gupta,Male,31,Vadodara,Gujarat,Premium,2023-11-13
14584,Rahul Kapoor,Male,45,Rajkot,Gujarat,Premium,2023-04-11
14585,Sneha Chopra,Male,23,Pune,Maharashtra,New,2025-03-12
14586,Sneha Chopra,Female,29,Durgapur,West Bengal,VIP,2024-09-05
14587,Rahul Singh,Male,44,Lucknow,Uttar Pradesh,Regular,2024-07-08
14588,Rahul Sharma,Male,27,Amritsar,Punjab,Premium,2025-04-09
14589,Aditya Verma,Male,35,Mumbai,Maharashtra,VIP,2024-05-12
14590,Rahul Bansal,Female,27,Gandhinagar,Gujarat,Regular,2024-01-24
14591,Meera Kumar,Male,32,Thane,Maharashtra,Regular,2023-01-09
14592,Yash Yadav,Male,33,Saket,Delhi,Regular,2024-03-12
14593,Aarav Agarwal,Female,39,Kota,Rajasthan,Premium,2025-10-04
14594,Ananya Verma,Female,36,Varanasi,Uttar Pradesh,Regular,2023-08-09
14595,Rohan Saini,Female,41,Varanasi,Uttar Pradesh,Regular,2025-08-29
14596,Rahul Bansal,Male,38,Mumbai,Maharashtra,Regular,2025-07-31
14597,Sneha Singh,Female,32,Ahmedabad,Gujarat,Regular,2023-07-28
14598,Vikas Singh,Male,28,Karol Bagh,Delhi,VIP,2024-06-18
14599,Aditya Yadav,Male,25,Kanpur,Uttar Pradesh,Premium,2024-02-21
14600,Neha Arora,Male,18,Rohini,Delhi,New,2025-11-09
14601,Riya Saini,Male,33,New Delhi,Delhi,Regular,2023-05-24
14602,Ananya Yadav,Female,23,Surat,Gujarat,Regular,2025-12-03
14603,Kavya Sharma,Female,25,Asansol,West Bengal,Premium,2024-10-11
14604,Karan Kumar,Male,31,Agra,Uttar Pradesh,Regular,2024-07-05
14605,Vikas Mehta,Male,29,Vadodara,Gujarat,VIP,2023-10-26
14606,Aman Yadav,Male,39,Siliguri,West Bengal,Regular,2025-10-22
14607,Riya Yadav,Female,32,Vadodara,Gujarat,Regular,2024-11-06
14608,Ananya Verma,Female,50,Amritsar,Punjab,Premium,2025-08-24
14609,Rohan Yadav,Female,56,Asansol,West Bengal,New,2023-05-16
14610,Rohan Mehta,Female,31,Varanasi,Uttar Pradesh,Premium,2025-09-28
14611,Aman Agarwal,Male,26,Varanasi,Uttar Pradesh,New,2024-04-29
14612,Meera Kumar,Female,18,Karnal,Haryana,VIP,2025-09-07
14613,Ananya Gupta,Male,52,Udaipur,Rajasthan,Premium,2024-11-07
14614,Vikas Gupta,Female,27,Patiala,Punjab,Premium,2024-04-17
14615,Neha Agarwal,Male,29,Saket,Delhi,Regular,2024-11-24
14616,Diya Chopra,Female,27,Varanasi,Uttar Pradesh,Regular,2025-11-07
14617,Isha Kumar,Male,31,Rajkot,Gujarat,Regular,2025-06-11
14618,Neha Saini,Male,29,Durgapur,West Bengal,VIP,2025-03-28
14619,Riya Yadav,Female,42,Lucknow,Uttar Pradesh,New,2023-09-10
14620,Yash Gupta,Female,18,Surat,Gujarat,Regular,2025-09-12
14621,Diya Kapoor,Female,32,Surat,Gujarat,VIP,2025-01-13
14622,Rohan Chopra,Female,41,Vadodara,Gujarat,Regular,2024-03-13
14623,Aman Mehta,Male,27,Ludhiana,Punjab,Regular,2025-02-16
14624,Rahul Kapoor,Female,40,Nagpur,Maharashtra,Regular,2023-04-17
14625,Ananya Yadav,Female,35,Siliguri,West Bengal,Premium,2025-08-24
14626,Vikas Kumar,Male,27,Pune,Maharashtra,Regular,2025-08-11
14627,Rahul Yadav,Female,18,Lucknow,Uttar Pradesh,VIP,2025-09-03
14628,Meera Agarwal,Female,38,Kota,Rajasthan,Regular,2024-11-18
14629,Riya Singh,Female,37,Mumbai,Maharashtra,Premium,2024-08-06
14630,Yash Kumar,Male,27,Jodhpur,Rajasthan,Regular,2024-11-08
14631,Aditya Kumar,Female,42,Amritsar,Punjab,New,2023-10-31
14632,Isha Mishra,Male,29,Varanasi,Uttar Pradesh,Premium,2025-10-19
14633,Vikas Sharma,Female,44,Ahmedabad,Gujarat,Regular,2023-11-04
14634,Rohan Mehta,Female,37,Gandhinagar,Gujarat,Regular,2024-04-08
14635,Vivaan Agarwal,Female,49,Ludhiana,Punjab,Regular,2024-11-11
14636,Sneha Bansal,Female,38,Siliguri,West Bengal,Regular,2023-01-04
14637,Arjun Gupta,Male,34,Noida,Uttar Pradesh,Regular,2025-05-16
14638,Yash Verma,Female,18,Mumbai,Maharashtra,Regular,2025-04-11
14639,Diya Bansal,Male,35,Surat,Gujarat,Regular,2024-10-10
14640,Neha Agarwal,Male,32,Gandhinagar,Gujarat,New,2025-12-08
14641,Isha Saini,Male,50,Asansol,West Bengal,Regular,2024-12-02
14642,Sneha Chopra,Male,36,Agra,Uttar Pradesh,Premium,2025-09-25
14643,Aditya Mishra,Female,42,Gandhinagar,Gujarat,Premium,2024-05-28
14644,Rahul Verma,Female,48,Ludhiana,Punjab,Regular,2025-12-29
14645,Meera Sharma,Female,47,Mumbai,Maharashtra,Regular,2024-11-26
14646,Karan Bansal,Male,33,Rajkot,Gujarat,New,2024-05-02
14647,Diya Gupta,Female,55,Pune,Maharashtra,Premium,2025-01-14
14648,Aditya Chopra,Female,29,Dwarka,Delhi,Regular,2025-11-26
14649,Aditya Verma,Male,47,Durgapur,West Bengal,Regular,2023-01-06
14650,Ananya Mehta,Female,27,Patiala,Punjab,Regular,2025-09-06
14651,Kavya Kumar,Male,43,Karnal,Haryana,Premium,2023-12-13
14652,Isha Saini,Female,24,Nagpur,Maharashtra,Regular,2023-08-20
14653,Rohan Chopra,Male,40,Jodhpur,Rajasthan,Regular,2023-08-28
14654,Aditya Gupta,Male,25,Surat,Gujarat,Regular,2023-06-24
14655,Aditi Mehta,Female,24,Varanasi,Uttar Pradesh,Premium,2023-02-13
14656,Aditya Sharma,Female,24,Ludhiana,Punjab,Regular,2023-04-18
14657,Isha Agarwal,Female,39,Rajkot,Gujarat,Regular,2024-12-27
14658,Meera Bansal,Female,39,Nagpur,Maharashtra,Regular,2025-08-13
14659,Ananya Sharma,Male,39,Ludhiana,Punjab,New,2023-11-20
14660,Rohan Kumar,Female,36,Pune,Maharashtra,Regular,2025-09-23
14661,Riya Verma,Male,29,Jodhpur,Rajasthan,Premium,2024-04-09
14662,Meera Agarwal,Female,27,Nagpur,Maharashtra,Regular,2023-06-27
14663,Sneha Mishra,Male,24,Udaipur,Rajasthan,Premium,2023-10-16
14664,Aarav Mehta,Male,23,Surat,Gujarat,Premium,2024-06-14
14665,Ananya Saini,Female,46,Surat,Gujarat,Regular,2025-01-12
14666,Meera Arora,Male,23,Mumbai,Maharashtra,VIP,2023-11-05
14667,Aditya Bansal,Male,25,Ludhiana,Punjab,Premium,2023-05-24
14668,Aditi Mishra,Male,24,Ahmedabad,Gujarat,Regular,2024-06-10
14669,Sneha Chopra,Male,21,Thane,Maharashtra,Regular,2024-04-08
14670,Vivaan Chopra,Male,37,Nagpur,Maharashtra,Regular,2023-11-11
14671,Yash Arora,Male,29,Noida,Uttar Pradesh,VIP,2023-01-13
14672,Ananya Kapoor,Female,32,Asansol,West Bengal,Premium,2023-02-05
14673,Vivaan Agarwal,Female,33,Nagpur,Maharashtra,Premium,2023-04-15
14674,Arjun Chopra,Female,37,Ludhiana,Punjab,New,2023-09-10
14675,Sneha Mishra,Female,35,Lucknow,Uttar Pradesh,Premium,2025-04-30
14676,Isha Mishra,Female,46,Howrah,West Bengal,Regular,2025-12-21
14677,Rohan Yadav,Male,27,Karnal,Haryana,Regular,2023-03-17
14678,Diya Mehta,Male,28,Howrah,West Bengal,Premium,2025-04-16
14679,Sneha Arora,Female,33,Mumbai,Maharashtra,VIP,2025-11-09
14680,Vikas Kapoor,Female,33,Pune,Maharashtra,New,2025-05-26
14681,Aditi Kumar,Male,19,Saket,Delhi,New,2025-06-22
14682,Ananya Chopra,Male,18,Karol Bagh,Delhi,Regular,2025-12-20
14683,Aman Mishra,Female,33,Siliguri,West Bengal,VIP,2024-05-17
14684,Aman Kumar,Female,48,Agra,Uttar Pradesh,Premium,2024-10-11
14685,Sneha Bansal,Female,49,Rajkot,Gujarat,Premium,2025-12-17
14686,Rahul Kapoor,Male,23,Lucknow,Uttar Pradesh,Regular,2023-10-12
14687,Neha Arora,Female,30,Amritsar,Punjab,Regular,2025-01-02
14688,Meera Gupta,Female,36,Panipat,Haryana,Regular,2023-05-06
14689,Riya Bansal,Female,37,Jodhpur,Rajasthan,New,2025-05-27
14690,Riya Mehta,Female,24,Asansol,West Bengal,Premium,2023-07-27
14691,Yash Bansal,Female,51,Noida,Uttar Pradesh,Regular,2025-03-08
14692,Rahul Chopra,Female,28,Agra,Uttar Pradesh,Regular,2025-02-27
14693,Vikas Verma,Male,38,Noida,Uttar Pradesh,Regular,2025-07-14
14694,Meera Gupta,Male,31,Udaipur,Rajasthan,Regular,2025-08-11
14695,Aarav Mishra,Female,31,Varanasi,Uttar Pradesh,Regular,2023-02-09
14696,Diya Bansal,Female,42,Asansol,West Bengal,Regular,2023-10-08
14697,Vivaan Bansal,Female,44,Jodhpur,Rajasthan,Premium,2024-03-24
14698,Vikas Saini,Other,41,Udaipur,Rajasthan,Regular,2023-11-15
14699,Rohan Mishra,Other,25,Patiala,Punjab,Regular,2025-01-12
14700,Vivaan Chopra,Female,21,Durgapur,West Bengal,Premium,2025-03-28
14701,Karan Kapoor,Male,61,Dwarka,Delhi,Premium,2025-09-29
14702,Aditya Agarwal,Male,37,Gurugram,Haryana,Regular,2024-01-08
14703,Meera Mehta,Female,25,Mumbai,Maharashtra,New,2025-02-13
14704,Vikas Sharma,Male,43,Pune,Maharashtra,VIP,2023-07-29
14705,Riya Sharma,Other,25,Agra,Uttar Pradesh,New,2024-12-08
14706,Neha Arora,Male,54,Agra,Uttar Pradesh,Premium,2025-11-19
14707,Aditya Arora,Female,30,Surat,Gujarat,VIP,2023-07-24
14708,Karan Sharma,Female,43,Rohini,Delhi,Regular,2024-07-05
14709,Isha Kapoor,Male,34,Gandhinagar,Gujarat,New,2025-06-26
14710,Aditi Kumar,Female,19,Pune,Maharashtra,Regular,2024-08-31
14711,Meera Sharma,Female,24,Agra,Uttar Pradesh,Regular,2023-05-15
14712,Aarav Mehta,Male,26,Jaipur,Rajasthan,Regular,2023-10-21
14713,Vikas Sharma,Male,27,Saket,Delhi,Regular,2024-12-12
14714,Vivaan Kumar,Female,36,Gandhinagar,Gujarat,Premium,2023-04-04
14715,Riya Agarwal,Male,18,Kota,Rajasthan,Premium,2024-01-16
14716,Aman Kumar,Female,36,Varanasi,Uttar Pradesh,Regular,2025-01-07
14717,Aditya Mehta,Male,18,Pune,Maharashtra,Premium,2025-06-06
14718,Riya Verma,Male,38,Howrah,West Bengal,New,2025-09-07
14719,Sneha Chopra,Male,26,Kanpur,Uttar Pradesh,Regular,2023-04-02
14720,Arjun Saini,Male,35,Durgapur,West Bengal,New,2023-06-01
14721,Rahul Kapoor,Male,21,Agra,Uttar Pradesh,Premium,2025-12-08
14722,Yash Chopra,Other,28,Faridabad,Haryana,Premium,2024-12-20
14723,Diya Verma,Male,18,New Delhi,Delhi,Premium,2025-03-17
14724,Karan Verma,Male,22,Agra,Uttar Pradesh,Regular,2025-08-06
14725,Neha Mehta,Male,48,New Delhi,Delhi,Regular,2024-01-10
14726,Karan Yadav,Female,48,Karnal,Haryana,Regular,2025-04-17
14727,Riya Gupta,Female,22,Kolkata,West Bengal,Regular,2023-12-07
14728,Rohan Singh,Female,31,Ahmedabad,Gujarat,New,2024-09-10
14729,Aditi Kumar,Male,39,Surat,Gujarat,New,2024-05-22
14730,Aman Yadav,Female,35,Jalandhar,Punjab,Regular,2024-07-13
14731,Rohan Kapoor,Female,28,Ludhiana,Punjab,New,2023-09-07
14732,Diya Kapoor,Female,18,Gurugram,Haryana,New,2025-03-30
14733,Vivaan Agarwal,Male,43,Mumbai,Maharashtra,Premium,2024-07-17
14734,Aditi Mishra,Female,29,Durgapur,West Bengal,Regular,2024-08-07
14735,Rohan Kumar,Male,18,Agra,Uttar Pradesh,VIP,2025-09-29
14736,Diya Yadav,Male,34,Patiala,Punjab,Regular,2024-03-18
14737,Rahul Mehta,Male,31,Jodhpur,Rajasthan,Regular,2024-02-22
14738,Aman Gupta,Male,29,Noida,Uttar Pradesh,New,2023-04-09
14739,Meera Verma,Male,35,Lucknow,Uttar Pradesh,New,2023-06-19
14740,Arjun Bansal,Female,32,Nagpur,Maharashtra,Premium,2023-10-10
14741,Rohan Sharma,Female,45,Thane,Maharashtra,Regular,2024-08-26
14742,Ananya Gupta,Female,25,Amritsar,Punjab,Premium,2023-11-28
14743,Aditya Sharma,Male,26,Ambala,Haryana,Premium,2025-03-19
14744,Arjun Bansal,Female,42,Durgapur,West Bengal,Premium,2024-08-31
14745,Meera Kapoor,Female,59,New Delhi,Delhi,Premium,2024-06-07
14746,Rohan Mishra,Male,57,Ambala,Haryana,Premium,2025-06-09
14747,Ananya Agarwal,Female,41,Jalandhar,Punjab,Regular,2025-01-17
14748,Aditi Kapoor,Female,30,Panipat,Haryana,Premium,2024-01-23
14749,Diya Kumar,Male,29,Noida,Uttar Pradesh,Regular,2023-08-06
14750,Kavya Kumar,Male,30,Gandhinagar,Gujarat,Regular,2023-04-19
14751,Vikas Verma,Male,18,Kanpur,Uttar Pradesh,Regular,2024-06-09
14752,Aditi Verma,Other,41,Noida,Uttar Pradesh,Regular,2024-03-08
14753,Aditya Arora,Male,47,Mumbai,Maharashtra,New,2025-07-07
14754,Neha Mishra,Male,33,Kota,Rajasthan,Premium,2024-07-04
14755,Riya Kumar,Male,55,Ahmedabad,Gujarat,Regular,2023-01-03
14756,Aditi Agarwal,Female,61,Durgapur,West Bengal,New,2025-07-05
14757,Aarav Agarwal,Male,43,Panipat,Haryana,Regular,2023-03-22
14758,Yash Kumar,Female,27,Rajkot,Gujarat,Premium,2023-06-21
14759,Arjun Agarwal,Female,25,Jodhpur,Rajasthan,Regular,2025-03-09
14760,Aarav Gupta,Female,42,Durgapur,West Bengal,Regular,2025-12-10
14761,Ananya Saini,Female,45,Jodhpur,Rajasthan,Regular,2023-04-02
14762,Aman Yadav,Male,27,Asansol,West Bengal,Regular,2025-09-08
14763,Rohan Chopra,Female,22,Gandhinagar,Gujarat,Premium,2025-04-26
14764,Isha Mishra,Female,18,Dwarka,Delhi,Premium,2025-10-20
14765,Kavya Kapoor,Female,24,Jodhpur,Rajasthan,Premium,2023-10-31
14766,Meera Mishra,Female,30,Asansol,West Bengal,New,2023-05-09
14767,Karan Chopra,Female,45,Gandhinagar,Gujarat,New,2025-04-14
14768,Aman Chopra,Male,28,Ambala,Haryana,VIP,2025-11-07
14769,Ananya Mehta,Male,18,Pune,Maharashtra,Regular,2025-01-10
14770,Aman Bansal,Male,27,Lucknow,Uttar Pradesh,Regular,2024-12-16
14771,Sneha Kapoor,Male,31,Gurugram,Haryana,Premium,2024-01-17
14772,Isha Saini,Female,30,Agra,Uttar Pradesh,Regular,2024-09-24
14773,Rahul Saini,Male,18,Rohini,Delhi,Regular,2024-03-29
14774,Sneha Sharma,Male,31,Gandhinagar,Gujarat,New,2023-04-20
14775,Meera Sharma,Female,47,Varanasi,Uttar Pradesh,New,2024-09-09
14776,Yash Bansal,Female,29,Ahmedabad,Gujarat,Premium,2024-08-21
14777,Aman Gupta,Female,27,Gurugram,Haryana,New,2024-04-21
14778,Riya Saini,Female,26,Varanasi,Uttar Pradesh,Regular,2024-08-07
14779,Aditi Yadav,Female,36,Karol Bagh,Delhi,Premium,2025-09-10
14780,Kavya Mishra,Female,19,Saket,Delhi,VIP,2025-05-10
14781,Karan Singh,Male,23,Karnal,Haryana,Premium,2024-10-27
14782,Vikas Bansal,Other,45,Jalandhar,Punjab,Premium,2024-03-29
14783,Rahul Saini,Male,41,Pune,Maharashtra,Regular,2024-12-17
14784,Aditi Agarwal,Female,29,Kanpur,Uttar Pradesh,VIP,2025-07-06
14785,Vivaan Sharma,Female,39,Kanpur,Uttar Pradesh,Premium,2024-04-11
14786,Arjun Chopra,Female,25,Agra,Uttar Pradesh,Premium,2024-01-05
14787,Sneha Arora,Female,25,Durgapur,West Bengal,New,2023-05-01
14788,Rohan Kumar,Female,24,Howrah,West Bengal,New,2023-04-12
14789,Rohan Saini,Female,18,Kota,Rajasthan,Regular,2023-04-20
14790,Rohan Gupta,Male,33,Varanasi,Uttar Pradesh,Premium,2025-04-23
14791,Karan Agarwal,Male,54,Amritsar,Punjab,Regular,2024-01-14
14792,Aarav Arora,Male,18,Howrah,West Bengal,Premium,2023-01-22
14793,Isha Singh,Male,51,Karnal,Haryana,Regular,2024-11-16
14794,Karan Verma,Male,18,Noida,Uttar Pradesh,New,2023-06-14
14795,Neha Arora,Female,39,Lucknow,Uttar Pradesh,Premium,2025-07-19
14796,Aditi Arora,Male,18,Agra,Uttar Pradesh,Regular,2024-05-05
14797,Riya Chopra,Female,39,Amritsar,Punjab,Regular,2025-07-18
14798,Aman Sharma,Male,26,Gandhinagar,Gujarat,Premium,2023-04-27
14799,Yash Sharma,Female,41,Ludhiana,Punjab,Premium,2024-12-13
14800,Aarav Bansal,Male,26,Nagpur,Maharashtra,Regular,2025-02-08
14801,Sneha Arora,Female,39,Ludhiana,Punjab,Premium,2025-07-04
14802,Rohan Mehta,Female,32,Faridabad,Haryana,Regular,2024-02-04
14803,Rohan Singh,Male,46,Siliguri,West Bengal,Regular,2025-11-03
14804,Meera Chopra,Male,32,Ludhiana,Punjab,Regular,2025-09-16
14805,Sneha Mishra,Male,36,Vadodara,Gujarat,Regular,2025-06-20
14806,Arjun Agarwal,Female,35,Jodhpur,Rajasthan,Regular,2025-09-21
14807,Yash Gupta,Female,43,Panipat,Haryana,Regular,2023-03-17
14808,Aman Arora,Female,43,Siliguri,West Bengal,New,2025-08-09
14809,Kavya Verma,Male,34,New Delhi,Delhi,Regular,2025-12-24
14810,Vivaan Bansal,Male,18,Rajkot,Gujarat,Regular,2023-05-12
14811,Arjun Kumar,Male,24,Mohali,Punjab,New,2023-05-18
14812,Vivaan Bansal,Male,42,Vadodara,Gujarat,New,2024-11-25
14813,Rahul Gupta,Male,18,Panipat,Haryana,New,2023-01-13
14814,Karan Kapoor,Male,27,Ajmer,Rajasthan,New,2025-08-29
14815,Meera Agarwal,Female,28,Gandhinagar,Gujarat,Regular,2025-05-03
14816,Diya Mehta,Male,32,Asansol,West Bengal,New,2023-04-21
14817,Isha Arora,Male,30,Howrah,West Bengal,Premium,2023-03-15
14818,Sneha Arora,Female,34,Surat,Gujarat,Regular,2023-04-29
14819,Ananya Kumar,Female,23,Durgapur,West Bengal,New,2025-04-13
14820,Yash Yadav,Female,25,Dwarka,Delhi,Regular,2025-04-10
14821,Karan Gupta,Male,52,Noida,Uttar Pradesh,Regular,2024-06-25
14822,Aditya Agarwal,Female,48,Kanpur,Uttar Pradesh,New,2025-09-06
14823,Aarav Kumar,Female,39,Lucknow,Uttar Pradesh,Premium,2025-03-05
14824,Ananya Bansal,Male,40,Kanpur,Uttar Pradesh,Regular,2023-05-05
14825,Aarav Kapoor,Male,37,Jaipur,Rajasthan,New,2025-06-06
14826,Aman Bansal,Female,33,Jalandhar,Punjab,Regular,2023-08-11
14827,Ananya Yadav,Female,25,Thane,Maharashtra,New,2024-11-05
14828,Rahul Bansal,Male,48,Patiala,Punjab,Regular,2023-05-07
14829,Aditi Yadav,Male,52,Noida,Uttar Pradesh,Regular,2024-10-17
14830,Arjun Yadav,Female,28,Jodhpur,Rajasthan,Premium,2024-06-21
14831,Aditya Verma,Male,45,Ahmedabad,Gujarat,Premium,2023-12-07
14832,Diya Arora,Female,29,Gandhinagar,Gujarat,Premium,2025-02-18
14833,Kavya Mishra,Male,26,Nashik,Maharashtra,New,2023-07-25
14834,Meera Arora,Female,29,Ludhiana,Punjab,Regular,2025-05-14
14835,Karan Chopra,Male,30,Thane,Maharashtra,New,2023-09-27
14836,Aman Mishra,Male,40,Ambala,Haryana,Premium,2023-11-05
14837,Karan Arora,Female,29,Varanasi,Uttar Pradesh,Regular,2025-01-08
14838,Neha Sharma,Male,42,Kanpur,Uttar Pradesh,New,2023-12-23
14839,Aman Verma,Male,26,Panipat,Haryana,Regular,2025-11-05
14840,Diya Singh,Female,33,New Delhi,Delhi,Regular,2025-05-03
14841,Aman Bansal,Male,22,Siliguri,West Bengal,Premium,2023-08-31
14842,Meera Kapoor,Male,21,Asansol,West Bengal,New,2023-02-14
14843,Yash Bansal,Male,37,Lucknow,Uttar Pradesh,Regular,2025-04-28
14844,Karan Agarwal,Female,35,Ambala,Haryana,Premium,2023-12-07
14845,Aman Kapoor,Female,29,Mohali,Punjab,Premium,2023-03-18
14846,Neha Saini,Female,24,Agra,Uttar Pradesh,VIP,2024-02-20
14847,Aarav Mishra,Female,22,Howrah,West Bengal,New,2023-02-12
14848,Kavya Kapoor,Male,37,Amritsar,Punjab,Regular,2025-03-17
14849,Rohan Yadav,Male,27,Ahmedabad,Gujarat,Regular,2024-05-03
14850,Karan Mehta,Female,50,Amritsar,Punjab,New,2023-08-15
14851,Rahul Kapoor,Female,35,Kolkata,West Bengal,Premium,2025-02-25
14852,Arjun Chopra,Female,39,Lucknow,Uttar Pradesh,Premium,2024-06-01
14853,Meera Yadav,Female,48,Vadodara,Gujarat,Regular,2025-09-23
14854,Aman Chopra,Male,25,Kanpur,Uttar Pradesh,Regular,2023-01-17
14855,Riya Mishra,Female,38,Mumbai,Maharashtra,Premium,2023-02-25
14856,Vikas Mehta,Female,39,Patiala,Punjab,Regular,2025-04-05
14857,Isha Arora,Male,29,Ludhiana,Punjab,Regular,2024-12-02
14858,Rahul Sharma,Male,18,Siliguri,West Bengal,VIP,2023-11-09
14859,Arjun Kapoor,Female,18,Asansol,West Bengal,New,2024-05-01
14860,Meera Bansal,Female,25,Durgapur,West Bengal,Premium,2023-01-19
14861,Vivaan Kumar,Female,45,Thane,Maharashtra,Premium,2025-05-02
14862,Sneha Agarwal,Female,26,Vadodara,Gujarat,Premium,2024-03-22
14863,Vikas Agarwal,Female,43,Panipat,Haryana,New,2025-09-14
14864,Karan Mehta,Male,26,Kanpur,Uttar Pradesh,VIP,2023-01-09
14865,Rahul Kapoor,Female,34,Noida,Uttar Pradesh,New,2025-11-10
14866,Vivaan Bansal,Male,39,Thane,Maharashtra,Regular,2023-07-25
14867,Arjun Mishra,Female,44,Varanasi,Uttar Pradesh,New,2024-04-15
14868,Aman Bansal,Female,29,Amritsar,Punjab,New,2025-08-13
14869,Riya Yadav,Female,27,Thane,Maharashtra,VIP,2024-02-01
14870,Aman Gupta,Male,18,Surat,Gujarat,Premium,2023-03-27
14871,Rohan Kapoor,Female,29,Agra,Uttar Pradesh,Regular,2025-10-01
14872,Ananya Mishra,Female,65,Ludhiana,Punjab,New,2023-05-28
14873,Arjun Mishra,Female,32,Rohini,Delhi,Regular,2025-10-01
14874,Aarav Mehta,Male,19,Rohini,Delhi,Regular,2025-07-01
14875,Arjun Saini,Male,32,Kanpur,Uttar Pradesh,Regular,2025-08-11
14876,Riya Chopra,Female,41,Nashik,Maharashtra,Regular,2023-01-28
14877,Meera Singh,Female,28,Mumbai,Maharashtra,Premium,2024-11-09
14878,Aditi Saini,Male,23,Thane,Maharashtra,Regular,2024-05-21
14879,Rohan Chopra,Female,59,Varanasi,Uttar Pradesh,Regular,2023-04-17
14880,Isha Yadav,Female,38,Ahmedabad,Gujarat,Premium,2023-01-16
14881,Aditya Singh,Male,49,New Delhi,Delhi,New,2023-05-10
14882,Aman Bansal,Male,30,Jodhpur,Rajasthan,Premium,2023-12-19
14883,Aman Mishra,Male,52,Gandhinagar,Gujarat,Premium,2024-05-20
14884,Aarav Yadav,Male,43,Ludhiana,Punjab,Regular,2025-01-16
14885,Ananya Kumar,Male,39,Mohali,Punjab,Regular,2025-07-19
14886,Vikas Chopra,Female,22,Kolkata,West Bengal,Regular,2025-09-11
14887,Sneha Agarwal,Male,27,Lucknow,Uttar Pradesh,New,2023-08-21
14888,Aditi Mehta,Male,39,Nagpur,Maharashtra,Premium,2025-01-03
14889,Kavya Singh,Male,31,Karnal,Haryana,Regular,2023-09-19
14890,Aditi Mehta,Other,38,Nashik,Maharashtra,Regular,2025-01-30
14891,Sneha Verma,Male,29,Noida,Uttar Pradesh,VIP,2025-04-21
14892,Aditi Mehta,Female,38,Panipat,Haryana,Regular,2025-11-05
14893,Rohan Mishra,Male,27,Nashik,Maharashtra,Premium,2023-09-12
14894,Meera Kumar,Male,39,Saket,Delhi,Regular,2025-01-23
14895,Yash Yadav,Female,24,Noida,Uttar Pradesh,Regular,2025-02-27
14896,Aman Chopra,Female,31,Panipat,Haryana,New,2023-10-08
14897,Isha Gupta,Female,32,Patiala,Punjab,Premium,2025-11-20
14898,Meera Sharma,Female,25,Kanpur,Uttar Pradesh,Premium,2023-01-31
14899,Meera Agarwal,Male,28,Gurugram,Haryana,New,2024-12-26
14900,Sneha Arora,Female,37,Asansol,West Bengal,Regular,2024-10-25
14901,Riya Yadav,Female,41,Ambala,Haryana,Premium,2023-08-16
14902,Rohan Saini,Female,37,Udaipur,Rajasthan,VIP,2025-05-03
14903,Rohan Arora,Male,39,Patiala,Punjab,Premium,2023-05-15
14904,Ananya Verma,Male,35,Kanpur,Uttar Pradesh,Premium,2023-03-24
14905,Kavya Chopra,Female,27,Durgapur,West Bengal,Premium,2024-08-25
14906,Aditi Gupta,Female,18,Amritsar,Punjab,Regular,2025-01-26
14907,Diya Singh,Male,29,Howrah,West Bengal,New,2023-08-27
14908,Rohan Yadav,Male,33,Dwarka,Delhi,Regular,2024-05-09
14909,Meera Sharma,Male,28,Ahmedabad,Gujarat,VIP,2025-02-09
14910,Vivaan Chopra,Female,50,Nagpur,Maharashtra,Premium,2024-03-12
14911,Vivaan Bansal,Male,37,Siliguri,West Bengal,New,2024-02-02
14912,Aman Kapoor,Male,33,Pune,Maharashtra,Regular,2024-05-26
14913,Neha Sharma,Female,39,Jaipur,Rajasthan,New,2024-07-17
14914,Rohan Yadav,Male,54,Karol Bagh,Delhi,Premium,2023-09-23
14915,Aditi Bansal,Male,31,Jalandhar,Punjab,Regular,2025-10-31
14916,Kavya Verma,Male,24,Siliguri,West Bengal,Premium,2023-08-07
14917,Isha Mehta,Male,37,Kanpur,Uttar Pradesh,New,2023-05-02
14918,Aditya Kumar,Male,23,Varanasi,Uttar Pradesh,Premium,2024-11-23
14919,Aman Agarwal,Male,24,Surat,Gujarat,Regular,2024-06-30
14920,Vikas Chopra,Male,48,Noida,Uttar Pradesh,Regular,2024-07-16
14921,Vivaan Yadav,Female,47,Durgapur,West Bengal,Regular,2024-02-10
14922,Isha Kumar,Male,41,Ahmedabad,Gujarat,Regular,2023-01-09
14923,Ananya Arora,Female,38,Thane,Maharashtra,Regular,2023-02-17
14924,Aarav Chopra,Male,22,Asansol,West Bengal,Regular,2023-09-30
14925,Aman Agarwal,Male,26,Gurugram,Haryana,Premium,2024-11-02
14926,Isha Yadav,Female,47,Karol Bagh,Delhi,New,2024-12-14
14927,Arjun Kumar,Male,29,Kota,Rajasthan,Regular,2025-11-05
14928,Aman Yadav,Male,26,Rohini,Delhi,Premium,2025-12-22
14929,Sneha Saini,Female,32,Rajkot,Gujarat,New,2023-07-20
14930,Aditya Yadav,Female,40,Asansol,West Bengal,Premium,2025-06-16
14931,Vivaan Yadav,Female,32,Kanpur,Uttar Pradesh,Premium,2025-03-04
14932,Kavya Saini,Female,32,Agra,Uttar Pradesh,Premium,2025-04-02
14933,Rahul Verma,Male,18,Asansol,West Bengal,New,2023-11-24
14934,Sneha Kapoor,Female,33,Lucknow,Uttar Pradesh,Premium,2025-12-16
14935,Rahul Kapoor,Female,44,Udaipur,Rajasthan,Premium,2024-12-04
14936,Yash Kapoor,Male,33,Noida,Uttar Pradesh,Regular,2023-03-05
14937,Diya Mishra,Female,55,Siliguri,West Bengal,Regular,2023-02-09
14938,Karan Chopra,Male,27,Nashik,Maharashtra,Regular,2025-09-13
14939,Rahul Mehta,Female,29,Surat,Gujarat,Regular,2023-05-04
14940,Arjun Kapoor,Male,27,Vadodara,Gujarat,Regular,2023-03-17
14941,Vikas Arora,Female,27,Kanpur,Uttar Pradesh,New,2024-01-25
14942,Aditya Bansal,Male,39,Kanpur,Uttar Pradesh,Regular,2024-05-13
14943,Kavya Mishra,Female,31,Surat,Gujarat,Regular,2025-08-11
14944,Rahul Singh,Male,53,Lucknow,Uttar Pradesh,Regular,2024-11-21
14945,Riya Gupta,Male,36,Ahmedabad,Gujarat,Regular,2024-06-05
14946,Vivaan Yadav,Female,25,Asansol,West Bengal,Premium,2023-07-20
14947,Vikas Agarwal,Female,24,Mumbai,Maharashtra,Regular,2023-01-01
14948,Vikas Mishra,Male,51,Rajkot,Gujarat,Premium,2023-01-30
14949,Aarav Yadav,Female,36,Vadodara,Gujarat,Regular,2024-01-01
14950,Aman Yadav,Male,47,Surat,Gujarat,New,2024-12-07
14951,Yash Mishra,Female,35,Varanasi,Uttar Pradesh,VIP,2024-03-27
14952,Vivaan Gupta,Female,34,Ambala,Haryana,Regular,2024-05-11
14953,Sneha Chopra,Female,47,Lucknow,Uttar Pradesh,New,2023-10-26
14954,Aman Arora,Female,38,Mumbai,Maharashtra,Regular,2025-03-13
14955,Sneha Mishra,Female,38,Varanasi,Uttar Pradesh,New,2024-04-26
14956,Karan Kumar,Male,30,Ahmedabad,Gujarat,Premium,2023-02-14
14957,Isha Gupta,Female,43,Lucknow,Uttar Pradesh,Regular,2025-05-04
14958,Isha Kapoor,Female,33,Mumbai,Maharashtra,Premium,2025-08-16
14959,Kavya Singh,Male,28,Jalandhar,Punjab,Regular,2023-01-26
14960,Aditya Verma,Male,56,Surat,Gujarat,Regular,2025-12-23
14961,Rahul Singh,Female,31,Pune,Maharashtra,Premium,2024-12-09
14962,Rohan Arora,Other,26,Karol Bagh,Delhi,Regular,2023-03-29
14963,Aman Agarwal,Male,45,Varanasi,Uttar Pradesh,New,2025-08-18
14964,Aarav Saini,Female,41,Gandhinagar,Gujarat,Regular,2023-09-29
14965,Aditya Saini,Male,27,Jodhpur,Rajasthan,New,2024-04-09
14966,Aditya Sharma,Female,33,Rohini,Delhi,Premium,2025-01-28
14967,Neha Arora,Female,41,Howrah,West Bengal,Regular,2025-12-20
14968,Isha Chopra,Male,36,Pune,Maharashtra,Regular,2025-07-11
14969,Aditya Singh,Male,42,Asansol,West Bengal,Premium,2025-06-05
14970,Sneha Mishra,Female,34,Lucknow,Uttar Pradesh,Regular,2025-10-15
14971,Aditya Mishra,Female,42,Jaipur,Rajasthan,Premium,2025-12-11
14972,Yash Agarwal,Female,31,Durgapur,West Bengal,Regular,2025-04-19
14973,Meera Kapoor,Female,28,Kota,Rajasthan,Premium,2024-06-13
14974,Vikas Yadav,Female,45,Mumbai,Maharashtra,Regular,2025-01-29
14975,Diya Gupta,Female,37,Dwarka,Delhi,Premium,2025-10-13
14976,Aditi Mishra,Female,41,Kanpur,Uttar Pradesh,New,2025-11-29
14977,Riya Mehta,Female,46,Mohali,Punjab,Regular,2023-12-23
14978,Neha Kapoor,Female,28,New Delhi,Delhi,New,2024-05-29
14979,Isha Gupta,Female,39,Gurugram,Haryana,Regular,2025-11-15
14980,Meera Saini,Male,57,Panipat,Haryana,Regular,2024-09-13
14981,Rohan Chopra,Female,32,Siliguri,West Bengal,Regular,2024-06-04
14982,Vivaan Sharma,Male,22,New Delhi,Delhi,VIP,2023-05-24
14983,Meera Kumar,Male,42,Mumbai,Maharashtra,Regular,2025-04-04
14984,Rahul Agarwal,Male,18,Ahmedabad,Gujarat,Premium,2023-05-11
14985,Yash Singh,Female,23,Nashik,Maharashtra,Regular,2023-06-29
14986,Kavya Saini,Male,34,Mohali,Punjab,Regular,2025-08-06
14987,Riya Kapoor,Male,34,Vadodara,Gujarat,Regular,2024-01-01
14988,Neha Kumar,Male,36,Pune,Maharashtra,Regular,2025-01-02
14989,Isha Gupta,Male,56,Surat,Gujarat,Regular,2025-12-11
14990,Karan Chopra,Female,35,Gandhinagar,Gujarat,Premium,2025-07-30
14991,Diya Kumar,Male,28,Kolkata,West Bengal,VIP,2025-06-25
14992,Neha Verma,Male,28,Mumbai,Maharashtra,Regular,2025-06-25
14993,Arjun Yadav,Female,29,Lucknow,Uttar Pradesh,New,2023-03-05
14994,Sneha Yadav,Male,22,Thane,Maharashtra,Regular,2024-09-10
14995,Sneha Sharma,Male,40,Panipat,Haryana,Regular,2023-12-09
14996,Ananya Mehta,Female,37,Kolkata,West Bengal,Regular,2024-03-27
14997,Yash Verma,Female,39,Jalandhar,Punjab,VIP,2025-11-03
14998,Rohan Chopra,Male,42,Noida,Uttar Pradesh,Premium,2024-10-26
14999,Riya Saini,Male,40,Vadodara,Gujarat,VIP,2023-11-22
15000,Aman Singh,Female,20,Nashik,Maharashtra,Regular,2023-06-06
15001,Arjun Arora,Male,31,Varanasi,Uttar Pradesh,Regular,2023-09-13
15002,Karan Kapoor,Female,32,Kota,Rajasthan,Regular,2023-10-15
15003,Ananya Yadav,Female,48,Ahmedabad,Gujarat,Regular,2023-06-01
15004,Isha Gupta,Female,49,Varanasi,Uttar Pradesh,Premium,2023-02-12
15005,Ananya Verma,Female,30,Kolkata,West Bengal,Premium,2024-03-22
15006,Aditya Arora,Male,24,Ambala,Haryana,Regular,2024-01-10
15007,Isha Bansal,Male,36,Gandhinagar,Gujarat,Regular,2023-05-27
15008,Aman Kumar,Female,31,Ahmedabad,Gujarat,Regular,2025-06-27
15009,Ananya Kapoor,Female,33,Ludhiana,Punjab,Premium,2025-12-05
15010,Sneha Yadav,Female,46,Varanasi,Uttar Pradesh,Regular,2024-05-26
15011,Riya Mishra,Female,37,Mohali,Punjab,Regular,2023-01-31
15012,Aditya Bansal,Female,29,Mumbai,Maharashtra,Regular,2025-10-12
15013,Vikas Kapoor,Male,27,Jaipur,Rajasthan,Premium,2024-08-09
15014,Aarav Verma,Male,20,Pune,Maharashtra,Premium,2025-02-21
15015,Yash Kumar,Male,40,Dwarka,Delhi,New,2025-09-30
15016,Aditi Bansal,Male,37,Dwarka,Delhi,Regular,2024-11-28
15017,Aarav Arora,Female,40,Faridabad,Haryana,Regular,2024-10-26
15018,Rohan Agarwal,Female,34,Varanasi,Uttar Pradesh,Regular,2023-07-14
15019,Ananya Yadav,Female,23,Nagpur,Maharashtra,Regular,2024-08-22
15020,Karan Sharma,Female,35,Rajkot,Gujarat,Premium,2023-08-15
15021,Neha Kapoor,Male,45,Thane,Maharashtra,New,2024-04-12
15022,Neha Kumar,Female,35,Kanpur,Uttar Pradesh,Regular,2024-10-08
15023,Rohan Yadav,Male,50,Siliguri,West Bengal,Regular,2025-11-20
15024,Kavya Saini,Female,37,Nagpur,Maharashtra,New,2025-08-15
15025,Isha Mehta,Male,54,Kolkata,West Bengal,Regular,2025-12-20
15026,Rahul Chopra,Female,54,Jaipur,Rajasthan,New,2024-10-09
15027,Sneha Saini,Male,25,Karol Bagh,Delhi,Regular,2024-12-02
15028,Vikas Gupta,Female,28,Faridabad,Haryana,Regular,2023-04-15
15029,Arjun Chopra,Male,29,Pune,Maharashtra,VIP,2024-04-16
15030,Arjun Verma,Male,18,Mohali,Punjab,Premium,2023-10-21
15031,Diya Singh,Male,39,Lucknow,Uttar Pradesh,Regular,2023-02-22
15032,Riya Mishra,Female,38,Jaipur,Rajasthan,Regular,2023-08-29
15033,Diya Arora,Female,36,Nashik,Maharashtra,Regular,2024-05-15
15034,Yash Singh,Female,22,Nashik,Maharashtra,New,2023-02-19
15035,Yash Sharma,Female,50,Ludhiana,Punjab,New,2024-10-14
15036,Aarav Kapoor,Male,18,Kanpur,Uttar Pradesh,New,2024-06-27
15037,Karan Kapoor,Female,21,Nashik,Maharashtra,Regular,2025-07-07
15038,Yash Chopra,Male,43,Durgapur,West Bengal,Premium,2024-06-15
15039,Arjun Yadav,Male,37,Surat,Gujarat,Regular,2023-10-17
15040,Yash Gupta,Female,28,Howrah,West Bengal,VIP,2024-05-01
15041,Yash Mishra,Male,35,Ahmedabad,Gujarat,New,2025-12-05
15042,Aditi Agarwal,Male,35,Nagpur,Maharashtra,VIP,2023-12-25
15043,Rohan Chopra,Female,46,Amritsar,Punjab,Regular,2025-10-19
15044,Aarav Sharma,Female,22,Pune,Maharashtra,Regular,2025-11-12
15045,Aditya Bansal,Female,37,Nashik,Maharashtra,VIP,2023-06-10
15046,Karan Bansal,Male,45,Nashik,Maharashtra,Regular,2025-11-15
15047,Arjun Singh,Female,24,Ajmer,Rajasthan,Regular,2023-01-18
15048,Kavya Kumar,Female,33,Ajmer,Rajasthan,Regular,2025-10-24
15049,Rohan Yadav,Female,33,Agra,Uttar Pradesh,Regular,2025-01-23
15050,Sneha Chopra,Female,18,Ajmer,Rajasthan,VIP,2024-05-07
15051,Meera Kapoor,Female,37,New Delhi,Delhi,Regular,2024-02-17
15052,Karan Singh,Male,38,Ahmedabad,Gujarat,VIP,2025-10-25
15053,Sneha Verma,Female,49,Mohali,Punjab,Regular,2024-09-29
15054,Yash Kapoor,Female,34,Faridabad,Haryana,Regular,2025-06-23
15055,Neha Chopra,Male,38,Noida,Uttar Pradesh,Regular,2023-08-08
15056,Vivaan Mishra,Female,49,Pune,Maharashtra,Premium,2023-12-21
15057,Karan Saini,Female,28,Agra,Uttar Pradesh,Regular,2024-01-07
15058,Yash Singh,Female,22,Rohini,Delhi,Premium,2025-10-02
15059,Vikas Agarwal,Male,35,Nagpur,Maharashtra,Regular,2023-10-06
15060,Aman Mishra,Male,32,Agra,Uttar Pradesh,Premium,2023-01-16
15061,Neha Mehta,Male,33,Asansol,West Bengal,Premium,2025-10-11
15062,Yash Verma,Female,30,Kolkata,West Bengal,Regular,2023-12-04
15063,Rahul Kapoor,Male,26,Jaipur,Rajasthan,Premium,2025-06-18
15064,Rohan Saini,Male,43,Agra,Uttar Pradesh,Premium,2024-09-06
15065,Isha Gupta,Other,34,Surat,Gujarat,Regular,2025-11-17
15066,Aarav Singh,Male,56,Ambala,Haryana,Regular,2023-06-23
15067,Kavya Verma,Female,24,Udaipur,Rajasthan,Regular,2025-05-28
15068,Karan Kapoor,Female,54,Agra,Uttar Pradesh,Premium,2024-09-06
15069,Aman Kapoor,Female,37,Howrah,West Bengal,Regular,2024-09-29
15070,Diya Arora,Female,34,Panipat,Haryana,Regular,2023-10-16
15071,Isha Agarwal,Female,23,Nagpur,Maharashtra,New,2024-03-17
15072,Neha Agarwal,Female,27,Rajkot,Gujarat,Regular,2025-05-23
15073,Ananya Yadav,Female,47,Ajmer,Rajasthan,New,2025-02-22
15074,Aman Mishra,Male,18,Panipat,Haryana,Regular,2023-02-16
15075,Karan Mishra,Male,18,Durgapur,West Bengal,Regular,2024-08-07
15076,Aman Yadav,Female,18,Udaipur,Rajasthan,Regular,2024-01-15
15077,Aarav Verma,Female,46,Nagpur,Maharashtra,New,2023-09-02
15078,Isha Bansal,Female,41,Rohini,Delhi,Regular,2025-01-29
15079,Arjun Mehta,Female,24,Ajmer,Rajasthan,Premium,2024-12-02
15080,Neha Yadav,Male,29,Agra,Uttar Pradesh,Regular,2024-08-02
15081,Rohan Verma,Male,35,Gurugram,Haryana,Regular,2025-04-17
15082,Rohan Kapoor,Male,44,Patiala,Punjab,Regular,2024-08-15
15083,Yash Gupta,Female,24,Gandhinagar,Gujarat,Premium,2024-08-12
15084,Diya Singh,Male,35,Saket,Delhi,Regular,2025-06-10
15085,Sneha Arora,Male,31,New Delhi,Delhi,New,2025-03-20
15086,Diya Kapoor,Female,33,Jodhpur,Rajasthan,Premium,2023-03-10
15087,Yash Yadav,Male,25,Gandhinagar,Gujarat,New,2024-07-17
15088,Arjun Kumar,Female,36,Panipat,Haryana,New,2025-03-29
15089,Yash Kapoor,Male,26,Thane,Maharashtra,Regular,2024-10-09
15090,Sneha Singh,Female,35,Jalandhar,Punjab,New,2025-09-26
15091,Aditi Sharma,Male,50,Ambala,Haryana,Regular,2024-03-28
15092,Riya Arora,Male,44,Panipat,Haryana,Regular,2024-03-09
15093,Riya Mishra,Female,48,Ahmedabad,Gujarat,Premium,2023-08-17
15094,Aarav Mishra,Female,37,Jalandhar,Punjab,Regular,2023-12-04
15095,Riya Saini,Male,45,Gurugram,Haryana,Regular,2023-06-15
15096,Vivaan Mishra,Female,18,Varanasi,Uttar Pradesh,Regular,2024-02-03
15097,Arjun Sharma,Female,18,Rajkot,Gujarat,Regular,2025-03-23
15098,Meera Verma,Male,24,Saket,Delhi,New,2025-06-30
15099,Meera Arora,Female,25,Lucknow,Uttar Pradesh,Premium,2024-01-13
15100,Karan Mehta,Male,44,Karnal,Haryana,VIP,2025-07-02
15101,Vivaan Gupta,Male,19,Noida,Uttar Pradesh,Regular,2023-12-22
15102,Isha Mehta,Male,20,Thane,Maharashtra,Regular,2024-11-14
15103,Karan Saini,Male,33,Thane,Maharashtra,New,2024-03-14
15104,Karan Mishra,Male,35,Agra,Uttar Pradesh,Premium,2023-02-02
15105,Aarav Mehta,Male,43,Noida,Uttar Pradesh,VIP,2024-06-04
15106,Yash Agarwal,Male,31,Ludhiana,Punjab,Premium,2024-08-11
15107,Diya Yadav,Female,32,Noida,Uttar Pradesh,New,2024-11-13
15108,Arjun Gupta,Female,43,Panipat,Haryana,Premium,2025-12-05
15109,Meera Chopra,Female,25,Surat,Gujarat,New,2023-10-09
15110,Diya Sharma,Male,35,Asansol,West Bengal,Regular,2023-10-02
15111,Arjun Bansal,Female,40,Howrah,West Bengal,Regular,2023-09-14
15112,Rahul Chopra,Male,30,Durgapur,West Bengal,Regular,2025-11-21
15113,Isha Arora,Male,43,Nashik,Maharashtra,Premium,2023-12-12
15114,Aman Yadav,Female,25,Pune,Maharashtra,Premium,2024-09-14
15115,Aman Arora,Female,50,Lucknow,Uttar Pradesh,Premium,2024-05-09
15116,Riya Sharma,Male,31,Thane,Maharashtra,Regular,2023-02-19
15117,Riya Arora,Male,30,Jodhpur,Rajasthan,Premium,2023-05-06
15118,Aditi Mishra,Female,19,Jaipur,Rajasthan,New,2025-10-14
15119,Diya Gupta,Female,23,Vadodara,Gujarat,Regular,2024-01-31
15120,Kavya Mishra,Male,26,Rohini,Delhi,New,2025-02-19
15121,Rohan Gupta,Female,23,Kanpur,Uttar Pradesh,Premium,2024-08-13
15122,Rohan Arora,Male,22,Asansol,West Bengal,VIP,2024-08-27
15123,Yash Mehta,Female,34,Panipat,Haryana,New,2023-08-17
15124,Meera Chopra,Male,40,Jaipur,Rajasthan,Regular,2023-05-18
15125,Meera Gupta,Male,37,Durgapur,West Bengal,Regular,2024-02-14
15126,Neha Saini,Male,18,Mumbai,Maharashtra,Regular,2023-06-13
15127,Kavya Bansal,Female,24,Nagpur,Maharashtra,Regular,2023-06-27
15128,Riya Saini,Male,45,Dwarka,Delhi,New,2025-06-20
15129,Aman Saini,Female,21,Noida,Uttar Pradesh,Regular,2023-05-12
15130,Yash Gupta,Female,33,Rajkot,Gujarat,Regular,2025-03-04
15131,Yash Verma,Female,23,Pune,Maharashtra,New,2023-11-16
15132,Diya Kapoor,Male,47,Jaipur,Rajasthan,Regular,2023-07-09
15133,Meera Singh,Male,26,Gurugram,Haryana,Regular,2023-09-29
15134,Aarav Saini,Male,41,Gurugram,Haryana,Premium,2023-07-26
15135,Isha Chopra,Male,27,Siliguri,West Bengal,Regular,2025-05-23
15136,Vikas Mehta,Female,18,Lucknow,Uttar Pradesh,Premium,2024-12-11
15137,Vikas Gupta,Other,39,Nagpur,Maharashtra,New,2023-06-07
15138,Diya Sharma,Male,18,Karnal,Haryana,Regular,2024-11-03
15139,Arjun Kapoor,Male,25,Nashik,Maharashtra,VIP,2023-10-10
15140,Isha Agarwal,Female,53,Asansol,West Bengal,Regular,2023-07-15
15141,Aditi Gupta,Female,65,Pune,Maharashtra,Regular,2024-07-13
15142,Kavya Mehta,Female,34,Jalandhar,Punjab,Premium,2025-11-28
15143,Rohan Yadav,Male,25,Mumbai,Maharashtra,New,2025-11-15
15144,Ananya Kapoor,Male,34,Surat,Gujarat,Regular,2023-05-19
15145,Aditya Saini,Female,21,Noida,Uttar Pradesh,Regular,2024-11-17
15146,Aditi Saini,Male,30,Siliguri,West Bengal,Regular,2024-01-20
15147,Riya Gupta,Female,50,Nagpur,Maharashtra,Regular,2024-09-02
15148,Vikas Kumar,Male,36,Kolkata,West Bengal,New,2025-12-15
15149,Riya Gupta,Female,20,Nagpur,Maharashtra,Regular,2025-07-13
15150,Karan Gupta,Female,38,Ludhiana,Punjab,Premium,2025-05-08
15151,Rohan Sharma,Male,18,Lucknow,Uttar Pradesh,VIP,2023-03-30
15152,Sneha Yadav,Male,18,Karol Bagh,Delhi,Regular,2024-07-07
15153,Isha Agarwal,Female,42,Asansol,West Bengal,Regular,2024-03-22
15154,Diya Kapoor,Male,26,Rajkot,Gujarat,Premium,2023-05-06
15155,Isha Arora,Female,50,Nashik,Maharashtra,Regular,2025-09-23
15156,Karan Saini,Male,23,Kanpur,Uttar Pradesh,Regular,2024-07-11
15157,Riya Yadav,Male,46,Ludhiana,Punjab,New,2024-12-24
15158,Meera Bansal,Female,50,Rajkot,Gujarat,Premium,2024-09-30
15159,Vikas Kumar,Female,36,Udaipur,Rajasthan,Regular,2024-12-19
15160,Riya Kapoor,Male,31,Karol Bagh,Delhi,VIP,2024-04-26
15161,Aditi Arora,Male,28,Mumbai,Maharashtra,Premium,2023-02-14
15162,Ananya Kapoor,Female,29,Ambala,Haryana,Regular,2025-03-13
15163,Ananya Yadav,Female,18,Noida,Uttar Pradesh,Premium,2023-05-12
15164,Vivaan Verma,Male,40,Kota,Rajasthan,Regular,2024-09-17
15165,Karan Gupta,Male,40,Patiala,Punjab,New,2023-03-12
15166,Aarav Arora,Male,32,Durgapur,West Bengal,Regular,2024-08-19
15167,Meera Agarwal,Female,34,New Delhi,Delhi,Premium,2023-08-07
15168,Aditi Verma,Female,29,Amritsar,Punjab,Premium,2024-03-18
15169,Arjun Gupta,Male,22,Saket,Delhi,Regular,2025-12-02
15170,Vikas Singh,Female,21,Vadodara,Gujarat,Regular,2024-05-07
15171,Riya Mishra,Male,28,Agra,Uttar Pradesh,New,2023-12-30
15172,Sneha Agarwal,Female,30,Thane,Maharashtra,Regular,2024-08-25
15173,Sneha Kumar,Male,46,Faridabad,Haryana,VIP,2025-03-28
15174,Rohan Saini,Female,41,Karnal,Haryana,Premium,2025-07-30
15175,Isha Singh,Female,49,Kanpur,Uttar Pradesh,Premium,2024-08-17
15176,Neha Mehta,Female,41,Ahmedabad,Gujarat,Premium,2024-11-28
15177,Rohan Gupta,Female,18,Siliguri,West Bengal,Regular,2023-03-08
15178,Aditya Gupta,Female,19,Panipat,Haryana,Regular,2023-08-31
15179,Vivaan Singh,Female,23,Kota,Rajasthan,Regular,2025-07-09
15180,Neha Agarwal,Male,30,Durgapur,West Bengal,Regular,2024-06-07
15181,Aman Arora,Male,26,Kanpur,Uttar Pradesh,Premium,2024-08-25
15182,Rahul Saini,Female,41,Vadodara,Gujarat,Regular,2024-08-14
15183,Sneha Chopra,Female,46,Jalandhar,Punjab,Premium,2024-02-10
15184,Meera Mehta,Female,22,Howrah,West Bengal,Premium,2024-12-06
15185,Aditi Mehta,Male,18,Ahmedabad,Gujarat,Premium,2024-04-20
15186,Neha Yadav,Female,50,Howrah,West Bengal,New,2024-04-21
15187,Aman Chopra,Male,36,Mumbai,Maharashtra,New,2025-10-22
15188,Yash Mehta,Male,29,Varanasi,Uttar Pradesh,Regular,2023-07-08
15189,Riya Saini,Female,50,Asansol,West Bengal,Premium,2025-04-19
15190,Rahul Verma,Male,46,New Delhi,Delhi,Premium,2024-02-18
15191,Vivaan Verma,Male,28,Agra,Uttar Pradesh,New,2025-11-01
15192,Isha Saini,Female,43,Pune,Maharashtra,Regular,2023-09-29
15193,Kavya Mishra,Male,46,Rajkot,Gujarat,Premium,2023-03-01
15194,Aarav Sharma,Female,42,Siliguri,West Bengal,Regular,2025-10-01
15195,Neha Arora,Female,47,Saket,Delhi,VIP,2025-09-16
15196,Isha Singh,Female,25,Vadodara,Gujarat,Regular,2023-02-28
15197,Kavya Gupta,Other,34,Vadodara,Gujarat,VIP,2025-11-04
15198,Karan Yadav,Female,50,Karnal,Haryana,Regular,2024-03-25
15199,Karan Mehta,Female,30,Varanasi,Uttar Pradesh,Regular,2024-06-06
15200,Karan Arora,Female,28,New Delhi,Delhi,Regular,2023-05-07
15201,Vikas Bansal,Male,35,Lucknow,Uttar Pradesh,Premium,2023-03-27
15202,Aditi Chopra,Male,18,Durgapur,West Bengal,Regular,2025-09-15
15203,Rohan Gupta,Female,37,Nashik,Maharashtra,Premium,2024-08-07
15204,Ananya Chopra,Female,18,Mumbai,Maharashtra,Regular,2024-08-27
15205,Aditya Mehta,Female,47,Howrah,West Bengal,VIP,2025-07-28
15206,Aman Verma,Female,18,Kanpur,Uttar Pradesh,New,2024-03-24
15207,Yash Kumar,Female,42,Vadodara,Gujarat,Regular,2025-03-09
15208,Aditi Mehta,Female,27,Kanpur,Uttar Pradesh,New,2024-12-14
15209,Ananya Saini,Male,23,Durgapur,West Bengal,Regular,2025-04-25
15210,Rohan Kapoor,Male,34,Patiala,Punjab,Regular,2024-11-05
15211,Rahul Singh,Female,37,Kolkata,West Bengal,New,2023-09-15
15212,Aman Agarwal,Male,35,Rohini,Delhi,Premium,2025-01-28
15213,Neha Sharma,Other,37,Varanasi,Uttar Pradesh,Regular,2025-07-24
15214,Sneha Mehta,Female,41,Ahmedabad,Gujarat,Regular,2023-01-10
15215,Ananya Agarwal,Female,18,Varanasi,Uttar Pradesh,Regular,2023-09-18
15216,Aditya Kapoor,Female,35,Nashik,Maharashtra,Regular,2024-12-25
15217,Vikas Saini,Female,20,Kanpur,Uttar Pradesh,New,2025-07-20
15218,Arjun Yadav,Male,21,Ahmedabad,Gujarat,Premium,2025-03-18
15219,Diya Chopra,Female,23,Rohini,Delhi,Regular,2023-01-26
15220,Diya Saini,Male,18,Gurugram,Haryana,Premium,2024-01-13
15221,Ananya Mehta,Male,34,Noida,Uttar Pradesh,New,2025-06-29
15222,Ananya Verma,Male,18,Jodhpur,Rajasthan,Regular,2024-07-20
15223,Yash Saini,Female,38,Jalandhar,Punjab,Premium,2025-02-07
15224,Meera Mishra,Female,49,Lucknow,Uttar Pradesh,Regular,2024-09-15
15225,Isha Mehta,Male,50,Lucknow,Uttar Pradesh,Regular,2024-03-14
15226,Neha Kumar,Male,23,Karnal,Haryana,New,2024-01-10
15227,Aarav Singh,Female,22,Mumbai,Maharashtra,Premium,2024-10-31
15228,Aman Chopra,Male,42,Durgapur,West Bengal,Regular,2025-01-31
15229,Kavya Sharma,Male,35,Mohali,Punjab,VIP,2024-10-31
15230,Aarav Sharma,Female,33,Mumbai,Maharashtra,Regular,2025-03-14
15231,Aditi Mishra,Male,21,Nagpur,Maharashtra,Regular,2024-08-23
15232,Vivaan Saini,Male,35,Varanasi,Uttar Pradesh,Regular,2024-06-15
15233,Vivaan Singh,Male,43,Pune,Maharashtra,New,2024-08-10
15234,Yash Gupta,Female,26,Noida,Uttar Pradesh,Regular,2025-08-09
15235,Vivaan Singh,Female,39,Jodhpur,Rajasthan,Premium,2024-01-17
15236,Yash Singh,Female,36,Panipat,Haryana,Premium,2024-10-21
15237,Arjun Mishra,Female,27,Nashik,Maharashtra,Regular,2023-12-13
15238,Isha Singh,Male,33,Pune,Maharashtra,Premium,2025-08-08
15239,Vivaan Yadav,Male,24,Gurugram,Haryana,Premium,2023-07-09
15240,Neha Bansal,Male,43,Varanasi,Uttar Pradesh,Regular,2025-07-06
15241,Yash Singh,Female,24,Howrah,West Bengal,Regular,2025-05-29
15242,Aarav Gupta,Female,28,Agra,Uttar Pradesh,New,2024-04-10
15243,Aditi Saini,Female,43,Kota,Rajasthan,New,2023-05-10
15244,Vikas Kumar,Male,29,Kolkata,West Bengal,Premium,2024-10-19
15245,Diya Saini,Male,25,Nagpur,Maharashtra,Regular,2023-07-17
15246,Isha Bansal,Male,36,Nashik,Maharashtra,Regular,2025-01-23
15247,Aditi Yadav,Female,52,Surat,Gujarat,Premium,2023-11-23
15248,Kavya Singh,Male,46,Asansol,West Bengal,Regular,2023-01-12
15249,Ananya Chopra,Female,40,Jodhpur,Rajasthan,Regular,2024-11-01
15250,Aditi Yadav,Male,44,Udaipur,Rajasthan,Regular,2025-11-07
15251,Isha Singh,Female,39,Noida,Uttar Pradesh,New,2023-01-10
15252,Aditi Kumar,Male,36,Howrah,West Bengal,Premium,2024-12-23
15253,Yash Mehta,Male,43,Pune,Maharashtra,Regular,2023-08-18
15254,Arjun Bansal,Male,37,Gurugram,Haryana,Premium,2023-06-11
15255,Meera Kapoor,Male,33,Surat,Gujarat,VIP,2024-10-10
15256,Sneha Agarwal,Male,36,Jaipur,Rajasthan,Regular,2025-06-14
15257,Rahul Arora,Female,37,Ambala,Haryana,Regular,2025-03-26
15258,Meera Verma,Male,37,Nashik,Maharashtra,Regular,2023-10-02
15259,Karan Kapoor,Male,38,Kanpur,Uttar Pradesh,New,2024-08-28
15260,Kavya Arora,Female,24,Howrah,West Bengal,Premium,2025-09-13
15261,Aarav Sharma,Female,32,Saket,Delhi,Regular,2024-07-18
15262,Kavya Mehta,Male,21,Rajkot,Gujarat,New,2024-04-20
15263,Rahul Verma,Female,37,Pune,Maharashtra,Premium,2025-01-05
15264,Karan Yadav,Female,37,Panipat,Haryana,Regular,2025-07-18
15265,Karan Sharma,Male,47,Asansol,West Bengal,Regular,2024-03-16
15266,Aman Kapoor,Female,37,Jaipur,Rajasthan,Regular,2023-08-14
15267,Vikas Agarwal,Male,30,Kanpur,Uttar Pradesh,Regular,2023-06-30
15268,Rahul Bansal,Male,30,Udaipur,Rajasthan,Regular,2025-04-03
15269,Aarav Chopra,Other,40,Rajkot,Gujarat,Regular,2024-08-31
15270,Ananya Saini,Male,27,Noida,Uttar Pradesh,Premium,2024-05-02
15271,Aditya Verma,Male,36,Jalandhar,Punjab,New,2023-04-19
15272,Karan Saini,Female,44,Jalandhar,Punjab,New,2025-03-18
15273,Rohan Singh,Female,54,Kanpur,Uttar Pradesh,Regular,2025-12-26
15274,Arjun Arora,Female,46,Vadodara,Gujarat,New,2024-06-18
15275,Aman Mishra,Female,29,Ajmer,Rajasthan,Premium,2024-05-28
15276,Aditya Mishra,Female,27,Rohini,Delhi,Regular,2025-09-13
15277,Aditi Kumar,Female,40,Ludhiana,Punjab,Regular,2023-10-15
15278,Vikas Gupta,Male,32,Lucknow,Uttar Pradesh,Regular,2025-01-31
15279,Neha Sharma,Male,19,Kolkata,West Bengal,Regular,2024-08-20
15280,Arjun Saini,Male,60,Agra,Uttar Pradesh,Regular,2024-06-13
15281,Neha Agarwal,Male,36,Asansol,West Bengal,Regular,2024-01-07
15282,Ananya Mishra,Male,46,Ajmer,Rajasthan,Premium,2025-04-30
15283,Yash Mishra,Female,31,Patiala,Punjab,Regular,2024-05-18
15284,Aditi Verma,Male,34,Kolkata,West Bengal,Regular,2024-05-31
15285,Karan Mishra,Male,36,Jaipur,Rajasthan,Premium,2024-05-12
15286,Rahul Verma,Female,31,Nashik,Maharashtra,New,2025-04-13
15287,Isha Chopra,Female,26,Durgapur,West Bengal,Regular,2023-11-03
15288,Meera Bansal,Female,56,Gurugram,Haryana,Regular,2025-12-20
15289,Vikas Bansal,Female,38,Panipat,Haryana,Regular,2024-08-20
15290,Riya Mehta,Female,18,Mumbai,Maharashtra,New,2025-11-01
15291,Rahul Mehta,Female,35,New Delhi,Delhi,Regular,2024-11-14
15292,Kavya Singh,Female,20,Patiala,Punjab,Regular,2024-08-21
15293,Yash Gupta,Female,26,Faridabad,Haryana,Regular,2023-07-27
15294,Vivaan Yadav,Female,35,Gurugram,Haryana,Regular,2025-08-15
15295,Rahul Mehta,Female,39,Ahmedabad,Gujarat,Premium,2025-04-13
15296,Kavya Mehta,Female,18,Ludhiana,Punjab,Regular,2025-10-17
15297,Riya Kapoor,Male,51,Ajmer,Rajasthan,New,2025-07-28
15298,Karan Sharma,Female,27,Pune,Maharashtra,New,2023-09-03
15299,Sneha Sharma,Female,32,Lucknow,Uttar Pradesh,Premium,2023-06-28
15300,Karan Yadav,Female,49,Gurugram,Haryana,Premium,2025-03-02
15301,Neha Saini,Male,51,Ahmedabad,Gujarat,Premium,2024-04-10
15302,Aditi Saini,Male,28,Ambala,Haryana,VIP,2025-10-30
15303,Vivaan Arora,Male,45,Ahmedabad,Gujarat,Premium,2025-03-24
15304,Vivaan Singh,Female,36,Howrah,West Bengal,Premium,2024-11-03
15305,Vivaan Kapoor,Female,61,Kanpur,Uttar Pradesh,Premium,2025-03-25
15306,Rohan Sharma,Male,27,Udaipur,Rajasthan,Regular,2024-03-28
15307,Vivaan Mehta,Female,50,Jaipur,Rajasthan,VIP,2023-10-30
15308,Sneha Singh,Male,28,Kanpur,Uttar Pradesh,Regular,2024-03-20
15309,Rahul Verma,Male,23,Siliguri,West Bengal,Regular,2024-05-22
15310,Isha Yadav,Male,31,Kolkata,West Bengal,Regular,2024-02-27
15311,Vivaan Yadav,Female,18,Varanasi,Uttar Pradesh,Premium,2025-06-20
15312,Karan Arora,Female,25,Nagpur,Maharashtra,Regular,2024-03-02
15313,Aarav Kumar,Male,31,Kolkata,West Bengal,New,2023-02-11
15314,Aarav Saini,Female,31,Siliguri,West Bengal,Regular,2024-05-12
15315,Meera Mehta,Female,43,Udaipur,Rajasthan,Premium,2025-05-01
15316,Rahul Mehta,Male,42,Varanasi,Uttar Pradesh,Regular,2023-03-09
15317,Sneha Mishra,Other,34,Rohini,Delhi,Premium,2024-06-19
15318,Kavya Arora,Female,18,Durgapur,West Bengal,Premium,2025-04-20
15319,Kavya Saini,Male,18,Ludhiana,Punjab,Premium,2024-03-25
15320,Isha Kumar,Female,29,Pune,Maharashtra,Regular,2023-03-30
15321,Diya Mishra,Male,26,Dwarka,Delhi,Premium,2025-03-29
15322,Aarav Saini,Female,28,Karol Bagh,Delhi,Regular,2023-03-25
15323,Diya Singh,Female,50,Varanasi,Uttar Pradesh,New,2025-10-24
15324,Riya Bansal,Male,28,Durgapur,West Bengal,Regular,2025-10-04
15325,Meera Arora,Female,25,Panipat,Haryana,New,2025-03-23
15326,Kavya Verma,Female,34,Mumbai,Maharashtra,Regular,2024-01-19
15327,Ananya Bansal,Other,29,Faridabad,Haryana,New,2023-03-13
15328,Aarav Bansal,Male,40,Ludhiana,Punjab,New,2025-09-08
15329,Diya Verma,Female,36,Varanasi,Uttar Pradesh,Premium,2023-06-21
15330,Ananya Kumar,Female,53,Jaipur,Rajasthan,Premium,2023-09-20
15331,Sneha Verma,Male,31,Dwarka,Delhi,Regular,2023-09-03
15332,Riya Kumar,Male,53,Kanpur,Uttar Pradesh,Regular,2024-08-25
15333,Neha Saini,Female,41,Faridabad,Haryana,Regular,2024-07-20
15334,Sneha Kumar,Female,39,Kanpur,Uttar Pradesh,Regular,2024-09-14
15335,Diya Chopra,Male,18,Howrah,West Bengal,Regular,2023-09-26
15336,Sneha Mehta,Female,18,Howrah,West Bengal,Regular,2023-01-31
15337,Riya Kumar,Male,18,Lucknow,Uttar Pradesh,Regular,2023-06-18
15338,Vivaan Mehta,Male,36,Pune,Maharashtra,Regular,2023-09-18
15339,Karan Yadav,Female,42,Asansol,West Bengal,Regular,2025-12-25
15340,Vivaan Mishra,Female,39,Ambala,Haryana,Regular,2024-09-07
15341,Arjun Kapoor,Male,34,Rajkot,Gujarat,Premium,2023-07-24
15342,Meera Sharma,Female,43,Asansol,West Bengal,Premium,2024-01-06
15343,Aarav Agarwal,Female,46,Panipat,Haryana,Regular,2023-11-20
15344,Ananya Yadav,Female,31,Mohali,Punjab,Regular,2025-06-03
15345,Ananya Mehta,Female,40,Howrah,West Bengal,VIP,2025-04-05
15346,Diya Kumar,Male,38,Jodhpur,Rajasthan,Premium,2025-07-03
15347,Diya Chopra,Female,42,Karnal,Haryana,Regular,2023-04-16
15348,Vikas Saini,Male,37,Karol Bagh,Delhi,Regular,2023-10-22
15349,Kavya Kapoor,Other,37,Lucknow,Uttar Pradesh,New,2025-04-06
15350,Sneha Singh,Male,28,Nagpur,Maharashtra,Premium,2024-03-21
15351,Aarav Saini,Male,36,Surat,Gujarat,Regular,2025-02-13
15352,Vikas Kumar,Male,31,Asansol,West Bengal,Regular,2025-10-18
15353,Vikas Arora,Female,23,Agra,Uttar Pradesh,Premium,2023-11-07
15354,Rahul Mishra,Male,37,Jaipur,Rajasthan,Premium,2024-12-19
15355,Kavya Singh,Female,24,Jaipur,Rajasthan,Regular,2024-05-21
15356,Karan Yadav,Female,34,Kanpur,Uttar Pradesh,Regular,2024-10-16
15357,Neha Yadav,Male,30,Ludhiana,Punjab,Premium,2025-11-16
15358,Neha Gupta,Male,28,Howrah,West Bengal,Regular,2024-10-21
15359,Aman Kapoor,Female,48,Surat,Gujarat,Premium,2025-07-26
15360,Aditya Yadav,Male,50,Kota,Rajasthan,New,2025-05-26
15361,Kavya Mishra,Male,31,Nagpur,Maharashtra,Premium,2023-08-01
15362,Arjun Chopra,Male,44,Rohini,Delhi,Regular,2024-11-10
15363,Karan Sharma,Male,18,Jaipur,Rajasthan,New,2023-05-22
15364,Karan Arora,Male,22,Nashik,Maharashtra,Regular,2023-01-17
15365,Riya Arora,Female,33,Udaipur,Rajasthan,Premium,2023-06-23
15366,Karan Mishra,Male,23,Howrah,West Bengal,Regular,2024-10-09
15367,Kavya Agarwal,Female,38,Pune,Maharashtra,New,2024-01-18
15368,Vivaan Kapoor,Male,37,Lucknow,Uttar Pradesh,Regular,2024-07-14
15369,Vikas Chopra,Female,34,Rajkot,Gujarat,Premium,2024-01-08
15370,Isha Agarwal,Male,58,Mohali,Punjab,New,2023-06-20
15371,Aarav Bansal,Female,38,Agra,Uttar Pradesh,New,2024-05-31
15372,Aman Singh,Female,40,Lucknow,Uttar Pradesh,New,2025-02-24
15373,Vivaan Singh,Male,39,Kanpur,Uttar Pradesh,Regular,2023-07-04
15374,Ananya Kumar,Male,25,Vadodara,Gujarat,New,2023-07-07
15375,Neha Kapoor,Male,54,Jaipur,Rajasthan,Regular,2024-09-01
15376,Aditya Agarwal,Male,20,Vadodara,Gujarat,Premium,2025-12-02
15377,Meera Arora,Female,37,Thane,Maharashtra,Premium,2025-07-11
15378,Rohan Gupta,Male,41,Lucknow,Uttar Pradesh,Regular,2023-01-04
15379,Rohan Bansal,Female,44,Rajkot,Gujarat,Regular,2024-07-10
15380,Meera Mishra,Male,31,Saket,Delhi,Premium,2025-08-09
15381,Sneha Verma,Female,41,Karol Bagh,Delhi,Regular,2025-04-30
15382,Rahul Chopra,Male,24,Jodhpur,Rajasthan,Premium,2025-10-19
15383,Vikas Gupta,Male,51,Dwarka,Delhi,Regular,2025-12-10
15384,Ananya Singh,Female,32,Gurugram,Haryana,Regular,2024-05-04
15385,Neha Chopra,Female,29,Mumbai,Maharashtra,Regular,2024-12-07
15386,Aditya Bansal,Female,28,Jodhpur,Rajasthan,New,2025-08-10
15387,Karan Saini,Female,37,Noida,Uttar Pradesh,VIP,2023-09-17
15388,Ananya Gupta,Other,18,Howrah,West Bengal,Premium,2023-09-21
15389,Aditya Mishra,Female,43,Pune,Maharashtra,Premium,2025-04-24
15390,Vikas Kumar,Male,28,Ahmedabad,Gujarat,Premium,2025-04-06
15391,Ananya Saini,Male,47,Jalandhar,Punjab,New,2024-11-20
15392,Isha Gupta,Female,22,Nagpur,Maharashtra,Regular,2024-07-13
15393,Karan Arora,Female,35,Howrah,West Bengal,Premium,2024-03-31
15394,Aman Gupta,Female,40,Thane,Maharashtra,Regular,2025-01-12
15395,Diya Mishra,Male,41,Thane,Maharashtra,Premium,2024-12-08
15396,Sneha Saini,Female,29,Kanpur,Uttar Pradesh,Premium,2024-11-23
15397,Aman Gupta,Female,22,Ambala,Haryana,Regular,2023-08-20
15398,Isha Yadav,Female,29,Udaipur,Rajasthan,Regular,2025-06-28
15399,Neha Saini,Male,46,Varanasi,Uttar Pradesh,Premium,2023-04-17
15400,Isha Agarwal,Female,55,Siliguri,West Bengal,New,2025-03-15
15401,Sneha Agarwal,Female,18,Rohini,Delhi,Regular,2025-04-15
15402,Sneha Kapoor,Female,27,Durgapur,West Bengal,Regular,2025-05-20
15403,Diya Bansal,Female,18,Durgapur,West Bengal,Premium,2024-07-01
15404,Arjun Gupta,Female,29,Saket,Delhi,VIP,2023-08-02
15405,Aman Kumar,Male,28,Varanasi,Uttar Pradesh,Regular,2025-07-18
15406,Meera Sharma,Female,22,Kolkata,West Bengal,VIP,2023-01-01
15407,Rohan Mishra,Female,51,Kolkata,West Bengal,Regular,2024-10-22
15408,Isha Gupta,Male,45,Kanpur,Uttar Pradesh,Premium,2024-08-30
15409,Aditi Gupta,Male,36,Varanasi,Uttar Pradesh,New,2023-02-23
15410,Rohan Kumar,Male,33,Udaipur,Rajasthan,Regular,2025-07-01
15411,Riya Chopra,Female,43,Mumbai,Maharashtra,Premium,2025-09-17
15412,Diya Arora,Female,24,Rohini,Delhi,Regular,2024-02-04
15413,Ananya Sharma,Male,36,Ahmedabad,Gujarat,New,2025-02-08
15414,Aditya Singh,Female,28,Karnal,Haryana,Regular,2025-02-15
15415,Kavya Arora,Female,57,Karnal,Haryana,Regular,2023-11-03
15416,Aditya Verma,Female,20,Kanpur,Uttar Pradesh,Regular,2025-09-11
15417,Aditya Kapoor,Female,31,Kanpur,Uttar Pradesh,Premium,2025-04-17
15418,Aarav Gupta,Female,21,Agra,Uttar Pradesh,Regular,2023-10-17
15419,Neha Verma,Male,42,Kota,Rajasthan,Regular,2023-05-24
15420,Diya Sharma,Female,41,Agra,Uttar Pradesh,VIP,2024-06-29
15421,Aditya Yadav,Female,27,Ludhiana,Punjab,New,2024-01-17
15422,Diya Mehta,Male,22,Varanasi,Uttar Pradesh,Premium,2024-09-05
15423,Aman Agarwal,Female,30,Durgapur,West Bengal,Regular,2024-02-11
15424,Karan Agarwal,Male,27,Agra,Uttar Pradesh,Regular,2023-09-30
15425,Vivaan Saini,Female,35,Varanasi,Uttar Pradesh,Regular,2025-06-07
15426,Riya Chopra,Female,50,Nashik,Maharashtra,Premium,2023-02-17
15427,Vikas Mehta,Female,41,Howrah,West Bengal,Premium,2024-06-24
15428,Isha Agarwal,Female,42,Karol Bagh,Delhi,New,2024-05-14
15429,Kavya Chopra,Female,34,Nashik,Maharashtra,Regular,2025-11-18
15430,Yash Verma,Female,60,Mumbai,Maharashtra,Premium,2025-08-14
15431,Rahul Gupta,Female,35,Mumbai,Maharashtra,Premium,2025-06-11
15432,Diya Mehta,Male,41,Karnal,Haryana,Premium,2023-01-27
15433,Isha Mehta,Female,45,Pune,Maharashtra,Regular,2023-07-31
15434,Vikas Agarwal,Female,33,Faridabad,Haryana,Regular,2025-09-07
15435,Aditya Verma,Male,36,Pune,Maharashtra,Regular,2025-11-17
15436,Aditi Verma,Female,28,Vadodara,Gujarat,New,2023-10-16
15437,Aman Sharma,Male,34,Karol Bagh,Delhi,Regular,2025-09-28
15438,Meera Kumar,Female,49,Vadodara,Gujarat,Regular,2024-04-30
15439,Vivaan Singh,Male,46,Panipat,Haryana,Regular,2024-08-03
15440,Arjun Saini,Male,41,Ahmedabad,Gujarat,Regular,2025-03-17
15441,Rahul Sharma,Male,43,Kota,Rajasthan,Regular,2025-10-09
15442,Kavya Mehta,Male,34,Saket,Delhi,VIP,2025-05-11
15443,Aman Agarwal,Male,43,Ludhiana,Punjab,Regular,2025-08-19
15444,Arjun Bansal,Male,32,Howrah,West Bengal,Regular,2023-12-08
15445,Aarav Kapoor,Male,18,Ambala,Haryana,New,2024-10-27
15446,Meera Sharma,Male,52,Karol Bagh,Delhi,Regular,2023-02-12
15447,Rohan Mehta,Female,32,Varanasi,Uttar Pradesh,New,2025-05-04
15448,Aman Kapoor,Male,45,Nagpur,Maharashtra,New,2025-07-25
15449,Isha Agarwal,Female,30,Jaipur,Rajasthan,New,2024-11-28
15450,Rahul Sharma,Female,18,Mohali,Punjab,Regular,2024-01-08
15451,Aditya Kumar,Male,33,Lucknow,Uttar Pradesh,Regular,2023-04-20
15452,Aman Kumar,Male,18,Karol Bagh,Delhi,Premium,2023-04-25
15453,Rahul Kapoor,Other,42,Rohini,Delhi,Regular,2025-03-01
15454,Sneha Kapoor,Female,32,Lucknow,Uttar Pradesh,Regular,2024-12-21
15455,Riya Kumar,Male,46,Mumbai,Maharashtra,New,2025-02-15
15456,Rohan Singh,Male,36,New Delhi,Delhi,Premium,2025-04-21
15457,Yash Agarwal,Male,24,Varanasi,Uttar Pradesh,New,2023-11-11
15458,Diya Mehta,Female,41,Lucknow,Uttar Pradesh,Regular,2024-11-08
15459,Vikas Bansal,Female,18,Siliguri,West Bengal,Regular,2023-10-03
15460,Diya Agarwal,Male,31,Asansol,West Bengal,Premium,2025-02-22
15461,Rahul Kumar,Male,18,Gandhinagar,Gujarat,Premium,2025-05-13
15462,Arjun Yadav,Male,38,Saket,Delhi,Premium,2023-11-27
15463,Aditya Sharma,Other,36,Faridabad,Haryana,New,2023-11-18
15464,Rahul Bansal,Female,35,Varanasi,Uttar Pradesh,Premium,2024-06-20
15465,Vivaan Kapoor,Female,25,Rohini,Delhi,Premium,2024-05-25
15466,Aman Verma,Male,48,Kota,Rajasthan,New,2023-02-12
15467,Isha Mishra,Female,43,Gandhinagar,Gujarat,Regular,2023-02-28
15468,Aditya Mishra,Male,36,Surat,Gujarat,New,2023-03-06
15469,Aman Agarwal,Female,28,Rajkot,Gujarat,Premium,2023-12-13
15470,Diya Chopra,Male,31,Kanpur,Uttar Pradesh,Regular,2023-01-13
15471,Aditya Yadav,Female,34,Mumbai,Maharashtra,Regular,2025-01-04
15472,Karan Gupta,Male,23,Lucknow,Uttar Pradesh,New,2024-02-26
15473,Vivaan Kapoor,Female,43,Gurugram,Haryana,Regular,2023-12-15
15474,Sneha Verma,Male,47,Nagpur,Maharashtra,New,2025-02-16
15475,Kavya Mehta,Male,51,Gurugram,Haryana,Premium,2023-07-25
15476,Aman Singh,Male,31,Lucknow,Uttar Pradesh,New,2023-07-25
15477,Aditi Sharma,Female,48,Kanpur,Uttar Pradesh,New,2023-07-15
15478,Kavya Arora,Male,48,Mumbai,Maharashtra,Regular,2023-03-26
15479,Arjun Saini,Male,28,Rajkot,Gujarat,Premium,2025-12-10
15480,Aditi Arora,Male,24,Lucknow,Uttar Pradesh,Premium,2025-07-28
15481,Aman Mehta,Male,45,Vadodara,Gujarat,New,2025-07-04
15482,Aditi Yadav,Male,29,Varanasi,Uttar Pradesh,Regular,2023-10-03
15483,Aman Chopra,Male,27,Agra,Uttar Pradesh,Regular,2025-09-21
15484,Karan Sharma,Male,42,Pune,Maharashtra,New,2024-01-20
15485,Kavya Verma,Male,20,Thane,Maharashtra,Regular,2023-05-17
15486,Arjun Verma,Female,30,Asansol,West Bengal,Regular,2024-05-29
15487,Arjun Mehta,Male,18,Rohini,Delhi,Regular,2025-02-12
15488,Sneha Kapoor,Female,26,Pune,Maharashtra,VIP,2024-07-28
15489,Diya Verma,Male,27,Nagpur,Maharashtra,Regular,2024-08-01
15490,Neha Arora,Female,26,Kolkata,West Bengal,Regular,2024-08-27
15491,Isha Mishra,Male,30,Mohali,Punjab,Regular,2025-04-21
15492,Rohan Kapoor,Female,18,Ahmedabad,Gujarat,Regular,2025-05-31
15493,Diya Bansal,Male,24,Nagpur,Maharashtra,Regular,2025-07-07
15494,Sneha Sharma,Male,47,Saket,Delhi,VIP,2025-08-16
15495,Aman Chopra,Male,37,Ajmer,Rajasthan,Premium,2024-08-29
15496,Yash Chopra,Male,29,Agra,Uttar Pradesh,Regular,2023-09-25
15497,Rahul Yadav,Male,27,Pune,Maharashtra,Regular,2024-02-16
15498,Diya Yadav,Male,42,Asansol,West Bengal,Regular,2025-03-07
15499,Kavya Mishra,Female,35,Mumbai,Maharashtra,Premium,2025-11-04
15500,Isha Kumar,Male,23,Nashik,Maharashtra,Regular,2023-10-01
15501,Neha Saini,Male,29,Udaipur,Rajasthan,Regular,2025-08-26
15502,Aditya Chopra,Female,22,Ambala,Haryana,Regular,2023-02-22
15503,Rahul Sharma,Female,27,Dwarka,Delhi,Regular,2023-12-16
15504,Aditya Kumar,Male,41,Jaipur,Rajasthan,Regular,2025-04-30
15505,Sneha Singh,Female,40,Varanasi,Uttar Pradesh,Premium,2024-02-11
15506,Kavya Mehta,Male,44,Amritsar,Punjab,Regular,2025-09-14
15507,Karan Singh,Male,35,Jodhpur,Rajasthan,Regular,2024-07-21
15508,Yash Saini,Male,19,Varanasi,Uttar Pradesh,Regular,2023-07-16
15509,Riya Bansal,Male,22,Karol Bagh,Delhi,Premium,2024-03-13
15510,Ananya Chopra,Male,39,Ajmer,Rajasthan,Premium,2023-06-01
15511,Aman Verma,Male,35,Mohali,Punjab,New,2025-02-22
15512,Sneha Singh,Male,22,Durgapur,West Bengal,New,2024-12-27
15513,Vivaan Kumar,Female,31,Kolkata,West Bengal,New,2025-07-10
15514,Sneha Gupta,Female,53,Nagpur,Maharashtra,VIP,2023-04-14
15515,Karan Saini,Female,43,Jalandhar,Punjab,Premium,2025-09-08
15516,Riya Agarwal,Female,49,Surat,Gujarat,Regular,2024-05-11
15517,Vikas Singh,Female,22,Rajkot,Gujarat,New,2023-09-01
15518,Diya Singh,Female,51,Rajkot,Gujarat,Regular,2023-06-12
15519,Karan Saini,Female,29,Amritsar,Punjab,Premium,2024-09-21
15520,Rahul Bansal,Male,50,Nagpur,Maharashtra,Premium,2025-03-18
15521,Arjun Chopra,Male,38,Surat,Gujarat,Regular,2025-06-09
15522,Riya Sharma,Female,40,Thane,Maharashtra,VIP,2024-09-20
15523,Yash Kapoor,Male,41,Pune,Maharashtra,New,2023-03-02
15524,Vikas Yadav,Male,35,Udaipur,Rajasthan,Regular,2024-03-12
15525,Rahul Yadav,Male,40,Ajmer,Rajasthan,Premium,2023-07-28
15526,Neha Sharma,Female,24,Faridabad,Haryana,Regular,2024-07-01
15527,Yash Kapoor,Male,33,Thane,Maharashtra,Premium,2024-11-07
15528,Sneha Chopra,Male,42,Karnal,Haryana,Premium,2023-08-29
15529,Aarav Mishra,Male,35,Lucknow,Uttar Pradesh,Regular,2024-01-27
15530,Riya Kumar,Female,30,Lucknow,Uttar Pradesh,Regular,2024-10-11
15531,Rohan Agarwal,Male,36,Kota,Rajasthan,Premium,2025-06-19
15532,Sneha Agarwal,Male,20,Jalandhar,Punjab,Regular,2024-02-12
15533,Rohan Saini,Female,44,Thane,Maharashtra,Premium,2023-02-04
15534,Kavya Kumar,Female,18,Vadodara,Gujarat,Regular,2024-02-09
15535,Arjun Kumar,Female,34,Ludhiana,Punjab,Premium,2023-10-08
15536,Rahul Kumar,Female,42,Mohali,Punjab,Premium,2024-12-22
15537,Riya Agarwal,Male,35,Ludhiana,Punjab,Premium,2024-03-26
15538,Sneha Arora,Female,29,Kolkata,West Bengal,Premium,2023-03-03
15539,Aditya Kumar,Male,45,Jaipur,Rajasthan,Regular,2024-05-27
15540,Diya Singh,Female,27,Ajmer,Rajasthan,Regular,2025-11-25
15541,Sneha Agarwal,Male,51,Mohali,Punjab,VIP,2025-04-12
15542,Rohan Arora,Male,32,Nashik,Maharashtra,Regular,2024-11-06
15543,Arjun Kumar,Male,32,Siliguri,West Bengal,Premium,2024-10-04
15544,Meera Kapoor,Male,41,Vadodara,Gujarat,Regular,2023-02-21
15545,Aditya Mishra,Male,31,Nagpur,Maharashtra,Regular,2025-09-07
15546,Arjun Singh,Female,35,Karnal,Haryana,Premium,2024-07-07
15547,Karan Gupta,Female,40,Mohali,Punjab,Premium,2025-07-28
15548,Aarav Gupta,Male,22,Ambala,Haryana,Regular,2025-12-23
15549,Vikas Mehta,Male,40,New Delhi,Delhi,Regular,2025-02-24
15550,Rahul Verma,Female,18,Ludhiana,Punjab,Regular,2023-06-13
15551,Yash Gupta,Female,34,Rohini,Delhi,Regular,2023-06-21
15552,Neha Kumar,Male,30,Agra,Uttar Pradesh,Regular,2024-10-26
15553,Aarav Kumar,Female,21,Siliguri,West Bengal,Regular,2023-09-06
15554,Meera Yadav,Female,51,Thane,Maharashtra,Premium,2023-06-29
15555,Karan Yadav,Male,36,Ahmedabad,Gujarat,VIP,2025-10-11
15556,Yash Kumar,Male,27,Nagpur,Maharashtra,Regular,2024-12-07
15557,Isha Arora,Male,35,Ludhiana,Punjab,New,2023-01-20
15558,Diya Mishra,Female,59,Gandhinagar,Gujarat,Regular,2024-07-13
15559,Neha Gupta,Male,24,New Delhi,Delhi,Regular,2023-04-02
15560,Kavya Gupta,Male,41,Nagpur,Maharashtra,Regular,2024-04-28
15561,Karan Kapoor,Female,25,Noida,Uttar Pradesh,Regular,2025-01-12
15562,Rahul Yadav,Male,39,Durgapur,West Bengal,Regular,2024-03-04
15563,Kavya Sharma,Female,27,New Delhi,Delhi,Regular,2025-06-18
15564,Kavya Mishra,Male,32,New Delhi,Delhi,Regular,2023-08-26
15565,Meera Gupta,Other,36,Durgapur,West Bengal,Regular,2024-01-15
15566,Riya Gupta,Female,47,Karnal,Haryana,Premium,2024-07-28
15567,Riya Bansal,Female,19,Pune,Maharashtra,Premium,2025-12-11
15568,Meera Singh,Male,51,Nashik,Maharashtra,New,2024-08-04
15569,Rohan Gupta,Male,18,Surat,Gujarat,Regular,2025-11-18
15570,Aman Mishra,Female,37,Howrah,West Bengal,Regular,2024-03-07
15571,Riya Yadav,Male,35,Siliguri,West Bengal,New,2024-09-27
15572,Aditi Yadav,Female,33,Faridabad,Haryana,Premium,2023-10-18
15573,Arjun Sharma,Female,34,Ahmedabad,Gujarat,Regular,2023-03-27
15574,Ananya Kapoor,Female,39,Nagpur,Maharashtra,Regular,2024-08-23
15575,Riya Singh,Male,39,Nagpur,Maharashtra,Regular,2023-01-09
15576,Rahul Mishra,Female,32,Mohali,Punjab,Regular,2023-12-25
15577,Isha Singh,Female,41,Nashik,Maharashtra,Premium,2025-09-12
15578,Vivaan Chopra,Male,32,Asansol,West Bengal,Premium,2024-12-23
15579,Neha Yadav,Female,35,Asansol,West Bengal,VIP,2023-06-28
15580,Rohan Singh,Male,46,Agra,Uttar Pradesh,Premium,2025-01-02
15581,Kavya Saini,Female,46,Gurugram,Haryana,Regular,2025-04-24
15582,Vivaan Singh,Female,44,Agra,Uttar Pradesh,Regular,2025-10-09
15583,Meera Saini,Male,24,Ahmedabad,Gujarat,Premium,2024-01-24
15584,Meera Sharma,Male,38,Thane,Maharashtra,Premium,2024-08-26
15585,Riya Mishra,Male,39,Ajmer,Rajasthan,New,2023-01-18
15586,Aarav Mehta,Female,52,Faridabad,Haryana,Regular,2024-01-25
15587,Rohan Saini,Female,42,Varanasi,Uttar Pradesh,New,2024-06-13
15588,Aarav Yadav,Male,28,Jodhpur,Rajasthan,Premium,2024-04-29
15589,Riya Singh,Female,30,Asansol,West Bengal,Regular,2023-05-19
15590,Kavya Agarwal,Female,18,Nashik,Maharashtra,Premium,2025-07-30
15591,Meera Kapoor,Female,33,Kanpur,Uttar Pradesh,New,2023-11-29
15592,Neha Chopra,Female,30,Jodhpur,Rajasthan,Premium,2023-11-11
15593,Aditi Saini,Male,29,Ambala,Haryana,New,2023-09-16
15594,Isha Arora,Female,26,Howrah,West Bengal,Regular,2025-11-23
15595,Yash Sharma,Male,49,Varanasi,Uttar Pradesh,New,2023-10-27
15596,Aditi Saini,Female,18,Jaipur,Rajasthan,New,2025-01-28
15597,Rohan Mehta,Female,21,Noida,Uttar Pradesh,New,2025-04-12
15598,Vikas Gupta,Male,58,Nagpur,Maharashtra,Regular,2025-11-20
15599,Karan Gupta,Male,44,Thane,Maharashtra,Premium,2023-07-17
15600,Vikas Yadav,Male,37,Mumbai,Maharashtra,Premium,2024-06-23
15601,Arjun Verma,Male,34,Dwarka,Delhi,Regular,2025-07-29
15602,Aman Mishra,Male,28,Noida,Uttar Pradesh,New,2025-01-31
15603,Riya Mehta,Female,21,Mohali,Punjab,New,2024-09-28
15604,Kavya Verma,Male,38,Thane,Maharashtra,Regular,2025-08-12
15605,Isha Singh,Male,42,Karnal,Haryana,Premium,2024-02-08
15606,Aarav Bansal,Male,27,Thane,Maharashtra,Regular,2024-04-10
15607,Meera Chopra,Male,18,Asansol,West Bengal,Regular,2024-05-31
15608,Vikas Kapoor,Male,41,Siliguri,West Bengal,New,2024-06-13
15609,Karan Gupta,Male,42,Kanpur,Uttar Pradesh,Regular,2023-01-20
15610,Meera Verma,Male,42,Ajmer,Rajasthan,Regular,2023-10-27
15611,Vivaan Agarwal,Male,32,Faridabad,Haryana,Regular,2025-04-21
15612,Riya Chopra,Male,18,Nagpur,Maharashtra,New,2024-04-28
15613,Aarav Mehta,Female,22,Vadodara,Gujarat,Regular,2023-05-26
15614,Riya Arora,Male,47,Saket,Delhi,VIP,2024-09-21
15615,Aarav Bansal,Male,20,Noida,Uttar Pradesh,Regular,2024-03-09
15616,Meera Agarwal,Female,41,Surat,Gujarat,Premium,2024-08-12
15617,Neha Arora,Female,24,Asansol,West Bengal,Regular,2025-05-03
15618,Rohan Kumar,Male,23,New Delhi,Delhi,Regular,2023-08-26
15619,Rohan Kapoor,Male,52,Nashik,Maharashtra,Regular,2024-12-28
15620,Aman Saini,Female,53,Amritsar,Punjab,Regular,2023-07-07
15621,Diya Chopra,Female,36,Panipat,Haryana,Regular,2023-09-11
15622,Vivaan Arora,Male,29,Siliguri,West Bengal,Regular,2025-12-27
15623,Aarav Mishra,Male,44,Rajkot,Gujarat,Regular,2023-06-18
15624,Neha Saini,Female,18,Ahmedabad,Gujarat,Regular,2025-10-27
15625,Rahul Singh,Female,46,Ambala,Haryana,Regular,2024-04-13
15626,Aman Chopra,Male,54,Surat,Gujarat,Regular,2025-11-18
15627,Ananya Bansal,Male,40,Lucknow,Uttar Pradesh,Regular,2024-11-26
15628,Aditya Mishra,Male,22,Noida,Uttar Pradesh,Premium,2025-11-30
15629,Sneha Mishra,Male,49,Pune,Maharashtra,Premium,2024-08-01
15630,Kavya Bansal,Female,37,Panipat,Haryana,Premium,2025-09-25
15631,Aman Yadav,Male,33,Rajkot,Gujarat,Regular,2025-10-24
15632,Vikas Sharma,Other,24,Nagpur,Maharashtra,Regular,2023-02-02
15633,Karan Kapoor,Male,23,Ludhiana,Punjab,Premium,2023-09-27
15634,Sneha Saini,Male,46,Ludhiana,Punjab,Regular,2024-02-06
15635,Vikas Yadav,Male,33,Ludhiana,Punjab,Premium,2023-10-19
15636,Neha Agarwal,Female,33,Faridabad,Haryana,Regular,2025-09-19
15637,Aarav Singh,Male,35,Nashik,Maharashtra,Regular,2025-07-16
15638,Aditi Verma,Female,18,Gandhinagar,Gujarat,Premium,2025-05-05
15639,Kavya Singh,Female,34,Faridabad,Haryana,Regular,2024-12-01
15640,Karan Arora,Male,34,Karnal,Haryana,Regular,2024-09-25
15641,Riya Singh,Female,49,Thane,Maharashtra,VIP,2024-11-22
15642,Aarav Agarwal,Male,42,Vadodara,Gujarat,New,2023-08-14
15643,Rohan Kumar,Female,22,Lucknow,Uttar Pradesh,Regular,2023-08-05
15644,Karan Kumar,Male,30,Lucknow,Uttar Pradesh,Premium,2025-02-05
15645,Aman Chopra,Male,44,Thane,Maharashtra,Regular,2025-09-30
15646,Rohan Arora,Female,21,Rohini,Delhi,Regular,2024-06-15
15647,Aarav Kumar,Male,51,Panipat,Haryana,Regular,2025-06-16
15648,Aarav Kapoor,Female,34,Gandhinagar,Gujarat,Regular,2024-10-18
15649,Riya Kapoor,Female,39,Nashik,Maharashtra,New,2023-08-08
15650,Sneha Kapoor,Male,30,Mumbai,Maharashtra,Regular,2025-11-04
15651,Yash Arora,Male,29,Vadodara,Gujarat,Regular,2024-11-23
15652,Vikas Gupta,Female,25,Pune,Maharashtra,Regular,2024-03-06
15653,Arjun Sharma,Female,49,New Delhi,Delhi,Regular,2024-01-14
15654,Karan Verma,Male,40,Varanasi,Uttar Pradesh,Regular,2025-08-13
15655,Yash Agarwal,Female,24,Amritsar,Punjab,Regular,2025-01-02
15656,Aarav Sharma,Female,41,Ludhiana,Punjab,Regular,2025-05-30
15657,Ananya Mishra,Male,43,Nashik,Maharashtra,Regular,2024-07-11
15658,Karan Mishra,Female,45,Vadodara,Gujarat,Regular,2025-11-25
15659,Aarav Yadav,Male,37,Asansol,West Bengal,Regular,2025-07-28
15660,Kavya Chopra,Female,36,Pune,Maharashtra,Regular,2023-07-08
15661,Neha Mishra,Male,25,Patiala,Punjab,Regular,2024-02-23
15662,Ananya Bansal,Male,47,Jalandhar,Punjab,New,2025-07-06
15663,Karan Verma,Female,41,Vadodara,Gujarat,Premium,2024-09-07
15664,Vikas Mehta,Male,44,Nashik,Maharashtra,Regular,2025-02-06
15665,Meera Saini,Female,18,Pune,Maharashtra,VIP,2024-12-07
15666,Vikas Arora,Female,44,Vadodara,Gujarat,VIP,2025-05-09
15667,Sneha Sharma,Male,34,Thane,Maharashtra,Premium,2023-07-27
15668,Rahul Verma,Male,42,Ahmedabad,Gujarat,Regular,2025-09-28
15669,Riya Saini,Female,22,Ambala,Haryana,Premium,2023-05-24
15670,Neha Singh,Male,52,Vadodara,Gujarat,Premium,2025-05-17
15671,Neha Mishra,Female,27,Ahmedabad,Gujarat,Premium,2024-08-19
15672,Rohan Mishra,Male,46,Agra,Uttar Pradesh,New,2025-04-14
15673,Meera Mishra,Female,32,Mumbai,Maharashtra,New,2025-01-24
15674,Yash Kumar,Male,53,Noida,Uttar Pradesh,Regular,2025-09-04
15675,Vikas Verma,Male,37,Kolkata,West Bengal,Regular,2023-12-25
15676,Aditya Mehta,Male,53,Gurugram,Haryana,Regular,2024-10-11
15677,Ananya Kapoor,Male,33,Pune,Maharashtra,Regular,2025-01-17
15678,Sneha Chopra,Male,23,Jalandhar,Punjab,Regular,2024-12-23
15679,Kavya Kapoor,Female,37,Pune,Maharashtra,Premium,2024-07-11
15680,Aman Mehta,Male,33,Patiala,Punjab,Regular,2023-11-20
15681,Karan Bansal,Male,28,Saket,Delhi,New,2025-05-03
15682,Kavya Verma,Male,46,Kota,Rajasthan,Premium,2023-10-25
15683,Rohan Kapoor,Female,20,Howrah,West Bengal,Regular,2023-01-23
15684,Kavya Kumar,Female,53,Saket,Delhi,Premium,2025-08-15
15685,Ananya Kapoor,Male,32,Mohali,Punjab,Regular,2025-11-09
15686,Neha Yadav,Female,20,Vadodara,Gujarat,Premium,2025-10-24
15687,Rahul Yadav,Female,38,Udaipur,Rajasthan,Premium,2025-06-09
15688,Neha Gupta,Male,36,Howrah,West Bengal,Premium,2023-04-16
15689,Rohan Kapoor,Female,32,Mohali,Punjab,New,2025-03-08
15690,Isha Mehta,Male,28,Thane,Maharashtra,Premium,2023-09-06
15691,Diya Kapoor,Female,47,Karol Bagh,Delhi,Regular,2025-04-06
15692,Isha Yadav,Female,39,Jalandhar,Punjab,New,2023-03-11
15693,Aarav Kumar,Female,29,Nashik,Maharashtra,Premium,2024-03-17
15694,Diya Sharma,Male,38,Thane,Maharashtra,Regular,2023-10-08
15695,Rohan Sharma,Male,26,Gandhinagar,Gujarat,New,2025-11-21
15696,Riya Singh,Female,44,Agra,Uttar Pradesh,Premium,2023-03-15
15697,Kavya Sharma,Female,55,Kanpur,Uttar Pradesh,Regular,2024-01-30
15698,Arjun Gupta,Female,45,Varanasi,Uttar Pradesh,Premium,2025-12-13
15699,Vikas Bansal,Female,27,Siliguri,West Bengal,Premium,2024-07-15
15700,Diya Kumar,Female,24,Noida,Uttar Pradesh,New,2025-01-10
15701,Yash Sharma,Female,35,Noida,Uttar Pradesh,Regular,2024-12-27
15702,Ananya Agarwal,Male,18,Noida,Uttar Pradesh,Regular,2025-09-08
15703,Rahul Mehta,Male,43,Nagpur,Maharashtra,Regular,2024-10-17
15704,Sneha Gupta,Male,41,Karol Bagh,Delhi,New,2023-02-07
15705,Ananya Sharma,Female,32,Kolkata,West Bengal,Regular,2025-02-18
15706,Neha Gupta,Male,31,New Delhi,Delhi,Premium,2024-02-03
15707,Neha Mehta,Male,33,Howrah,West Bengal,VIP,2023-09-18
15708,Riya Agarwal,Male,50,Mohali,Punjab,Regular,2024-10-02
15709,Rahul Kumar,Female,30,Thane,Maharashtra,New,2023-09-19
15710,Rohan Kapoor,Male,22,Howrah,West Bengal,Regular,2024-08-20
15711,Diya Arora,Male,26,Mohali,Punjab,New,2024-04-10
15712,Neha Yadav,Male,44,Siliguri,West Bengal,Regular,2023-01-17
15713,Neha Sharma,Male,24,Kanpur,Uttar Pradesh,Premium,2024-12-17
15714,Ananya Agarwal,Male,46,Howrah,West Bengal,Regular,2025-01-04
15715,Karan Yadav,Male,32,Mumbai,Maharashtra,Regular,2024-08-01
15716,Rahul Arora,Male,18,Varanasi,Uttar Pradesh,Regular,2023-08-16
15717,Arjun Gupta,Female,41,Amritsar,Punjab,New,2023-01-21
15718,Aditya Chopra,Female,31,Lucknow,Uttar Pradesh,Regular,2025-05-07
15719,Riya Mishra,Male,38,Gurugram,Haryana,Premium,2024-10-06
15720,Kavya Arora,Female,28,Amritsar,Punjab,Regular,2025-01-14
15721,Neha Kumar,Female,46,Mohali,Punjab,Regular,2023-03-28
15722,Rahul Kumar,Female,38,Varanasi,Uttar Pradesh,New,2023-06-02
15723,Kavya Bansal,Male,56,Surat,Gujarat,Premium,2023-12-02
15724,Aditi Gupta,Male,41,Mohali,Punjab,Regular,2025-08-26
15725,Arjun Mehta,Female,32,Mohali,Punjab,Regular,2024-03-30
15726,Rahul Arora,Male,25,Mumbai,Maharashtra,New,2024-12-31
15727,Karan Agarwal,Male,20,Saket,Delhi,New,2025-07-03
15728,Kavya Agarwal,Male,33,Ambala,Haryana,VIP,2024-07-11
15729,Ananya Mehta,Female,33,Mohali,Punjab,Regular,2024-11-28
15730,Rahul Gupta,Male,50,Durgapur,West Bengal,Premium,2025-09-11
15731,Aditi Saini,Male,30,Rajkot,Gujarat,VIP,2024-12-15
15732,Riya Kapoor,Female,44,Agra,Uttar Pradesh,Regular,2024-05-22
15733,Riya Saini,Female,33,Nashik,Maharashtra,Premium,2024-09-16
15734,Aditi Saini,Male,53,Udaipur,Rajasthan,Premium,2023-08-04
15735,Diya Mishra,Male,18,Mumbai,Maharashtra,Regular,2024-05-10
15736,Ananya Saini,Female,48,Mumbai,Maharashtra,Premium,2023-09-26
15737,Yash Saini,Male,29,Nagpur,Maharashtra,New,2024-08-17
15738,Arjun Verma,Female,43,Saket,Delhi,Regular,2023-09-28
15739,Arjun Agarwal,Female,50,Faridabad,Haryana,New,2024-08-28
15740,Rohan Sharma,Male,30,Ajmer,Rajasthan,Premium,2025-01-07
15741,Diya Chopra,Male,23,Siliguri,West Bengal,New,2024-05-23
15742,Karan Yadav,Male,22,Pune,Maharashtra,VIP,2024-02-18
15743,Riya Kapoor,Female,25,Vadodara,Gujarat,New,2025-05-27
15744,Kavya Chopra,Male,18,Kolkata,West Bengal,Premium,2025-12-07
15745,Vivaan Mishra,Male,32,Patiala,Punjab,Premium,2023-08-11
15746,Diya Yadav,Male,40,Nagpur,Maharashtra,VIP,2023-10-06
15747,Rahul Sharma,Male,36,Pune,Maharashtra,Regular,2023-09-02
15748,Neha Gupta,Female,30,Siliguri,West Bengal,Regular,2025-12-26
15749,Rohan Singh,Male,25,Siliguri,West Bengal,Premium,2023-08-19
15750,Riya Chopra,Female,28,Nashik,Maharashtra,VIP,2024-04-11
15751,Kavya Sharma,Male,37,Saket,Delhi,New,2024-10-23
15752,Rahul Yadav,Male,42,Rajkot,Gujarat,Regular,2025-07-15
15753,Neha Verma,Female,19,Mohali,Punjab,Regular,2024-02-02
15754,Kavya Arora,Female,36,Ahmedabad,Gujarat,Premium,2023-07-31
15755,Aman Chopra,Female,37,Siliguri,West Bengal,Premium,2023-08-15
15756,Aman Saini,Male,25,Lucknow,Uttar Pradesh,Premium,2025-06-22
15757,Diya Arora,Male,39,Thane,Maharashtra,Regular,2025-06-18
15758,Sneha Verma,Female,43,Lucknow,Uttar Pradesh,New,2025-01-30
15759,Aditi Mehta,Female,28,Lucknow,Uttar Pradesh,Regular,2025-01-25
15760,Vikas Sharma,Female,25,Agra,Uttar Pradesh,Premium,2023-10-23
15761,Aditya Sharma,Female,56,Rajkot,Gujarat,Premium,2024-09-21
15762,Rahul Agarwal,Male,42,Kolkata,West Bengal,Regular,2024-03-16
15763,Aditya Chopra,Female,36,Siliguri,West Bengal,Regular,2025-04-12
15764,Neha Mehta,Female,27,Jalandhar,Punjab,New,2023-07-13
15765,Rohan Singh,Male,26,Siliguri,West Bengal,Premium,2023-04-13
15766,Riya Mehta,Male,40,Surat,Gujarat,Regular,2023-09-09
15767,Aditya Agarwal,Female,26,New Delhi,Delhi,Premium,2024-09-17
15768,Neha Bansal,Male,25,Gurugram,Haryana,New,2024-01-23
15769,Aditya Saini,Female,33,Dwarka,Delhi,New,2023-05-19
15770,Vikas Gupta,Female,40,Durgapur,West Bengal,VIP,2023-12-14
15771,Neha Kapoor,Female,52,Nashik,Maharashtra,Premium,2024-09-18
15772,Sneha Gupta,Female,36,Nashik,Maharashtra,Regular,2025-11-18
15773,Riya Gupta,Male,26,Rohini,Delhi,Regular,2025-10-31
15774,Vikas Verma,Male,31,Pune,Maharashtra,VIP,2024-05-20
15775,Aditi Yadav,Female,47,Gurugram,Haryana,Regular,2025-04-11
15776,Kavya Saini,Male,46,Kanpur,Uttar Pradesh,Premium,2024-12-30
15777,Neha Mishra,Male,46,Nashik,Maharashtra,New,2025-02-28
15778,Sneha Mishra,Female,44,Jalandhar,Punjab,Premium,2024-11-19
15779,Diya Kapoor,Male,53,Gandhinagar,Gujarat,Regular,2025-10-07
15780,Vikas Verma,Male,36,Karol Bagh,Delhi,Regular,2023-12-06
15781,Vikas Kapoor,Male,42,Nashik,Maharashtra,Premium,2025-04-02
15782,Rohan Verma,Female,26,Lucknow,Uttar Pradesh,New,2025-03-14
15783,Aman Saini,Male,36,Pune,Maharashtra,Regular,2025-05-19
15784,Aman Singh,Male,37,Patiala,Punjab,Regular,2024-12-20
15785,Arjun Arora,Female,42,Panipat,Haryana,Regular,2023-07-17
15786,Karan Bansal,Male,28,Kolkata,West Bengal,New,2024-11-01
15787,Riya Verma,Male,18,Karol Bagh,Delhi,Regular,2025-10-08
15788,Vikas Singh,Female,28,Ahmedabad,Gujarat,Regular,2023-10-05
15789,Rahul Saini,Male,45,Kolkata,West Bengal,Regular,2023-02-26
15790,Aditi Gupta,Male,32,New Delhi,Delhi,Premium,2024-07-01
15791,Vivaan Mishra,Female,39,Saket,Delhi,New,2023-10-07
15792,Diya Gupta,Male,28,Mumbai,Maharashtra,Regular,2025-04-28
15793,Rohan Saini,Female,44,Durgapur,West Bengal,Regular,2025-11-25
15794,Diya Sharma,Female,33,Siliguri,West Bengal,Regular,2025-10-02
15795,Rohan Verma,Male,33,Kota,Rajasthan,Premium,2024-06-25
15796,Arjun Mehta,Female,47,Vadodara,Gujarat,Regular,2024-07-28
15797,Yash Chopra,Male,50,Jalandhar,Punjab,Regular,2023-10-31
15798,Aman Mishra,Male,47,Asansol,West Bengal,Regular,2025-07-02
15799,Ananya Yadav,Female,31,Asansol,West Bengal,Regular,2024-08-19
15800,Vivaan Arora,Male,28,Jalandhar,Punjab,Premium,2024-05-08
15801,Yash Singh,Female,25,Varanasi,Uttar Pradesh,Premium,2023-01-28
15802,Aditi Saini,Male,19,Panipat,Haryana,Regular,2025-04-26
15803,Yash Bansal,Male,25,Dwarka,Delhi,Regular,2023-01-02
15804,Vikas Kumar,Female,26,Gandhinagar,Gujarat,New,2024-03-17
15805,Rohan Chopra,Male,21,Noida,Uttar Pradesh,Premium,2024-02-02
15806,Karan Sharma,Female,19,Gurugram,Haryana,Regular,2025-05-22
15807,Yash Kumar,Female,21,Lucknow,Uttar Pradesh,New,2025-07-19
15808,Rahul Saini,Female,33,Asansol,West Bengal,VIP,2024-03-21
15809,Riya Arora,Male,38,Thane,Maharashtra,Regular,2023-03-27
15810,Rohan Gupta,Female,38,Lucknow,Uttar Pradesh,Regular,2024-09-08
15811,Karan Kapoor,Female,29,Amritsar,Punjab,Premium,2023-07-14
15812,Sneha Singh,Female,31,Kolkata,West Bengal,Premium,2025-10-27
15813,Sneha Saini,Female,38,Gandhinagar,Gujarat,Regular,2023-06-03
15814,Arjun Saini,Female,36,Karol Bagh,Delhi,Regular,2025-05-19
15815,Aman Verma,Female,40,Faridabad,Haryana,Premium,2023-05-31
15816,Arjun Singh,Female,24,Karnal,Haryana,New,2025-09-23
15817,Aman Sharma,Female,51,Amritsar,Punjab,Premium,2024-08-13
15818,Sneha Verma,Male,40,Pune,Maharashtra,Premium,2023-08-03
15819,Diya Gupta,Male,41,Durgapur,West Bengal,Regular,2023-09-21
15820,Diya Bansal,Female,23,Jaipur,Rajasthan,Regular,2023-12-25
15821,Rohan Singh,Female,23,Gandhinagar,Gujarat,New,2025-11-24
15822,Isha Verma,Female,27,Lucknow,Uttar Pradesh,Regular,2023-04-19
15823,Diya Agarwal,Female,41,Thane,Maharashtra,Premium,2025-04-10
15824,Meera Kapoor,Female,22,Gandhinagar,Gujarat,Premium,2023-12-02
15825,Karan Yadav,Male,38,Ludhiana,Punjab,Regular,2025-09-10
15826,Rahul Arora,Male,49,Lucknow,Uttar Pradesh,VIP,2024-09-13
15827,Yash Chopra,Male,27,Mumbai,Maharashtra,VIP,2023-09-20
15828,Rohan Saini,Male,25,Ambala,Haryana,Regular,2024-06-05
15829,Arjun Saini,Female,27,Lucknow,Uttar Pradesh,Regular,2024-09-06
15830,Kavya Mishra,Female,32,Udaipur,Rajasthan,Regular,2023-04-28
15831,Rahul Mishra,Male,44,Kolkata,West Bengal,Premium,2025-02-25
15832,Isha Kumar,Male,44,Jaipur,Rajasthan,Regular,2024-02-16
15833,Neha Bansal,Male,42,Gandhinagar,Gujarat,Regular,2023-10-26
15834,Yash Mishra,Male,18,Varanasi,Uttar Pradesh,Premium,2024-05-12
15835,Isha Kumar,Male,32,Surat,Gujarat,Premium,2024-02-28
15836,Diya Bansal,Male,25,Pune,Maharashtra,VIP,2023-09-01
15837,Aarav Verma,Male,38,Howrah,West Bengal,Regular,2023-04-09
15838,Aditi Chopra,Female,43,Agra,Uttar Pradesh,VIP,2024-08-03
15839,Yash Singh,Male,29,Nagpur,Maharashtra,Regular,2025-02-23
15840,Vikas Yadav,Female,53,Thane,Maharashtra,Premium,2023-07-02
15841,Riya Mishra,Female,25,Kanpur,Uttar Pradesh,Regular,2024-10-16
15842,Aditi Agarwal,Male,39,Jalandhar,Punjab,Premium,2024-03-16
15843,Yash Arora,Female,55,Karnal,Haryana,VIP,2024-01-22
15844,Ananya Agarwal,Female,43,Karnal,Haryana,Regular,2023-05-02
15845,Arjun Arora,Male,40,Howrah,West Bengal,Premium,2023-08-18
15846,Rahul Singh,Male,32,Rohini,Delhi,VIP,2024-07-24
15847,Aditya Chopra,Female,40,Saket,Delhi,Regular,2024-05-28
15848,Aditya Sharma,Male,28,Gandhinagar,Gujarat,Regular,2025-06-20
15849,Sneha Mishra,Male,45,Lucknow,Uttar Pradesh,Premium,2023-11-25
15850,Rohan Arora,Male,27,Jaipur,Rajasthan,Premium,2024-07-24
15851,Diya Mehta,Male,32,Mohali,Punjab,Premium,2023-03-06
15852,Vivaan Arora,Female,26,Asansol,West Bengal,Regular,2024-10-20
15853,Arjun Saini,Female,31,Ahmedabad,Gujarat,Premium,2025-06-18
15854,Rohan Saini,Female,29,Kolkata,West Bengal,New,2023-01-31
15855,Isha Arora,Male,18,Kanpur,Uttar Pradesh,Regular,2023-12-26
15856,Rohan Mehta,Female,34,Rajkot,Gujarat,Premium,2024-04-23
15857,Riya Kapoor,Female,29,Mohali,Punjab,Regular,2025-09-11
15858,Meera Agarwal,Female,21,Gurugram,Haryana,Regular,2023-11-09
15859,Ananya Kapoor,Male,27,Gurugram,Haryana,VIP,2023-01-07
15860,Karan Yadav,Male,38,Thane,Maharashtra,Regular,2024-02-03
15861,Arjun Agarwal,Female,18,Ajmer,Rajasthan,Regular,2024-02-24
15862,Ananya Chopra,Male,32,Udaipur,Rajasthan,Regular,2025-03-21
15863,Diya Verma,Female,45,Faridabad,Haryana,Regular,2024-03-08
15864,Ananya Mishra,Female,30,Varanasi,Uttar Pradesh,VIP,2023-12-29
15865,Ananya Bansal,Male,49,Mumbai,Maharashtra,Premium,2025-08-12
15866,Meera Kumar,Female,45,Lucknow,Uttar Pradesh,Regular,2024-03-17
15867,Diya Gupta,Male,38,Rajkot,Gujarat,Regular,2023-08-13
15868,Meera Gupta,Female,34,New Delhi,Delhi,Premium,2023-06-03
15869,Aditi Yadav,Other,34,Ahmedabad,Gujarat,Regular,2024-10-13
15870,Ananya Kumar,Female,39,Nashik,Maharashtra,Regular,2025-07-02
15871,Kavya Saini,Female,54,Dwarka,Delhi,Regular,2023-01-13
15872,Neha Saini,Female,39,New Delhi,Delhi,Regular,2023-03-24
15873,Yash Mishra,Female,49,Nagpur,Maharashtra,VIP,2023-04-24
15874,Karan Gupta,Female,22,Rajkot,Gujarat,Premium,2023-02-25
15875,Diya Bansal,Male,29,Agra,Uttar Pradesh,Regular,2023-03-08
15876,Yash Sharma,Male,34,Karol Bagh,Delhi,Regular,2023-01-31
15877,Neha Arora,Female,47,Siliguri,West Bengal,New,2025-02-17
15878,Ananya Sharma,Male,18,Nagpur,Maharashtra,Regular,2024-02-07
15879,Sneha Gupta,Female,64,Kanpur,Uttar Pradesh,Regular,2024-08-23
15880,Rohan Agarwal,Male,34,Ajmer,Rajasthan,Regular,2024-12-04
15881,Vivaan Gupta,Male,46,New Delhi,Delhi,Premium,2024-06-05
15882,Meera Mishra,Male,34,Mumbai,Maharashtra,VIP,2024-09-12
15883,Rahul Mishra,Female,26,Kanpur,Uttar Pradesh,Regular,2023-02-12
15884,Aditi Gupta,Female,51,Siliguri,West Bengal,Regular,2024-01-10
15885,Rahul Yadav,Male,32,Jaipur,Rajasthan,Premium,2025-04-23
15886,Isha Mishra,Female,27,Kota,Rajasthan,Regular,2024-10-29
15887,Isha Agarwal,Female,38,Thane,Maharashtra,Regular,2024-01-20
15888,Riya Verma,Female,40,Siliguri,West Bengal,Regular,2024-08-08
15889,Karan Bansal,Female,37,Ahmedabad,Gujarat,Regular,2025-04-24
15890,Riya Singh,Male,38,Kanpur,Uttar Pradesh,New,2023-02-14
15891,Meera Chopra,Female,38,Thane,Maharashtra,VIP,2024-04-19
15892,Vivaan Gupta,Male,46,Mumbai,Maharashtra,Regular,2024-03-30
15893,Vikas Arora,Male,35,Jodhpur,Rajasthan,New,2023-02-10
15894,Rahul Saini,Male,28,Ludhiana,Punjab,New,2023-11-06
15895,Isha Arora,Male,41,Ajmer,Rajasthan,Regular,2023-01-18
15896,Yash Kumar,Female,18,Saket,Delhi,Regular,2024-08-25
15897,Sneha Sharma,Male,40,Howrah,West Bengal,Premium,2025-08-29
15898,Kavya Sharma,Female,49,Kanpur,Uttar Pradesh,Regular,2023-11-18
15899,Sneha Mishra,Female,42,Howrah,West Bengal,VIP,2023-05-08
15900,Vikas Saini,Female,18,Ajmer,Rajasthan,Premium,2024-06-10
15901,Aditya Sharma,Female,48,Nagpur,Maharashtra,Premium,2025-03-12
15902,Kavya Kumar,Other,28,Jaipur,Rajasthan,Regular,2024-07-16
15903,Vikas Bansal,Male,36,Amritsar,Punjab,Regular,2023-10-20
15904,Isha Yadav,Female,47,Noida,Uttar Pradesh,Regular,2024-06-13
15905,Yash Singh,Male,28,Ambala,Haryana,Regular,2025-11-04
15906,Ananya Kumar,Female,35,Nagpur,Maharashtra,Regular,2023-03-16
15907,Kavya Kumar,Male,21,Noida,Uttar Pradesh,VIP,2024-10-20
15908,Neha Saini,Female,32,Vadodara,Gujarat,Premium,2023-09-15
15909,Ananya Mehta,Male,22,Saket,Delhi,Regular,2025-10-27
15910,Aarav Mehta,Male,39,Amritsar,Punjab,Premium,2025-04-25
15911,Yash Mishra,Female,19,Varanasi,Uttar Pradesh,Regular,2023-03-01
15912,Rahul Mehta,Female,33,Kolkata,West Bengal,New,2024-12-08
15913,Aman Kumar,Male,28,Pune,Maharashtra,Regular,2024-03-13
15914,Aarav Bansal,Female,27,Varanasi,Uttar Pradesh,New,2023-03-13
15915,Rohan Singh,Male,45,Ajmer,Rajasthan,New,2024-09-29
15916,Karan Kumar,Female,23,Faridabad,Haryana,New,2025-06-08
15917,Aditi Verma,Female,29,Durgapur,West Bengal,Regular,2025-08-23
15918,Arjun Arora,Male,36,Nagpur,Maharashtra,Regular,2024-11-25
15919,Vivaan Arora,Male,40,Lucknow,Uttar Pradesh,New,2024-01-02
15920,Rohan Singh,Male,18,Nashik,Maharashtra,Regular,2025-06-28
15921,Sneha Singh,Male,32,Mohali,Punjab,Regular,2024-08-15
15922,Vikas Gupta,Female,42,Howrah,West Bengal,Regular,2025-10-11
15923,Sneha Mishra,Female,51,Patiala,Punjab,New,2023-03-27
15924,Neha Kapoor,Female,34,Pune,Maharashtra,Regular,2025-07-05
15925,Diya Singh,Male,20,Rohini,Delhi,New,2023-06-23
15926,Yash Verma,Female,34,Nashik,Maharashtra,Regular,2025-01-06
15927,Aarav Kapoor,Male,29,Ahmedabad,Gujarat,Premium,2023-01-17
15928,Riya Yadav,Female,37,Nashik,Maharashtra,Regular,2023-03-08
15929,Vikas Gupta,Male,52,Mumbai,Maharashtra,Regular,2023-12-04
15930,Vivaan Singh,Other,22,Kolkata,West Bengal,New,2023-01-07
15931,Neha Yadav,Male,45,Faridabad,Haryana,Regular,2024-10-25
15932,Neha Kumar,Female,43,Varanasi,Uttar Pradesh,VIP,2023-05-06
15933,Aman Kumar,Male,41,New Delhi,Delhi,Regular,2023-02-25
15934,Vikas Bansal,Female,37,Howrah,West Bengal,Regular,2024-05-17
15935,Neha Sharma,Female,55,Agra,Uttar Pradesh,Regular,2025-01-27
15936,Kavya Mehta,Female,47,Surat,Gujarat,New,2024-12-11
15937,Sneha Kumar,Female,28,Pune,Maharashtra,VIP,2023-02-14
15938,Vikas Arora,Male,34,New Delhi,Delhi,Regular,2023-02-22
15939,Neha Agarwal,Male,23,Karol Bagh,Delhi,New,2023-02-18
15940,Yash Agarwal,Female,48,New Delhi,Delhi,Regular,2025-01-15
15941,Sneha Singh,Male,34,Noida,Uttar Pradesh,Regular,2024-09-18
15942,Sneha Sharma,Female,18,Dwarka,Delhi,Regular,2025-11-01
15943,Vivaan Agarwal,Female,18,Panipat,Haryana,Premium,2023-08-02
15944,Diya Kapoor,Male,28,Asansol,West Bengal,Regular,2023-11-19
15945,Meera Mehta,Female,26,Howrah,West Bengal,Regular,2023-11-06
15946,Karan Verma,Female,30,Varanasi,Uttar Pradesh,Regular,2023-01-07
15947,Rahul Verma,Female,32,Agra,Uttar Pradesh,Premium,2023-08-22
15948,Isha Kapoor,Female,47,Gurugram,Haryana,Regular,2024-08-30
15949,Vikas Yadav,Male,48,Pune,Maharashtra,New,2025-03-06
15950,Aarav Bansal,Female,56,Vadodara,Gujarat,Regular,2024-03-06
15951,Vikas Bansal,Male,51,Jalandhar,Punjab,Regular,2023-10-07
15952,Rohan Mishra,Female,40,Amritsar,Punjab,Premium,2024-01-29
15953,Sneha Singh,Male,20,Vadodara,Gujarat,Regular,2023-08-24
15954,Aditi Bansal,Male,42,Mumbai,Maharashtra,Regular,2024-01-05
15955,Riya Singh,Female,18,Faridabad,Haryana,VIP,2024-12-15
15956,Arjun Verma,Male,37,Thane,Maharashtra,Regular,2024-03-11
15957,Isha Singh,Other,19,Lucknow,Uttar Pradesh,Premium,2023-09-29
15958,Neha Arora,Male,53,Noida,Uttar Pradesh,Regular,2024-11-18
15959,Meera Kapoor,Male,38,Gandhinagar,Gujarat,Regular,2024-01-13
15960,Aman Verma,Male,32,Gandhinagar,Gujarat,Regular,2023-01-15
15961,Sneha Verma,Male,29,Varanasi,Uttar Pradesh,Premium,2025-12-23
15962,Neha Sharma,Female,34,Durgapur,West Bengal,Regular,2025-06-17
15963,Isha Mehta,Female,27,Kanpur,Uttar Pradesh,Regular,2024-06-06
15964,Aditi Saini,Male,31,Vadodara,Gujarat,Regular,2023-02-10
15965,Aditi Mehta,Male,18,Jodhpur,Rajasthan,Regular,2024-11-17
15966,Ananya Mehta,Male,25,Kolkata,West Bengal,Regular,2024-12-08
15967,Aditya Agarwal,Male,22,Durgapur,West Bengal,New,2025-07-29
15968,Karan Sharma,Female,39,Panipat,Haryana,New,2023-08-15
15969,Aditya Sharma,Female,34,Asansol,West Bengal,Regular,2024-07-03
15970,Kavya Verma,Female,43,Ahmedabad,Gujarat,Regular,2025-08-09
15971,Rohan Gupta,Female,30,Vadodara,Gujarat,New,2024-12-12
15972,Vikas Kapoor,Female,35,Karol Bagh,Delhi,New,2023-03-30
15973,Neha Chopra,Male,18,Ahmedabad,Gujarat,New,2023-02-04
15974,Aman Gupta,Male,43,Gandhinagar,Gujarat,Regular,2025-08-27
15975,Aarav Verma,Female,47,Noida,Uttar Pradesh,Regular,2025-10-16
15976,Aarav Bansal,Female,41,Howrah,West Bengal,Regular,2023-01-16
15977,Riya Verma,Male,25,Karnal,Haryana,Premium,2023-02-14
15978,Neha Mehta,Female,40,Jalandhar,Punjab,Regular,2025-01-16
15979,Rahul Agarwal,Other,36,Ajmer,Rajasthan,New,2023-12-02
15980,Neha Agarwal,Female,18,Thane,Maharashtra,VIP,2024-04-16
15981,Kavya Mishra,Male,46,Thane,Maharashtra,Regular,2025-06-12
15982,Rohan Bansal,Female,23,Panipat,Haryana,New,2023-11-02
15983,Neha Mishra,Other,40,Siliguri,West Bengal,Premium,2024-07-25
15984,Rohan Arora,Male,34,Gurugram,Haryana,Regular,2023-04-19
15985,Riya Chopra,Female,47,Patiala,Punjab,VIP,2025-03-17
15986,Kavya Singh,Female,25,Panipat,Haryana,New,2024-01-29
15987,Ananya Bansal,Male,29,Mumbai,Maharashtra,Premium,2025-01-20
15988,Meera Saini,Female,41,Durgapur,West Bengal,Regular,2023-12-05
15989,Vivaan Bansal,Male,28,Nashik,Maharashtra,VIP,2025-04-13
15990,Vikas Kapoor,Female,48,Ahmedabad,Gujarat,Regular,2024-10-14
15991,Rohan Saini,Female,26,Ambala,Haryana,Regular,2023-11-30
15992,Ananya Bansal,Male,40,Udaipur,Rajasthan,Premium,2024-09-21
15993,Ananya Kumar,Male,34,Jaipur,Rajasthan,Regular,2023-10-22
15994,Yash Sharma,Female,27,Kota,Rajasthan,Premium,2025-07-21
15995,Aman Saini,Female,47,Gurugram,Haryana,Regular,2025-03-14
15996,Vikas Gupta,Male,23,Mumbai,Maharashtra,Premium,2023-01-29
15997,Meera Mishra,Female,39,Jodhpur,Rajasthan,Regular,2025-11-30
15998,Rohan Verma,Male,18,Gandhinagar,Gujarat,VIP,2024-02-04
15999,Yash Singh,Male,37,Kota,Rajasthan,Regular,2023-04-08
16000,Sneha Agarwal,Female,46,Patiala,Punjab,New,2025-07-15
16001,Rahul Yadav,Female,33,Pune,Maharashtra,New,2025-10-05
16002,Rahul Saini,Female,36,Patiala,Punjab,Premium,2024-07-25
16003,Riya Agarwal,Male,51,Kolkata,West Bengal,Premium,2023-05-19
16004,Rahul Singh,Male,45,Mumbai,Maharashtra,Premium,2025-06-13
16005,Aditi Kumar,Female,18,Ludhiana,Punjab,Regular,2024-03-24
16006,Vikas Chopra,Male,29,Asansol,West Bengal,Regular,2023-08-16
16007,Karan Kumar,Male,31,Kota,Rajasthan,Regular,2025-03-11
16008,Vivaan Chopra,Female,37,Faridabad,Haryana,Regular,2023-09-23
16009,Rohan Chopra,Female,33,Mumbai,Maharashtra,Regular,2023-10-28
16010,Aditya Mishra,Male,29,Dwarka,Delhi,Regular,2023-04-26
16011,Meera Verma,Male,28,Surat,Gujarat,Regular,2025-02-14
16012,Aditya Singh,Female,20,Rajkot,Gujarat,Regular,2024-12-24
16013,Neha Agarwal,Other,24,Howrah,West Bengal,Regular,2025-01-13
16014,Riya Mehta,Male,42,Jodhpur,Rajasthan,Regular,2025-10-11
16015,Rohan Kapoor,Female,24,Kota,Rajasthan,Premium,2024-08-05
16016,Ananya Kapoor,Male,26,Ahmedabad,Gujarat,Premium,2023-01-08
16017,Aditya Bansal,Female,19,Mohali,Punjab,Premium,2024-03-03
16018,Rahul Kapoor,Male,38,Nashik,Maharashtra,New,2025-09-07
16019,Vivaan Yadav,Female,44,Nashik,Maharashtra,Premium,2025-12-25
16020,Meera Chopra,Female,46,Karnal,Haryana,Regular,2023-05-22
16021,Meera Gupta,Female,30,Kanpur,Uttar Pradesh,VIP,2023-11-13
16022,Aditya Yadav,Female,33,Rajkot,Gujarat,VIP,2023-06-19
16023,Arjun Sharma,Male,34,Surat,Gujarat,Regular,2023-05-10
16024,Vikas Arora,Female,30,Panipat,Haryana,Premium,2025-06-08
16025,Riya Arora,Male,37,Panipat,Haryana,Regular,2023-09-22
16026,Rohan Singh,Male,45,Karol Bagh,Delhi,Regular,2024-01-17
16027,Diya Singh,Male,44,Asansol,West Bengal,New,2023-01-03
16028,Arjun Agarwal,Male,32,Patiala,Punjab,Regular,2023-05-24
16029,Riya Mehta,Male,29,Nashik,Maharashtra,Premium,2024-06-07
16030,Rohan Yadav,Female,22,Faridabad,Haryana,VIP,2024-06-14
16031,Ananya Agarwal,Female,18,Thane,Maharashtra,Regular,2023-08-01
16032,Ananya Bansal,Female,39,Agra,Uttar Pradesh,Premium,2024-12-06
16033,Aman Mehta,Female,34,Ahmedabad,Gujarat,Premium,2025-05-11
16034,Ananya Bansal,Male,34,Rohini,Delhi,Regular,2025-08-28
16035,Rohan Chopra,Male,58,Pune,Maharashtra,New,2024-04-16
16036,Sneha Mehta,Female,50,Dwarka,Delhi,Premium,2023-11-09
16037,Arjun Arora,Male,34,Mumbai,Maharashtra,Regular,2023-08-20
16038,Aman Mehta,Male,36,Howrah,West Bengal,Premium,2024-12-16
16039,Ananya Kapoor,Male,23,Mohali,Punjab,Premium,2023-10-25
16040,Neha Bansal,Male,40,Howrah,West Bengal,New,2024-06-12
16041,Rahul Arora,Female,36,Nashik,Maharashtra,New,2025-11-16
16042,Riya Gupta,Male,25,Amritsar,Punjab,Regular,2023-09-30
16043,Neha Verma,Female,36,Lucknow,Uttar Pradesh,Regular,2023-10-27
16044,Aditya Sharma,Male,44,Mohali,Punjab,Premium,2024-09-26
16045,Aarav Kapoor,Female,55,Pune,Maharashtra,Regular,2025-04-15
16046,Aman Yadav,Female,19,Rajkot,Gujarat,New,2023-06-27
16047,Vikas Mehta,Female,23,Ludhiana,Punjab,Regular,2024-03-09
16048,Aditi Agarwal,Male,33,Ajmer,Rajasthan,Regular,2025-08-19
16049,Aditi Bansal,Male,36,Ahmedabad,Gujarat,Regular,2023-05-08
16050,Karan Singh,Female,51,Howrah,West Bengal,New,2023-11-17
16051,Aditi Singh,Male,46,Ajmer,Rajasthan,Regular,2024-04-02
16052,Vikas Mishra,Male,18,Kolkata,West Bengal,Regular,2024-05-04
16053,Meera Yadav,Female,30,Ajmer,Rajasthan,Premium,2023-09-26
16054,Aditi Verma,Female,19,Agra,Uttar Pradesh,Premium,2025-04-08
16055,Vikas Verma,Female,21,Gandhinagar,Gujarat,Regular,2023-01-11
16056,Ananya Mishra,Other,40,Kota,Rajasthan,Regular,2024-03-13
16057,Diya Chopra,Female,35,Ajmer,Rajasthan,Regular,2025-09-06
16058,Aditya Gupta,Female,51,Ajmer,Rajasthan,Regular,2023-04-03
16059,Karan Gupta,Male,20,Surat,Gujarat,Regular,2023-11-21
16060,Yash Saini,Female,34,Rajkot,Gujarat,New,2023-03-22
16061,Vikas Singh,Female,29,Kanpur,Uttar Pradesh,New,2025-06-02
16062,Riya Mishra,Male,50,Varanasi,Uttar Pradesh,New,2023-10-11
16063,Rohan Kapoor,Male,25,Jaipur,Rajasthan,Regular,2024-03-28
16064,Vikas Kapoor,Male,36,Pune,Maharashtra,Regular,2025-12-13
16065,Vikas Singh,Female,20,Dwarka,Delhi,New,2024-05-30
16066,Aarav Mehta,Female,48,Gandhinagar,Gujarat,Regular,2024-12-17
16067,Rohan Saini,Male,52,Jodhpur,Rajasthan,Premium,2025-12-18
16068,Arjun Verma,Male,27,Lucknow,Uttar Pradesh,New,2024-03-29
16069,Aditi Bansal,Other,26,Patiala,Punjab,Premium,2025-10-05
16070,Diya Verma,Female,37,Karol Bagh,Delhi,Regular,2024-12-16
16071,Yash Mehta,Male,26,Asansol,West Bengal,Regular,2023-09-13
16072,Karan Verma,Male,45,Kanpur,Uttar Pradesh,VIP,2023-12-24
16073,Aditya Kapoor,Male,39,Patiala,Punjab,New,2025-01-01
16074,Isha Chopra,Male,47,Kota,Rajasthan,Regular,2025-09-17
16075,Arjun Bansal,Female,23,Kanpur,Uttar Pradesh,New,2023-11-08
16076,Aman Gupta,Female,20,Karnal,Haryana,Regular,2023-05-03
16077,Aditi Sharma,Male,38,Agra,Uttar Pradesh,New,2025-09-28
16078,Isha Singh,Female,51,Jaipur,Rajasthan,Premium,2025-05-23
16079,Riya Chopra,Male,25,Mumbai,Maharashtra,Regular,2025-01-13
16080,Aman Singh,Female,39,Varanasi,Uttar Pradesh,VIP,2025-09-06
16081,Yash Arora,Male,27,Varanasi,Uttar Pradesh,Premium,2024-01-03
16082,Karan Kapoor,Male,45,Siliguri,West Bengal,Premium,2023-05-28
16083,Aman Arora,Male,25,Varanasi,Uttar Pradesh,Regular,2023-04-11
16084,Aditi Kumar,Male,37,Saket,Delhi,Regular,2024-05-02
16085,Sneha Sharma,Male,45,Saket,Delhi,Regular,2024-03-07
16086,Ananya Saini,Male,21,Jaipur,Rajasthan,Premium,2025-01-19
16087,Arjun Kapoor,Female,40,Rajkot,Gujarat,Regular,2023-05-23
16088,Aditi Bansal,Male,30,Karol Bagh,Delhi,VIP,2023-11-11
16089,Vivaan Kumar,Male,42,Thane,Maharashtra,New,2024-08-27
16090,Aarav Agarwal,Female,38,Ambala,Haryana,Premium,2024-08-10
16091,Neha Kapoor,Male,30,Kanpur,Uttar Pradesh,Regular,2024-10-19
16092,Karan Mehta,Female,33,Rajkot,Gujarat,Regular,2025-06-14
16093,Sneha Agarwal,Male,18,Lucknow,Uttar Pradesh,VIP,2025-05-28
16094,Diya Agarwal,Male,43,Nashik,Maharashtra,Premium,2025-02-26
16095,Sneha Yadav,Male,53,Saket,Delhi,Premium,2025-12-23
16096,Yash Bansal,Male,29,Vadodara,Gujarat,Regular,2024-02-08
16097,Vivaan Verma,Female,34,Faridabad,Haryana,VIP,2024-09-22
16098,Rohan Chopra,Male,50,Ahmedabad,Gujarat,Premium,2025-06-11
16099,Diya Agarwal,Female,18,Karol Bagh,Delhi,Premium,2024-07-30
16100,Isha Gupta,Female,39,Asansol,West Bengal,Premium,2025-12-17
16101,Riya Gupta,Male,51,Kanpur,Uttar Pradesh,Premium,2025-03-29
16102,Kavya Gupta,Female,28,Thane,Maharashtra,Regular,2024-08-04
16103,Vikas Kapoor,Male,29,Noida,Uttar Pradesh,Premium,2023-05-12
16104,Isha Kapoor,Female,47,Durgapur,West Bengal,Regular,2024-10-27
16105,Aman Verma,Female,23,Amritsar,Punjab,Premium,2025-03-01
16106,Ananya Bansal,Male,43,Mohali,Punjab,Regular,2025-02-18
16107,Kavya Bansal,Male,38,Kota,Rajasthan,Regular,2025-12-02
16108,Yash Mehta,Male,45,Karnal,Haryana,Regular,2024-02-09
16109,Aman Mehta,Male,33,New Delhi,Delhi,Premium,2025-11-10
16110,Vikas Mehta,Male,49,Asansol,West Bengal,Premium,2024-11-17
16111,Rahul Singh,Female,30,Siliguri,West Bengal,Regular,2023-05-29
16112,Aditi Singh,Male,19,Agra,Uttar Pradesh,Regular,2025-08-14
16113,Vikas Yadav,Male,19,Siliguri,West Bengal,Premium,2023-12-03
16114,Isha Arora,Male,23,Udaipur,Rajasthan,New,2024-01-13
16115,Sneha Verma,Male,41,Karol Bagh,Delhi,Premium,2025-10-28
16116,Aditi Verma,Male,26,Nashik,Maharashtra,Premium,2025-03-10
16117,Sneha Arora,Male,34,Thane,Maharashtra,Regular,2023-07-26
16118,Ananya Chopra,Male,35,Asansol,West Bengal,Premium,2025-01-07
16119,Isha Mishra,Male,26,New Delhi,Delhi,Regular,2024-09-15
16120,Meera Agarwal,Female,36,Thane,Maharashtra,New,2023-10-29
16121,Aditya Agarwal,Female,43,Gurugram,Haryana,Regular,2023-11-23
16122,Neha Saini,Male,34,Patiala,Punjab,VIP,2025-11-20
16123,Karan Singh,Female,43,Karnal,Haryana,Premium,2024-05-29
16124,Aditya Gupta,Male,30,Howrah,West Bengal,Premium,2024-12-09
16125,Aditya Yadav,Female,37,Ahmedabad,Gujarat,Regular,2024-01-04
16126,Vikas Bansal,Male,35,Vadodara,Gujarat,New,2023-05-04
16127,Rohan Sharma,Female,45,Ajmer,Rajasthan,Regular,2025-01-21
16128,Aman Kumar,Female,38,Noida,Uttar Pradesh,Regular,2024-05-27
16129,Aditi Bansal,Female,28,Ludhiana,Punjab,Premium,2024-02-09
16130,Isha Chopra,Female,39,Noida,Uttar Pradesh,Regular,2025-12-07
16131,Vikas Kapoor,Female,24,Kanpur,Uttar Pradesh,Regular,2024-10-28
16132,Vivaan Verma,Male,38,Rajkot,Gujarat,New,2024-10-11
16133,Arjun Bansal,Female,34,Jodhpur,Rajasthan,Regular,2023-09-01
16134,Sneha Arora,Male,35,Karnal,Haryana,New,2025-03-03
16135,Ananya Kumar,Male,34,Karnal,Haryana,VIP,2025-06-13
16136,Rahul Yadav,Male,28,Mohali,Punjab,VIP,2023-03-12
16137,Kavya Singh,Female,27,Kanpur,Uttar Pradesh,Premium,2025-09-15
16138,Vivaan Bansal,Male,45,Durgapur,West Bengal,New,2023-10-21
16139,Kavya Kumar,Female,53,Pune,Maharashtra,New,2023-01-31
16140,Neha Kumar,Female,37,Rajkot,Gujarat,Regular,2025-09-19
16141,Rahul Saini,Male,34,Udaipur,Rajasthan,Premium,2024-07-19
16142,Aman Saini,Male,22,Lucknow,Uttar Pradesh,Premium,2025-11-26
16143,Yash Gupta,Female,18,Patiala,Punjab,Premium,2023-01-02
16144,Rohan Kapoor,Female,18,Asansol,West Bengal,New,2023-04-25
16145,Aarav Sharma,Male,39,Gandhinagar,Gujarat,VIP,2024-12-14
16146,Rohan Mishra,Male,18,Patiala,Punjab,New,2024-12-18
16147,Kavya Mehta,Male,41,Kota,Rajasthan,Premium,2025-11-02
16148,Aditya Kumar,Male,23,Jodhpur,Rajasthan,Regular,2024-06-12
16149,Isha Sharma,Male,36,Nagpur,Maharashtra,Premium,2025-07-10
16150,Aditya Kapoor,Female,30,Durgapur,West Bengal,Regular,2023-11-22
16151,Aditya Kumar,Female,23,Nagpur,Maharashtra,Premium,2023-07-24
16152,Isha Verma,Female,20,Jaipur,Rajasthan,Regular,2023-11-16
16153,Aditya Singh,Male,18,Karnal,Haryana,Premium,2025-10-26
16154,Meera Kumar,Male,23,Ambala,Haryana,New,2023-02-22
16155,Diya Bansal,Female,56,Ludhiana,Punjab,Premium,2023-12-16
16156,Yash Singh,Female,47,Karnal,Haryana,VIP,2023-02-10
16157,Neha Chopra,Male,36,Vadodara,Gujarat,Premium,2023-05-27
16158,Aarav Kapoor,Female,30,Nagpur,Maharashtra,VIP,2023-11-03
16159,Diya Arora,Female,28,Patiala,Punjab,Regular,2023-02-25
16160,Vikas Yadav,Female,35,Vadodara,Gujarat,Premium,2024-07-29
16161,Yash Agarwal,Female,28,Patiala,Punjab,New,2024-12-03
16162,Rohan Singh,Female,28,Agra,Uttar Pradesh,Regular,2024-09-28
16163,Vivaan Kumar,Male,39,New Delhi,Delhi,Premium,2023-05-03
16164,Aman Arora,Female,24,Kanpur,Uttar Pradesh,Premium,2024-07-05
16165,Yash Kapoor,Male,18,New Delhi,Delhi,Premium,2023-04-02
16166,Neha Chopra,Male,28,Jodhpur,Rajasthan,Regular,2024-04-06
16167,Diya Saini,Male,49,Noida,Uttar Pradesh,VIP,2025-06-24
16168,Aman Mishra,Male,18,Kolkata,West Bengal,New,2023-11-29
16169,Yash Agarwal,Other,22,Karnal,Haryana,Regular,2024-08-14
16170,Aditi Kumar,Male,28,Mohali,Punjab,Premium,2024-05-25
16171,Karan Chopra,Female,18,Karnal,Haryana,Premium,2023-10-06
16172,Ananya Verma,Male,49,Pune,Maharashtra,Premium,2024-02-27
16173,Rahul Agarwal,Male,35,Panipat,Haryana,Regular,2024-07-31
16174,Arjun Kumar,Female,18,Surat,Gujarat,Regular,2024-08-08
16175,Kavya Kumar,Male,33,Kota,Rajasthan,Regular,2024-12-27
16176,Aman Mehta,Female,34,Jaipur,Rajasthan,Regular,2024-11-11
16177,Vivaan Gupta,Male,32,Pune,Maharashtra,Regular,2025-07-07
16178,Riya Chopra,Female,32,Patiala,Punjab,Premium,2024-01-05
16179,Aditi Kapoor,Male,33,Dwarka,Delhi,Regular,2023-10-09
16180,Vivaan Kapoor,Female,37,Kanpur,Uttar Pradesh,Premium,2024-07-15
16181,Riya Gupta,Male,38,Thane,Maharashtra,Regular,2023-01-30
16182,Rohan Mehta,Female,19,New Delhi,Delhi,New,2023-04-13
16183,Vikas Singh,Female,35,Mohali,Punjab,Premium,2023-03-18
16184,Neha Gupta,Male,36,Asansol,West Bengal,Premium,2024-08-15
16185,Vikas Kapoor,Male,28,Gurugram,Haryana,Regular,2025-01-14
16186,Karan Kumar,Female,51,Vadodara,Gujarat,Premium,2023-12-24
16187,Rohan Sharma,Female,33,Vadodara,Gujarat,Regular,2025-03-04
16188,Karan Mishra,Male,39,Agra,Uttar Pradesh,New,2024-06-06
16189,Yash Arora,Female,30,Amritsar,Punjab,Regular,2025-04-23
16190,Diya Chopra,Female,31,Ludhiana,Punjab,New,2024-11-02
16191,Aarav Saini,Female,37,Nagpur,Maharashtra,Premium,2024-04-02
16192,Karan Gupta,Female,20,Mumbai,Maharashtra,Regular,2025-06-13
16193,Karan Bansal,Female,41,Ahmedabad,Gujarat,New,2025-02-16
16194,Vikas Agarwal,Female,22,Kolkata,West Bengal,Regular,2025-10-31
16195,Riya Mehta,Female,43,Nagpur,Maharashtra,Regular,2023-07-07
16196,Karan Kapoor,Male,31,Jalandhar,Punjab,Premium,2025-09-12
16197,Ananya Mishra,Female,55,Dwarka,Delhi,Regular,2023-09-02
16198,Aman Saini,Female,44,Vadodara,Gujarat,New,2023-11-11
16199,Arjun Mishra,Female,44,Rohini,Delhi,Premium,2023-05-02
16200,Isha Arora,Male,35,Karnal,Haryana,Regular,2025-07-15
16201,Riya Kapoor,Male,44,Pune,Maharashtra,Regular,2025-09-06
16202,Aarav Yadav,Female,42,Varanasi,Uttar Pradesh,New,2023-04-12
16203,Yash Kapoor,Female,18,Durgapur,West Bengal,Premium,2025-05-20
16204,Vikas Verma,Male,25,Nagpur,Maharashtra,Regular,2024-05-12
16205,Sneha Agarwal,Male,25,Ambala,Haryana,Regular,2024-02-05
16206,Diya Chopra,Female,26,Kolkata,West Bengal,Regular,2023-03-23
16207,Aditi Gupta,Female,31,Dwarka,Delhi,New,2025-07-10
16208,Karan Kumar,Female,39,Noida,Uttar Pradesh,Premium,2024-05-28
16209,Rohan Bansal,Female,46,Agra,Uttar Pradesh,Regular,2024-07-01
16210,Karan Gupta,Male,40,Gurugram,Haryana,Regular,2025-03-12
16211,Meera Verma,Female,46,Kota,Rajasthan,Regular,2023-04-20
16212,Sneha Bansal,Female,23,Jalandhar,Punjab,Regular,2024-01-13
16213,Riya Chopra,Female,29,Agra,Uttar Pradesh,Regular,2023-12-24
16214,Arjun Saini,Male,31,Varanasi,Uttar Pradesh,Regular,2024-12-16
16215,Rohan Bansal,Male,27,Vadodara,Gujarat,New,2023-02-03
16216,Rohan Kapoor,Female,23,Vadodara,Gujarat,Premium,2023-01-17
16217,Neha Verma,Female,38,Patiala,Punjab,New,2025-02-20
16218,Vivaan Chopra,Female,27,Lucknow,Uttar Pradesh,Premium,2023-08-17
16219,Isha Mishra,Female,42,Agra,Uttar Pradesh,Premium,2024-09-15
16220,Aditi Bansal,Male,22,Jalandhar,Punjab,VIP,2024-11-18
16221,Aditi Chopra,Female,43,Vadodara,Gujarat,Premium,2024-10-19
16222,Karan Agarwal,Female,36,Pune,Maharashtra,VIP,2023-02-16
16223,Sneha Yadav,Female,36,Ludhiana,Punjab,Premium,2023-06-26
16224,Rohan Kumar,Female,36,Lucknow,Uttar Pradesh,New,2023-08-17
16225,Arjun Kapoor,Male,33,Ludhiana,Punjab,Regular,2025-10-24
16226,Isha Singh,Female,33,Nagpur,Maharashtra,New,2024-12-01
16227,Neha Verma,Male,31,Mohali,Punjab,Regular,2024-06-24
16228,Vivaan Kapoor,Female,37,Asansol,West Bengal,Regular,2024-05-16
16229,Arjun Singh,Female,40,Rajkot,Gujarat,VIP,2024-05-03
16230,Aditi Singh,Female,29,Lucknow,Uttar Pradesh,VIP,2024-07-24
16231,Karan Verma,Other,48,Pune,Maharashtra,Regular,2023-01-18
16232,Rahul Mishra,Male,30,Asansol,West Bengal,Regular,2024-04-20
16233,Yash Verma,Male,27,Mumbai,Maharashtra,Regular,2023-06-21
16234,Vikas Agarwal,Female,32,Amritsar,Punjab,Regular,2025-04-24
16235,Neha Agarwal,Male,26,Noida,Uttar Pradesh,Regular,2024-09-03
16236,Aarav Kapoor,Male,39,Ahmedabad,Gujarat,Premium,2023-03-07
16237,Yash Bansal,Female,33,Mumbai,Maharashtra,Premium,2023-06-03
16238,Vivaan Singh,Female,41,Mumbai,Maharashtra,New,2025-04-08
16239,Isha Sharma,Male,33,Howrah,West Bengal,Regular,2024-02-27
16240,Ananya Kapoor,Male,33,Howrah,West Bengal,Premium,2024-07-23
16241,Vivaan Singh,Male,30,Asansol,West Bengal,Premium,2024-05-31
16242,Diya Verma,Female,42,Faridabad,Haryana,Regular,2024-07-04
16243,Aarav Kapoor,Male,32,Udaipur,Rajasthan,VIP,2023-07-25
16244,Karan Verma,Female,37,Rajkot,Gujarat,Regular,2024-07-30
16245,Sneha Singh,Female,44,Surat,Gujarat,Regular,2024-02-18
16246,Diya Saini,Male,33,Pune,Maharashtra,VIP,2023-04-23
16247,Kavya Yadav,Male,33,Ludhiana,Punjab,Premium,2025-05-30
16248,Aditya Gupta,Female,32,Gandhinagar,Gujarat,Regular,2023-10-10
16249,Ananya Singh,Male,36,Mumbai,Maharashtra,New,2025-08-09
16250,Aditi Sharma,Female,42,Karnal,Haryana,Regular,2023-08-26
16251,Rahul Kumar,Female,42,Kota,Rajasthan,Regular,2025-10-09
16252,Kavya Bansal,Male,39,Patiala,Punjab,Regular,2023-12-10
16253,Kavya Bansal,Male,46,Lucknow,Uttar Pradesh,Regular,2023-12-19
16254,Aditi Agarwal,Female,35,Faridabad,Haryana,Premium,2024-03-18
16255,Yash Agarwal,Male,48,Agra,Uttar Pradesh,New,2024-12-04
16256,Rohan Mehta,Male,44,Nagpur,Maharashtra,Regular,2023-03-26
16257,Vivaan Arora,Male,27,Pune,Maharashtra,New,2023-09-18
16258,Riya Gupta,Female,42,Pune,Maharashtra,Premium,2025-01-14
16259,Aarav Kapoor,Female,18,Vadodara,Gujarat,VIP,2025-01-25
16260,Diya Gupta,Male,46,Dwarka,Delhi,Premium,2023-03-25
16261,Riya Kumar,Female,33,Mohali,Punjab,Premium,2024-10-14
16262,Aarav Saini,Male,26,Gandhinagar,Gujarat,New,2025-11-10
16263,Yash Kapoor,Female,18,Jalandhar,Punjab,Regular,2023-09-22
16264,Vivaan Mishra,Male,33,Howrah,West Bengal,Premium,2025-03-14
16265,Aditi Agarwal,Male,46,Gandhinagar,Gujarat,Premium,2024-02-11
16266,Vivaan Gupta,Female,36,Jodhpur,Rajasthan,Regular,2023-10-06
16267,Aditya Arora,Male,30,Asansol,West Bengal,Regular,2023-08-24
16268,Kavya Mehta,Male,32,Karnal,Haryana,New,2025-08-14
16269,Arjun Arora,Female,47,Kanpur,Uttar Pradesh,Regular,2023-04-12
16270,Aarav Singh,Female,41,Pune,Maharashtra,Premium,2025-01-02
16271,Rahul Bansal,Female,34,Varanasi,Uttar Pradesh,New,2023-12-24
16272,Aarav Arora,Female,43,Siliguri,West Bengal,Regular,2024-12-17
16273,Neha Singh,Male,42,Gurugram,Haryana,Regular,2025-01-06
16274,Sneha Arora,Male,25,Thane,Maharashtra,VIP,2024-12-25
16275,Neha Kapoor,Male,31,Pune,Maharashtra,New,2023-09-29
16276,Aditya Bansal,Male,48,Nashik,Maharashtra,Regular,2023-05-29
16277,Sneha Yadav,Male,41,Saket,Delhi,Regular,2023-05-22
16278,Riya Arora,Female,52,Noida,Uttar Pradesh,Premium,2025-06-16
16279,Rohan Sharma,Male,40,Vadodara,Gujarat,New,2025-01-06
16280,Aman Saini,Male,27,Dwarka,Delhi,Regular,2024-01-29
16281,Meera Singh,Male,34,Ahmedabad,Gujarat,Regular,2023-08-20
16282,Rohan Chopra,Male,42,Nagpur,Maharashtra,Premium,2023-12-31
16283,Sneha Bansal,Female,34,Rajkot,Gujarat,Regular,2023-04-29
16284,Neha Singh,Male,35,Pune,Maharashtra,Regular,2025-03-19
16285,Karan Saini,Male,54,Karol Bagh,Delhi,Premium,2025-02-18
16286,Aditi Bansal,Other,32,Nashik,Maharashtra,Premium,2023-06-29
16287,Aditya Singh,Female,37,Asansol,West Bengal,Regular,2024-07-08
16288,Arjun Chopra,Female,37,Varanasi,Uttar Pradesh,Regular,2024-08-31
16289,Riya Verma,Female,43,Siliguri,West Bengal,Regular,2025-08-19
16290,Aditi Gupta,Female,37,Lucknow,Uttar Pradesh,Premium,2025-03-27
16291,Meera Arora,Male,35,Mohali,Punjab,Premium,2023-10-07
16292,Kavya Kumar,Male,54,Noida,Uttar Pradesh,Regular,2024-07-16
16293,Aditi Mishra,Female,33,Asansol,West Bengal,VIP,2024-01-31
16294,Arjun Verma,Male,41,Varanasi,Uttar Pradesh,Regular,2023-04-04
16295,Arjun Kumar,Male,21,Siliguri,West Bengal,Regular,2023-03-10
16296,Aditya Agarwal,Male,34,Durgapur,West Bengal,Regular,2025-10-29
16297,Neha Kumar,Male,33,Agra,Uttar Pradesh,VIP,2023-05-13
16298,Rohan Mishra,Female,33,Panipat,Haryana,Premium,2025-05-19
16299,Yash Mehta,Male,18,Mumbai,Maharashtra,Premium,2024-12-18
16300,Riya Bansal,Male,30,Agra,Uttar Pradesh,New,2023-12-01
16301,Sneha Kumar,Female,25,Surat,Gujarat,Premium,2023-10-02
16302,Vivaan Chopra,Female,45,Lucknow,Uttar Pradesh,Regular,2023-10-19
16303,Neha Mishra,Female,25,Jodhpur,Rajasthan,VIP,2023-05-04
16304,Meera Mehta,Male,40,Ahmedabad,Gujarat,Regular,2023-10-15
16305,Meera Singh,Male,41,Noida,Uttar Pradesh,Regular,2024-01-09
16306,Aman Gupta,Female,28,Lucknow,Uttar Pradesh,Regular,2024-04-15
16307,Ananya Mishra,Male,25,Kanpur,Uttar Pradesh,Regular,2025-10-24
16308,Rohan Verma,Male,31,Lucknow,Uttar Pradesh,Premium,2024-01-15
16309,Aditya Arora,Female,30,Ajmer,Rajasthan,Regular,2023-08-09
16310,Ananya Kumar,Male,24,Gandhinagar,Gujarat,Regular,2025-04-19
16311,Kavya Kumar,Male,31,Kanpur,Uttar Pradesh,Regular,2024-11-12
16312,Aditya Yadav,Male,37,Udaipur,Rajasthan,Premium,2023-04-15
16313,Riya Chopra,Male,22,Nagpur,Maharashtra,Premium,2023-10-05
16314,Meera Kumar,Male,32,Dwarka,Delhi,New,2024-10-27
16315,Kavya Saini,Male,29,Dwarka,Delhi,New,2024-06-28
16316,Karan Mishra,Male,35,Asansol,West Bengal,Premium,2024-05-20
16317,Diya Gupta,Male,53,Nashik,Maharashtra,Regular,2023-02-02
16318,Yash Verma,Male,19,Mumbai,Maharashtra,Regular,2025-03-21
16319,Aditya Kapoor,Female,33,Mumbai,Maharashtra,New,2023-01-15
16320,Sneha Chopra,Female,37,Gurugram,Haryana,Regular,2023-03-23
16321,Rohan Kumar,Male,29,Mumbai,Maharashtra,Regular,2024-12-20
16322,Arjun Bansal,Other,38,Ajmer,Rajasthan,Regular,2024-03-14
16323,Meera Mishra,Female,19,Nashik,Maharashtra,VIP,2024-04-05
16324,Vikas Arora,Female,30,Lucknow,Uttar Pradesh,Premium,2023-09-26
16325,Meera Yadav,Male,18,Panipat,Haryana,Premium,2025-07-14
16326,Vivaan Agarwal,Female,32,Karol Bagh,Delhi,New,2024-07-24
16327,Vikas Gupta,Female,22,Kolkata,West Bengal,Regular,2025-07-04
16328,Yash Agarwal,Male,37,Lucknow,Uttar Pradesh,New,2023-04-29
16329,Ananya Kumar,Female,48,Jaipur,Rajasthan,VIP,2024-09-28
16330,Aarav Sharma,Female,37,Ambala,Haryana,Premium,2023-12-28
16331,Vikas Chopra,Male,33,Panipat,Haryana,New,2024-05-24
16332,Vivaan Saini,Male,29,Nagpur,Maharashtra,Regular,2023-08-07
16333,Arjun Gupta,Male,31,Kota,Rajasthan,Regular,2025-09-07
16334,Yash Gupta,Male,31,Jaipur,Rajasthan,Regular,2025-05-13
16335,Ananya Arora,Male,34,New Delhi,Delhi,New,2023-06-26
16336,Rahul Sharma,Female,39,Ahmedabad,Gujarat,New,2023-11-24
16337,Vikas Bansal,Female,26,Ludhiana,Punjab,Regular,2023-02-07
16338,Aditi Saini,Female,45,Mohali,Punjab,Regular,2023-06-08
16339,Ananya Kapoor,Female,32,Ajmer,Rajasthan,Premium,2025-05-09
16340,Yash Agarwal,Male,34,Varanasi,Uttar Pradesh,Regular,2025-06-15
16341,Rohan Verma,Male,47,Karol Bagh,Delhi,Regular,2025-01-11
16342,Isha Kumar,Female,18,Pune,Maharashtra,Regular,2024-02-02
16343,Vikas Mehta,Male,18,Thane,Maharashtra,New,2023-10-31
16344,Arjun Sharma,Female,38,Surat,Gujarat,Premium,2025-07-01
16345,Karan Arora,Male,34,Kanpur,Uttar Pradesh,New,2025-12-26
16346,Kavya Yadav,Male,49,Ambala,Haryana,Regular,2023-03-05
16347,Rahul Mishra,Male,23,Rohini,Delhi,Regular,2024-04-05
16348,Rahul Bansal,Male,39,Asansol,West Bengal,Regular,2024-12-27
16349,Aarav Kumar,Female,30,Nagpur,Maharashtra,VIP,2025-05-15
16350,Isha Mishra,Female,43,Nashik,Maharashtra,Regular,2023-05-26
16351,Kavya Kumar,Male,18,Gurugram,Haryana,Regular,2023-03-10
16352,Aarav Bansal,Female,31,Udaipur,Rajasthan,New,2023-09-22
16353,Kavya Agarwal,Male,41,Karnal,Haryana,Regular,2024-03-01
16354,Neha Yadav,Male,26,Nagpur,Maharashtra,Regular,2023-03-20
16355,Rohan Saini,Female,33,Kolkata,West Bengal,New,2024-03-03
16356,Aditya Verma,Male,34,Howrah,West Bengal,Premium,2023-08-02
16357,Aman Mehta,Female,37,Kota,Rajasthan,New,2024-11-08
16358,Kavya Mishra,Female,23,Udaipur,Rajasthan,Premium,2023-12-17
16359,Aditi Gupta,Male,29,Siliguri,West Bengal,Regular,2025-05-11
16360,Isha Sharma,Male,39,Nagpur,Maharashtra,New,2024-07-31
16361,Neha Saini,Male,41,Ambala,Haryana,Premium,2023-06-23
16362,Isha Arora,Male,36,Kota,Rajasthan,Premium,2023-07-07
16363,Ananya Singh,Female,31,New Delhi,Delhi,Regular,2023-07-20
16364,Kavya Chopra,Male,35,Ajmer,Rajasthan,New,2025-02-15
16365,Aditya Kumar,Male,42,Kota,Rajasthan,Regular,2025-12-01
16366,Karan Kapoor,Female,36,Nagpur,Maharashtra,Regular,2025-04-22
16367,Rohan Mehta,Female,22,Agra,Uttar Pradesh,VIP,2023-07-23
16368,Yash Mehta,Female,23,Amritsar,Punjab,Regular,2025-03-11
16369,Aman Agarwal,Female,34,Jaipur,Rajasthan,VIP,2025-11-02
16370,Ananya Sharma,Female,18,Ahmedabad,Gujarat,Regular,2024-01-02
16371,Ananya Kapoor,Female,42,Pune,Maharashtra,Regular,2025-09-26
16372,Ananya Mishra,Male,25,Varanasi,Uttar Pradesh,Regular,2025-08-28
16373,Kavya Mehta,Female,22,Siliguri,West Bengal,Premium,2024-01-04
16374,Vivaan Agarwal,Male,51,Kolkata,West Bengal,New,2025-08-11
16375,Meera Kapoor,Female,29,Rohini,Delhi,Premium,2025-06-29
16376,Aarav Mishra,Male,37,Ambala,Haryana,Regular,2024-12-25
16377,Vivaan Bansal,Female,40,Rajkot,Gujarat,Regular,2024-05-12
16378,Neha Kumar,Female,49,Vadodara,Gujarat,Regular,2023-08-25
16379,Neha Verma,Female,28,Asansol,West Bengal,Premium,2025-09-20
16380,Aman Arora,Male,36,Kolkata,West Bengal,Regular,2024-09-07
16381,Vikas Verma,Male,33,Mumbai,Maharashtra,Regular,2025-04-07
16382,Neha Saini,Female,58,Jodhpur,Rajasthan,Regular,2024-07-17
16383,Ananya Gupta,Male,18,Ambala,Haryana,Regular,2024-04-02
16384,Ananya Chopra,Female,32,Saket,Delhi,Regular,2025-01-02
16385,Vikas Arora,Female,34,Kota,Rajasthan,VIP,2023-07-09
16386,Kavya Sharma,Female,33,Pune,Maharashtra,VIP,2025-03-15
16387,Aditya Kumar,Male,20,Nagpur,Maharashtra,Regular,2024-11-09
16388,Diya Mehta,Male,18,Gandhinagar,Gujarat,Premium,2025-05-27
16389,Meera Agarwal,Female,19,Rohini,Delhi,Premium,2025-02-17
16390,Aditi Yadav,Male,43,Nashik,Maharashtra,Regular,2025-03-18
16391,Meera Bansal,Female,34,Ambala,Haryana,Regular,2025-01-05
16392,Kavya Sharma,Female,18,Noida,Uttar Pradesh,Premium,2024-05-20
16393,Neha Agarwal,Male,48,Ahmedabad,Gujarat,Regular,2025-04-20
16394,Karan Mehta,Female,54,Thane,Maharashtra,Regular,2025-08-21
16395,Diya Gupta,Female,37,Durgapur,West Bengal,Premium,2023-12-15
16396,Ananya Mehta,Female,38,Rohini,Delhi,New,2023-12-30
16397,Sneha Verma,Female,35,Jaipur,Rajasthan,New,2024-10-01
16398,Meera Arora,Male,28,Noida,Uttar Pradesh,Premium,2024-02-23
16399,Isha Sharma,Male,18,Agra,Uttar Pradesh,New,2025-06-04
16400,Karan Agarwal,Female,23,Gandhinagar,Gujarat,Premium,2023-07-21
16401,Aditi Bansal,Male,33,Nagpur,Maharashtra,Regular,2024-01-26
16402,Isha Mishra,Female,40,Howrah,West Bengal,Regular,2025-02-13
16403,Yash Mehta,Female,32,Rohini,Delhi,Regular,2024-08-26
16404,Karan Bansal,Female,33,Kolkata,West Bengal,Premium,2025-09-29
16405,Rohan Bansal,Other,34,Ambala,Haryana,Premium,2023-04-02
16406,Sneha Agarwal,Female,35,Siliguri,West Bengal,Premium,2025-09-10
16407,Arjun Verma,Male,28,Varanasi,Uttar Pradesh,Regular,2023-07-11
16408,Vivaan Mishra,Male,38,Lucknow,Uttar Pradesh,Regular,2024-12-11
16409,Aditi Chopra,Male,23,Kota,Rajasthan,Regular,2024-11-16
16410,Sneha Gupta,Male,37,Siliguri,West Bengal,New,2023-12-03
16411,Aditi Mishra,Female,19,Panipat,Haryana,Regular,2025-08-04
16412,Ananya Mishra,Female,22,Agra,Uttar Pradesh,Regular,2023-05-10
16413,Rahul Bansal,Male,27,Gandhinagar,Gujarat,Regular,2024-11-24
16414,Sneha Kapoor,Male,36,Agra,Uttar Pradesh,New,2024-07-26
16415,Arjun Agarwal,Female,36,New Delhi,Delhi,New,2025-05-18
16416,Aditi Bansal,Female,25,Noida,Uttar Pradesh,Regular,2025-03-13
16417,Kavya Agarwal,Male,20,Lucknow,Uttar Pradesh,New,2025-03-22
16418,Aditi Bansal,Male,46,Howrah,West Bengal,Regular,2025-02-06
16419,Sneha Mishra,Female,35,Rajkot,Gujarat,Regular,2025-09-19
16420,Sneha Chopra,Male,33,Kota,Rajasthan,Regular,2023-11-19
16421,Meera Kumar,Female,38,Asansol,West Bengal,New,2025-02-03
16422,Riya Agarwal,Female,24,Jodhpur,Rajasthan,Regular,2024-05-10
16423,Kavya Mehta,Male,45,Gurugram,Haryana,Regular,2023-01-02
16424,Ananya Yadav,Male,40,Rohini,Delhi,Premium,2025-03-31
16425,Ananya Yadav,Female,31,Varanasi,Uttar Pradesh,New,2025-12-27
16426,Rohan Yadav,Male,33,Patiala,Punjab,Regular,2023-08-28
16427,Vikas Chopra,Male,32,Durgapur,West Bengal,Regular,2024-03-07
16428,Karan Yadav,Female,47,Rajkot,Gujarat,New,2024-07-13
16429,Karan Mishra,Male,38,Dwarka,Delhi,Regular,2024-07-04
16430,Rahul Arora,Female,39,Nagpur,Maharashtra,Regular,2024-10-07
16431,Diya Mishra,Female,35,Pune,Maharashtra,Regular,2023-09-09
16432,Vivaan Kapoor,Female,34,Asansol,West Bengal,Premium,2025-11-03
16433,Yash Mishra,Male,53,Kolkata,West Bengal,Premium,2024-03-06
16434,Aditi Mishra,Male,30,Ajmer,Rajasthan,New,2024-06-12
16435,Meera Yadav,Male,36,Gandhinagar,Gujarat,New,2025-05-06
16436,Aarav Kapoor,Female,55,Thane,Maharashtra,Regular,2024-11-30
16437,Isha Agarwal,Male,47,Nagpur,Maharashtra,Regular,2025-12-25
16438,Aditi Agarwal,Male,38,Amritsar,Punjab,Premium,2025-07-17
16439,Meera Mishra,Female,19,Jalandhar,Punjab,VIP,2025-01-08
16440,Aditi Verma,Female,56,Jaipur,Rajasthan,Regular,2025-03-02
16441,Diya Gupta,Male,32,Karol Bagh,Delhi,Premium,2025-08-24
16442,Yash Mehta,Male,35,Faridabad,Haryana,Regular,2024-09-16
16443,Karan Kapoor,Female,44,Mumbai,Maharashtra,Regular,2024-07-12
16444,Vikas Saini,Female,32,Panipat,Haryana,Regular,2024-09-07
16445,Aditya Arora,Female,36,Mumbai,Maharashtra,New,2023-10-22
16446,Riya Mehta,Male,35,Jodhpur,Rajasthan,Regular,2024-03-19
16447,Karan Saini,Male,30,Howrah,West Bengal,Regular,2023-01-28
16448,Aditya Mehta,Female,38,Jodhpur,Rajasthan,VIP,2025-01-28
16449,Ananya Mishra,Female,28,Ambala,Haryana,Premium,2024-08-05
16450,Vikas Mishra,Male,23,Thane,Maharashtra,Regular,2024-02-08
16451,Aman Chopra,Male,39,Ahmedabad,Gujarat,VIP,2024-12-07
16452,Aditya Chopra,Female,47,Asansol,West Bengal,Regular,2025-04-24
16453,Sneha Gupta,Female,27,Varanasi,Uttar Pradesh,New,2024-05-06
16454,Yash Mishra,Male,29,Lucknow,Uttar Pradesh,Regular,2023-09-21
16455,Yash Chopra,Female,34,Siliguri,West Bengal,Regular,2023-08-28
16456,Diya Agarwal,Female,34,Jalandhar,Punjab,VIP,2024-11-04
16457,Rohan Mehta,Female,18,Nagpur,Maharashtra,Regular,2023-03-31
16458,Isha Mishra,Male,30,Lucknow,Uttar Pradesh,New,2025-04-19
16459,Karan Agarwal,Female,52,Karnal,Haryana,New,2023-05-06
16460,Ananya Mishra,Male,48,Lucknow,Uttar Pradesh,Regular,2025-04-23
16461,Isha Yadav,Male,51,Rohini,Delhi,Regular,2024-06-05
16462,Meera Mehta,Female,40,Nashik,Maharashtra,Regular,2024-06-18
16463,Yash Sharma,Female,29,Asansol,West Bengal,Regular,2025-05-01
16464,Meera Chopra,Female,37,Saket,Delhi,Regular,2024-05-01
16465,Diya Verma,Male,40,Rajkot,Gujarat,New,2023-10-16
16466,Yash Gupta,Male,31,Ambala,Haryana,Premium,2023-03-05
16467,Aman Saini,Female,18,Udaipur,Rajasthan,New,2023-09-22
16468,Vivaan Arora,Male,43,Karnal,Haryana,Premium,2024-12-01
16469,Ananya Verma,Male,30,Howrah,West Bengal,Regular,2024-01-05
16470,Rahul Agarwal,Female,40,Ahmedabad,Gujarat,Regular,2025-10-05
16471,Rahul Sharma,Female,18,Nagpur,Maharashtra,Regular,2023-11-20
16472,Diya Yadav,Female,28,Rajkot,Gujarat,Regular,2025-11-25
16473,Aarav Gupta,Male,38,Nagpur,Maharashtra,Premium,2024-05-09
16474,Vivaan Gupta,Female,40,Siliguri,West Bengal,Regular,2025-12-09
16475,Arjun Agarwal,Female,41,Nashik,Maharashtra,Regular,2024-10-21
16476,Neha Kapoor,Female,33,Durgapur,West Bengal,Regular,2024-08-18
16477,Rohan Arora,Male,36,Jodhpur,Rajasthan,Regular,2024-03-15
16478,Vikas Yadav,Female,38,Amritsar,Punjab,Regular,2025-07-27
16479,Rahul Mehta,Female,37,Jaipur,Rajasthan,Premium,2023-04-19
16480,Rahul Kapoor,Female,40,Ludhiana,Punjab,Regular,2023-04-28
16481,Kavya Mehta,Female,22,Nashik,Maharashtra,Regular,2024-08-14
16482,Aarav Mishra,Male,53,Udaipur,Rajasthan,Premium,2025-05-17
16483,Rahul Sharma,Female,32,Nashik,Maharashtra,Premium,2025-04-29
16484,Aman Mishra,Female,33,Karnal,Haryana,Regular,2025-07-25
16485,Arjun Mishra,Male,31,Dwarka,Delhi,Regular,2024-03-06
16486,Rahul Mehta,Male,36,Ajmer,Rajasthan,Premium,2023-11-21
16487,Karan Kumar,Male,20,Siliguri,West Bengal,Premium,2025-10-02
16488,Ananya Kapoor,Female,29,Lucknow,Uttar Pradesh,New,2023-09-17
16489,Yash Agarwal,Female,18,Varanasi,Uttar Pradesh,Regular,2024-01-23
16490,Rahul Bansal,Male,29,Nagpur,Maharashtra,VIP,2023-02-05
16491,Karan Gupta,Female,36,Nagpur,Maharashtra,Regular,2023-03-03
16492,Sneha Sharma,Female,40,Kanpur,Uttar Pradesh,Premium,2023-08-17
16493,Meera Bansal,Female,33,Noida,Uttar Pradesh,New,2025-03-31
16494,Riya Gupta,Male,37,Dwarka,Delhi,Premium,2025-01-28
16495,Aman Bansal,Female,18,Asansol,West Bengal,Regular,2023-05-31
16496,Aditya Gupta,Female,36,Ludhiana,Punjab,New,2025-10-11
16497,Isha Agarwal,Male,47,Varanasi,Uttar Pradesh,Regular,2024-01-27
16498,Rahul Verma,Male,39,Karnal,Haryana,New,2023-10-22
16499,Sneha Kapoor,Male,27,New Delhi,Delhi,Premium,2024-07-17
16500,Aditi Mishra,Female,36,Ahmedabad,Gujarat,Premium,2023-03-13
16501,Vivaan Kumar,Male,48,Karol Bagh,Delhi,Regular,2025-02-25
16502,Arjun Agarwal,Male,40,Faridabad,Haryana,Regular,2023-03-28
16503,Aditya Chopra,Male,40,Jaipur,Rajasthan,Regular,2025-09-07
16504,Sneha Saini,Male,26,Gurugram,Haryana,New,2025-07-16
16505,Vikas Kapoor,Female,30,Panipat,Haryana,Regular,2024-11-08
16506,Yash Gupta,Male,33,Rajkot,Gujarat,New,2025-12-28
16507,Aman Sharma,Female,52,Rajkot,Gujarat,Regular,2024-02-05
16508,Yash Bansal,Male,25,Asansol,West Bengal,VIP,2025-07-27
16509,Diya Sharma,Male,37,Rajkot,Gujarat,Regular,2023-11-07
16510,Meera Agarwal,Female,41,Thane,Maharashtra,Regular,2025-08-16
16511,Vikas Agarwal,Other,41,Ambala,Haryana,Premium,2025-06-28
16512,Sneha Chopra,Male,32,Vadodara,Gujarat,Regular,2025-02-15
16513,Aarav Mehta,Male,31,Ahmedabad,Gujarat,Regular,2025-05-29
16514,Yash Gupta,Male,53,Rajkot,Gujarat,New,2025-08-20
16515,Meera Gupta,Male,31,Jaipur,Rajasthan,Regular,2024-06-06
16516,Ananya Agarwal,Female,30,New Delhi,Delhi,Regular,2024-03-12
16517,Ananya Agarwal,Male,43,Ahmedabad,Gujarat,Regular,2025-03-03
16518,Rahul Saini,Female,35,Thane,Maharashtra,New,2024-04-12
16519,Diya Singh,Female,21,Kolkata,West Bengal,Regular,2023-03-15
16520,Rohan Sharma,Male,44,Patiala,Punjab,Premium,2024-02-29
16521,Ananya Chopra,Female,30,Karol Bagh,Delhi,New,2024-01-18
16522,Riya Yadav,Female,30,Saket,Delhi,New,2024-10-22
16523,Isha Verma,Female,61,Gandhinagar,Gujarat,New,2023-03-11
16524,Isha Yadav,Female,32,Amritsar,Punjab,Premium,2023-10-08
16525,Arjun Yadav,Female,35,Panipat,Haryana,Premium,2023-05-20
16526,Diya Mishra,Female,43,Siliguri,West Bengal,New,2025-10-17
16527,Vivaan Singh,Female,25,Panipat,Haryana,Premium,2023-07-21
16528,Meera Agarwal,Female,40,Gandhinagar,Gujarat,Regular,2025-04-20
16529,Vivaan Sharma,Female,43,Noida,Uttar Pradesh,Regular,2024-05-07
16530,Meera Singh,Male,47,Vadodara,Gujarat,Regular,2024-07-18
16531,Ananya Mishra,Female,41,Nagpur,Maharashtra,Regular,2025-06-27
16532,Karan Sharma,Male,23,Siliguri,West Bengal,VIP,2025-01-08
16533,Aarav Bansal,Male,38,Kolkata,West Bengal,Premium,2024-07-09
16534,Neha Saini,Female,21,Faridabad,Haryana,Regular,2025-03-11
16535,Sneha Verma,Female,46,Karnal,Haryana,Regular,2025-01-03
16536,Ananya Verma,Female,45,Saket,Delhi,Regular,2023-07-16
16537,Arjun Saini,Female,36,Nagpur,Maharashtra,VIP,2023-03-20
16538,Isha Mehta,Male,36,Kolkata,West Bengal,Premium,2023-01-29
16539,Rahul Mehta,Female,34,Jaipur,Rajasthan,Regular,2024-10-11
16540,Aditya Singh,Female,34,Nagpur,Maharashtra,Premium,2025-07-02
16541,Aditya Sharma,Female,44,Ludhiana,Punjab,Regular,2024-09-08
16542,Kavya Saini,Male,31,Rajkot,Gujarat,Regular,2024-05-26
16543,Isha Agarwal,Female,56,Kolkata,West Bengal,Premium,2025-05-09
16544,Meera Agarwal,Female,36,Saket,Delhi,Regular,2024-04-20
16545,Arjun Sharma,Male,46,Udaipur,Rajasthan,Regular,2023-08-22
16546,Aman Mishra,Female,18,Karnal,Haryana,Regular,2024-08-29
16547,Rahul Mishra,Male,28,Nashik,Maharashtra,New,2023-01-23
16548,Isha Mehta,Female,43,Jodhpur,Rajasthan,Regular,2024-04-28
16549,Sneha Mehta,Female,37,Amritsar,Punjab,Regular,2024-03-24
16550,Meera Bansal,Female,34,Noida,Uttar Pradesh,Regular,2023-08-15
16551,Meera Kumar,Female,45,Agra,Uttar Pradesh,Regular,2023-07-27
16552,Diya Kumar,Male,55,Jaipur,Rajasthan,Regular,2024-04-19
16553,Ananya Sharma,Female,22,Nashik,Maharashtra,VIP,2023-02-04
16554,Aman Saini,Male,44,Karnal,Haryana,Regular,2025-02-14
16555,Riya Chopra,Male,30,Surat,Gujarat,Regular,2025-10-26
16556,Aditya Arora,Male,43,Pune,Maharashtra,VIP,2024-03-17
16557,Riya Saini,Male,29,Noida,Uttar Pradesh,Regular,2023-01-30
16558,Yash Verma,Female,39,Karnal,Haryana,Premium,2025-09-26
16559,Diya Singh,Female,40,Gandhinagar,Gujarat,New,2023-05-16
16560,Meera Arora,Male,27,Kolkata,West Bengal,Premium,2024-05-25
16561,Meera Kumar,Male,29,New Delhi,Delhi,Regular,2025-04-29
16562,Aarav Mehta,Male,32,Lucknow,Uttar Pradesh,VIP,2024-07-06
16563,Sneha Bansal,Female,18,Ludhiana,Punjab,New,2024-02-05
16564,Ananya Sharma,Male,39,Nagpur,Maharashtra,Premium,2024-10-09
16565,Aditi Kapoor,Male,49,Ludhiana,Punjab,Premium,2025-01-20
16566,Kavya Verma,Female,21,Varanasi,Uttar Pradesh,Premium,2025-07-02
16567,Sneha Arora,Male,41,Nashik,Maharashtra,New,2023-05-10
16568,Karan Bansal,Male,37,Pune,Maharashtra,Regular,2024-01-25
16569,Rohan Kumar,Male,27,Kanpur,Uttar Pradesh,Regular,2025-03-02
16570,Neha Mehta,Male,54,Agra,Uttar Pradesh,Regular,2025-09-09
16571,Sneha Yadav,Male,46,Nagpur,Maharashtra,Premium,2023-01-03
16572,Diya Mehta,Female,46,Panipat,Haryana,New,2023-08-20
16573,Karan Singh,Male,34,Ambala,Haryana,Premium,2023-01-26
16574,Riya Kapoor,Male,19,Siliguri,West Bengal,Regular,2023-03-23
16575,Riya Bansal,Male,36,Gurugram,Haryana,New,2023-04-22
16576,Aditi Gupta,Female,33,Nagpur,Maharashtra,Regular,2024-12-05
16577,Aman Bansal,Female,44,Siliguri,West Bengal,New,2025-06-23
16578,Vikas Bansal,Female,28,New Delhi,Delhi,Regular,2024-09-24
16579,Aditya Chopra,Female,47,Lucknow,Uttar Pradesh,Regular,2023-05-17
16580,Aarav Saini,Female,28,Thane,Maharashtra,Regular,2024-10-31
16581,Isha Yadav,Male,41,Siliguri,West Bengal,VIP,2023-04-18
16582,Rahul Verma,Male,27,Howrah,West Bengal,Regular,2024-10-19
16583,Aarav Singh,Male,34,Ahmedabad,Gujarat,Premium,2023-04-26
16584,Aditya Singh,Male,21,Faridabad,Haryana,Premium,2024-07-05
16585,Aditi Verma,Male,35,Pune,Maharashtra,New,2024-02-14
16586,Aditi Gupta,Female,24,Noida,Uttar Pradesh,VIP,2025-09-20
16587,Arjun Mishra,Male,40,Kota,Rajasthan,VIP,2023-02-10
16588,Aditi Mehta,Female,41,Faridabad,Haryana,Regular,2024-03-27
16589,Vivaan Chopra,Female,34,Ludhiana,Punjab,Regular,2024-10-08
16590,Diya Mishra,Female,27,Ahmedabad,Gujarat,Premium,2024-01-18
16591,Ananya Kumar,Male,38,Kanpur,Uttar Pradesh,Regular,2024-07-07
16592,Vikas Yadav,Female,44,Noida,Uttar Pradesh,Premium,2025-02-19
16593,Rohan Bansal,Female,32,Lucknow,Uttar Pradesh,New,2023-06-13
16594,Vivaan Yadav,Female,30,Gandhinagar,Gujarat,Regular,2025-01-06
16595,Vivaan Mehta,Female,21,Vadodara,Gujarat,New,2023-03-05
16596,Kavya Yadav,Female,36,New Delhi,Delhi,Regular,2023-03-17
16597,Isha Sharma,Male,45,Mohali,Punjab,Premium,2025-05-30
16598,Diya Gupta,Male,48,Rohini,Delhi,Regular,2025-11-04
16599,Vikas Singh,Male,36,Kolkata,West Bengal,Regular,2024-04-05
16600,Isha Arora,Female,20,Thane,Maharashtra,Regular,2023-07-15
16601,Aarav Gupta,Male,29,Jaipur,Rajasthan,New,2023-04-07
16602,Aarav Verma,Male,46,Mumbai,Maharashtra,Premium,2024-07-16
16603,Aditya Mishra,Female,42,Lucknow,Uttar Pradesh,Regular,2024-04-11
16604,Riya Saini,Male,24,Vadodara,Gujarat,VIP,2023-04-28
16605,Rohan Kumar,Female,54,Ajmer,Rajasthan,Regular,2025-08-02
16606,Aman Kapoor,Female,23,Amritsar,Punjab,Regular,2025-04-03
16607,Vikas Gupta,Male,30,Jalandhar,Punjab,VIP,2024-04-25
16608,Neha Sharma,Male,39,Kota,Rajasthan,New,2024-06-19
16609,Meera Chopra,Female,33,Howrah,West Bengal,Regular,2023-09-19
16610,Isha Singh,Other,31,Kanpur,Uttar Pradesh,Regular,2025-06-14
16611,Aditya Saini,Female,34,Kolkata,West Bengal,Regular,2025-09-17
16612,Vivaan Verma,Male,44,Ahmedabad,Gujarat,Regular,2024-03-24
16613,Arjun Sharma,Male,53,Saket,Delhi,Regular,2025-01-10
16614,Karan Chopra,Male,37,Karnal,Haryana,VIP,2025-07-03
16615,Ananya Kumar,Female,28,Karnal,Haryana,Premium,2025-04-04
16616,Neha Bansal,Male,35,Vadodara,Gujarat,Regular,2023-06-25
16617,Aman Bansal,Male,54,Rohini,Delhi,Regular,2023-04-25
16618,Meera Chopra,Female,42,Noida,Uttar Pradesh,Premium,2023-09-10
16619,Aman Singh,Male,47,Jodhpur,Rajasthan,Regular,2025-02-10
16620,Sneha Arora,Male,42,Thane,Maharashtra,Regular,2024-09-04
16621,Aarav Chopra,Female,43,Patiala,Punjab,New,2025-05-05
16622,Aditi Chopra,Female,34,Varanasi,Uttar Pradesh,Regular,2024-11-28
16623,Karan Kapoor,Male,48,Ajmer,Rajasthan,Regular,2023-06-12
16624,Neha Verma,Female,18,Jaipur,Rajasthan,Premium,2025-08-12
16625,Yash Kumar,Female,40,Ahmedabad,Gujarat,Regular,2025-12-03
16626,Vikas Arora,Female,39,Mohali,Punjab,VIP,2023-03-18
16627,Rohan Arora,Female,25,Gandhinagar,Gujarat,Regular,2025-02-28
16628,Riya Arora,Female,37,Pune,Maharashtra,Premium,2025-03-06
16629,Rohan Kumar,Female,40,Pune,Maharashtra,Regular,2024-11-02
16630,Aditi Bansal,Female,18,Nashik,Maharashtra,Premium,2025-03-13
16631,Vivaan Sharma,Female,38,Varanasi,Uttar Pradesh,VIP,2024-01-05
16632,Ananya Sharma,Male,47,Jalandhar,Punjab,Regular,2023-07-12
16633,Rahul Kapoor,Male,51,Pune,Maharashtra,Regular,2024-01-04
16634,Kavya Arora,Female,40,Jaipur,Rajasthan,New,2023-10-17
16635,Riya Mehta,Male,33,Thane,Maharashtra,Premium,2024-06-08
16636,Aman Yadav,Male,44,Kanpur,Uttar Pradesh,Premium,2025-10-29
16637,Isha Gupta,Female,26,Durgapur,West Bengal,Regular,2024-12-05
16638,Aditi Mishra,Male,42,Nagpur,Maharashtra,Regular,2023-10-15
16639,Vivaan Verma,Female,34,Karnal,Haryana,Regular,2025-03-25
16640,Ananya Kumar,Male,46,Lucknow,Uttar Pradesh,Regular,2025-06-21
16641,Arjun Verma,Male,29,Vadodara,Gujarat,Regular,2024-02-16
16642,Meera Bansal,Male,51,Surat,Gujarat,New,2025-05-29
16643,Rahul Arora,Male,46,Kota,Rajasthan,Regular,2024-12-13
16644,Vikas Verma,Male,38,Kolkata,West Bengal,Premium,2023-06-14
16645,Riya Kumar,Male,37,Dwarka,Delhi,Regular,2025-07-24
16646,Kavya Chopra,Male,51,Lucknow,Uttar Pradesh,Regular,2023-02-24
16647,Yash Bansal,Female,56,Durgapur,West Bengal,Regular,2023-08-28
16648,Vikas Kumar,Male,31,Durgapur,West Bengal,VIP,2025-02-12
16649,Kavya Mishra,Female,31,Mumbai,Maharashtra,Premium,2025-09-06
16650,Sneha Arora,Female,47,Surat,Gujarat,Regular,2025-03-31
16651,Meera Agarwal,Male,18,Ambala,Haryana,Premium,2023-06-03
16652,Rohan Sharma,Male,18,Durgapur,West Bengal,Premium,2025-02-12
16653,Kavya Kapoor,Male,27,Kanpur,Uttar Pradesh,VIP,2024-10-15
16654,Kavya Sharma,Female,37,Patiala,Punjab,Premium,2024-12-04
16655,Aman Kumar,Female,23,New Delhi,Delhi,New,2024-07-30
16656,Rahul Mishra,Male,22,Lucknow,Uttar Pradesh,Regular,2023-05-11
16657,Aditya Saini,Female,30,Dwarka,Delhi,Premium,2023-12-29
16658,Diya Agarwal,Female,48,Lucknow,Uttar Pradesh,VIP,2025-11-24
16659,Aarav Kapoor,Female,31,Jalandhar,Punjab,New,2024-06-09
16660,Neha Kapoor,Male,46,Noida,Uttar Pradesh,Regular,2023-12-21
16661,Arjun Saini,Male,36,Pune,Maharashtra,Regular,2024-05-17
16662,Neha Kapoor,Male,50,Varanasi,Uttar Pradesh,Regular,2023-05-06
16663,Meera Kapoor,Female,32,Agra,Uttar Pradesh,Regular,2023-07-28
16664,Aditya Bansal,Female,39,Rajkot,Gujarat,Regular,2023-06-11
16665,Rohan Verma,Female,37,Siliguri,West Bengal,VIP,2025-02-16
16666,Aditi Sharma,Male,33,Vadodara,Gujarat,Premium,2024-02-05
16667,Meera Mishra,Female,43,Agra,Uttar Pradesh,Premium,2024-02-01
16668,Rahul Gupta,Female,41,Rajkot,Gujarat,Regular,2025-05-26
16669,Isha Kapoor,Male,37,Patiala,Punjab,Premium,2024-10-06
16670,Aarav Sharma,Male,18,Patiala,Punjab,New,2025-01-01
16671,Meera Agarwal,Female,23,Lucknow,Uttar Pradesh,New,2023-08-26
16672,Vivaan Verma,Male,25,Ahmedabad,Gujarat,VIP,2024-06-27
16673,Neha Kumar,Male,37,New Delhi,Delhi,Regular,2023-08-19
16674,Rohan Arora,Male,34,Gurugram,Haryana,New,2024-11-28
16675,Yash Arora,Female,27,Mohali,Punjab,VIP,2023-07-29
16676,Sneha Mishra,Female,26,Ahmedabad,Gujarat,VIP,2025-12-12
16677,Neha Singh,Male,42,Thane,Maharashtra,Premium,2024-09-08
16678,Neha Mehta,Female,27,New Delhi,Delhi,Regular,2023-06-27
16679,Riya Kapoor,Female,18,Mumbai,Maharashtra,Regular,2024-05-29
16680,Isha Verma,Male,36,Jodhpur,Rajasthan,Regular,2023-05-11
16681,Yash Agarwal,Female,29,Nashik,Maharashtra,Regular,2024-12-13
16682,Rohan Sharma,Female,42,Rohini,Delhi,VIP,2024-06-23
16683,Kavya Singh,Female,27,Kolkata,West Bengal,VIP,2025-06-01
16684,Kavya Mehta,Male,32,Agra,Uttar Pradesh,VIP,2025-06-22
16685,Isha Mehta,Female,37,Nashik,Maharashtra,New,2025-02-08
16686,Aman Mishra,Male,18,Faridabad,Haryana,Premium,2023-12-12
16687,Ananya Kapoor,Male,29,Varanasi,Uttar Pradesh,Premium,2024-02-21
16688,Meera Chopra,Female,27,Noida,Uttar Pradesh,Regular,2023-05-18
16689,Aarav Gupta,Female,30,Udaipur,Rajasthan,Regular,2024-12-01
16690,Rohan Chopra,Female,29,Gurugram,Haryana,Premium,2023-09-15
16691,Karan Mehta,Male,34,Gandhinagar,Gujarat,New,2023-04-11
16692,Rohan Mehta,Male,36,Rohini,Delhi,VIP,2024-11-20
16693,Isha Agarwal,Female,41,Pune,Maharashtra,New,2025-07-30
16694,Aarav Sharma,Male,40,Rajkot,Gujarat,Regular,2023-11-07
16695,Sneha Arora,Male,46,Pune,Maharashtra,VIP,2025-05-03
16696,Yash Kapoor,Female,44,Vadodara,Gujarat,VIP,2023-02-02
16697,Aman Mehta,Female,48,Pune,Maharashtra,Premium,2025-12-11
16698,Yash Verma,Female,47,Noida,Uttar Pradesh,Premium,2025-07-02
16699,Riya Singh,Male,29,Surat,Gujarat,VIP,2023-05-02
16700,Vivaan Agarwal,Male,31,Noida,Uttar Pradesh,VIP,2024-09-19
16701,Karan Sharma,Female,32,Pune,Maharashtra,Regular,2024-04-15
16702,Rahul Kapoor,Female,46,Ahmedabad,Gujarat,Premium,2024-07-15
16703,Riya Arora,Other,32,Noida,Uttar Pradesh,Regular,2024-10-07
16704,Vivaan Kumar,Female,42,Lucknow,Uttar Pradesh,Regular,2023-12-14
16705,Diya Chopra,Female,18,Ajmer,Rajasthan,Premium,2023-07-11
16706,Aditi Saini,Male,18,Rajkot,Gujarat,Premium,2025-06-22
16707,Neha Chopra,Male,48,Howrah,West Bengal,Premium,2025-12-13
16708,Vikas Mishra,Male,40,Kota,Rajasthan,New,2023-04-02
16709,Isha Arora,Female,47,Mumbai,Maharashtra,Regular,2024-06-02
16710,Diya Sharma,Male,20,Howrah,West Bengal,Regular,2025-10-31
16711,Meera Bansal,Male,37,Karnal,Haryana,Regular,2023-03-31
16712,Kavya Sharma,Female,20,Karol Bagh,Delhi,Regular,2025-09-10
16713,Vikas Yadav,Male,44,Pune,Maharashtra,Premium,2024-05-26
16714,Yash Agarwal,Male,35,Surat,Gujarat,New,2023-07-08
16715,Karan Bansal,Female,34,Ahmedabad,Gujarat,New,2023-03-24
16716,Aman Bansal,Female,44,Noida,Uttar Pradesh,VIP,2023-08-06
16717,Arjun Saini,Male,34,Ambala,Haryana,VIP,2025-04-07
16718,Karan Chopra,Female,34,Agra,Uttar Pradesh,New,2023-08-14
16719,Neha Singh,Male,20,Karol Bagh,Delhi,Regular,2025-04-08
16720,Diya Bansal,Female,48,Lucknow,Uttar Pradesh,New,2024-05-06
16721,Riya Kapoor,Female,36,Surat,Gujarat,Premium,2023-10-13
16722,Yash Mehta,Male,40,Faridabad,Haryana,Premium,2024-01-15
16723,Ananya Kapoor,Female,21,Surat,Gujarat,Regular,2023-07-24
16724,Sneha Yadav,Male,49,Noida,Uttar Pradesh,Premium,2024-10-03
16725,Meera Singh,Male,37,Pune,Maharashtra,Regular,2024-01-13
16726,Yash Gupta,Female,52,Gurugram,Haryana,Regular,2023-01-16
16727,Diya Agarwal,Male,45,Agra,Uttar Pradesh,Premium,2023-03-28
16728,Ananya Yadav,Male,18,Faridabad,Haryana,Premium,2024-07-09
16729,Vikas Gupta,Male,43,Howrah,West Bengal,Premium,2023-07-24
16730,Kavya Gupta,Male,44,Vadodara,Gujarat,VIP,2024-01-17
16731,Aditya Mehta,Female,41,Ajmer,Rajasthan,Premium,2024-01-13
16732,Ananya Agarwal,Female,37,New Delhi,Delhi,New,2025-07-28
16733,Sneha Verma,Male,33,Howrah,West Bengal,New,2024-05-31
16734,Diya Yadav,Male,34,Lucknow,Uttar Pradesh,Premium,2023-10-08
16735,Aditya Kumar,Female,49,Ludhiana,Punjab,New,2024-12-04
16736,Meera Chopra,Male,49,Pune,Maharashtra,Regular,2024-12-23
16737,Rohan Mishra,Male,33,Kolkata,West Bengal,New,2025-05-05
16738,Diya Saini,Male,27,Karnal,Haryana,VIP,2024-04-06
16739,Aarav Singh,Male,47,Dwarka,Delhi,Regular,2024-10-26
16740,Ananya Chopra,Female,44,Siliguri,West Bengal,New,2023-11-23
16741,Kavya Mishra,Female,37,Ludhiana,Punjab,VIP,2025-12-25
16742,Riya Verma,Female,25,Patiala,Punjab,Regular,2024-07-12
16743,Meera Kapoor,Female,18,Pune,Maharashtra,New,2025-10-23
16744,Aman Bansal,Male,42,Vadodara,Gujarat,Premium,2025-07-28
16745,Meera Sharma,Female,29,Jodhpur,Rajasthan,New,2025-02-06
16746,Rahul Saini,Female,29,Kolkata,West Bengal,Premium,2023-05-09
16747,Aditi Kumar,Female,39,Thane,Maharashtra,Regular,2025-06-18
16748,Aarav Gupta,Male,29,Karnal,Haryana,New,2024-05-29
16749,Meera Arora,Female,29,Kolkata,West Bengal,Premium,2023-09-16
16750,Riya Singh,Female,27,Agra,Uttar Pradesh,Regular,2024-09-15
16751,Diya Sharma,Male,41,Agra,Uttar Pradesh,Regular,2023-09-18
16752,Aditi Arora,Other,25,Thane,Maharashtra,Premium,2023-11-22
16753,Riya Agarwal,Male,19,Varanasi,Uttar Pradesh,Regular,2025-06-03
16754,Aman Saini,Male,24,Ambala,Haryana,Regular,2023-06-21
16755,Neha Verma,Male,48,Ambala,Haryana,VIP,2024-08-10
16756,Karan Arora,Male,28,Varanasi,Uttar Pradesh,Regular,2025-11-14
16757,Rahul Kapoor,Female,39,Ahmedabad,Gujarat,Regular,2025-01-03
16758,Kavya Yadav,Male,31,Mumbai,Maharashtra,Regular,2025-11-04
16759,Neha Chopra,Male,32,Durgapur,West Bengal,Regular,2023-04-25
16760,Rahul Singh,Female,48,Kanpur,Uttar Pradesh,Regular,2023-11-28
16761,Aditi Sharma,Male,35,Dwarka,Delhi,Regular,2024-04-08
16762,Arjun Kumar,Female,51,Ludhiana,Punjab,Regular,2024-04-23
16763,Rohan Sharma,Female,53,Mohali,Punjab,Regular,2025-02-08
16764,Kavya Mehta,Male,50,Lucknow,Uttar Pradesh,Regular,2023-05-03
16765,Ananya Sharma,Female,29,Rajkot,Gujarat,Regular,2024-08-26
16766,Vikas Singh,Female,36,Kolkata,West Bengal,Premium,2025-06-11
16767,Riya Sharma,Female,49,Durgapur,West Bengal,Regular,2023-11-13
16768,Neha Gupta,Female,42,New Delhi,Delhi,Premium,2024-01-03
16769,Neha Chopra,Female,46,Kolkata,West Bengal,Regular,2025-02-15
16770,Rahul Yadav,Male,46,Noida,Uttar Pradesh,VIP,2024-11-27
16771,Aditi Bansal,Male,47,Ludhiana,Punjab,VIP,2025-11-14
16772,Neha Singh,Female,24,Howrah,West Bengal,Premium,2024-11-18
16773,Vikas Saini,Female,33,Mumbai,Maharashtra,Regular,2023-12-10
16774,Aditya Bansal,Male,28,Ludhiana,Punjab,VIP,2024-06-25
16775,Rahul Chopra,Male,33,Agra,Uttar Pradesh,VIP,2025-08-05
16776,Diya Yadav,Female,36,Lucknow,Uttar Pradesh,Regular,2023-03-08
16777,Kavya Gupta,Female,35,Ahmedabad,Gujarat,Regular,2025-10-03
16778,Riya Kumar,Male,28,Agra,Uttar Pradesh,New,2023-02-15
16779,Rohan Yadav,Female,21,Asansol,West Bengal,New,2025-11-12
16780,Isha Bansal,Female,19,Panipat,Haryana,Regular,2024-12-03
16781,Yash Mehta,Female,52,Kanpur,Uttar Pradesh,Regular,2023-03-20
16782,Aman Arora,Male,46,Jaipur,Rajasthan,Regular,2023-02-23
16783,Yash Mehta,Female,37,Jaipur,Rajasthan,New,2024-02-18
16784,Neha Chopra,Male,18,Agra,Uttar Pradesh,Premium,2024-07-27
16785,Riya Mishra,Female,26,Vadodara,Gujarat,Regular,2025-10-05
16786,Ananya Verma,Male,39,Asansol,West Bengal,Regular,2024-03-27
16787,Vikas Verma,Female,42,Siliguri,West Bengal,Premium,2023-11-05
16788,Aditya Kapoor,Male,31,Vadodara,Gujarat,Regular,2025-05-23
16789,Aditya Kumar,Female,40,Ahmedabad,Gujarat,New,2025-11-28
16790,Rahul Agarwal,Female,33,Nashik,Maharashtra,Regular,2024-03-14
16791,Neha Kumar,Other,45,Gandhinagar,Gujarat,Regular,2024-01-21
16792,Yash Verma,Male,34,Agra,Uttar Pradesh,Premium,2023-08-04
16793,Aarav Singh,Male,33,Lucknow,Uttar Pradesh,Regular,2025-05-28
16794,Arjun Sharma,Male,29,Kanpur,Uttar Pradesh,Regular,2023-07-27
16795,Vivaan Saini,Male,42,Kota,Rajasthan,Regular,2025-10-17
16796,Riya Mishra,Male,38,Agra,Uttar Pradesh,Premium,2023-10-30
16797,Yash Kapoor,Female,22,Kolkata,West Bengal,Premium,2025-09-03
16798,Diya Yadav,Female,38,Agra,Uttar Pradesh,Regular,2024-10-22
16799,Sneha Kapoor,Male,36,Ambala,Haryana,Regular,2023-09-04
16800,Riya Sharma,Male,44,Jodhpur,Rajasthan,Regular,2023-04-07
16801,Yash Chopra,Female,33,Panipat,Haryana,Premium,2025-06-18
16802,Meera Bansal,Male,24,Patiala,Punjab,Regular,2023-03-27
16803,Meera Verma,Female,29,Karol Bagh,Delhi,Premium,2025-12-01
16804,Aman Bansal,Male,52,Udaipur,Rajasthan,VIP,2025-05-24
16805,Neha Mishra,Male,32,Varanasi,Uttar Pradesh,VIP,2024-02-13
16806,Vivaan Mishra,Male,44,Rajkot,Gujarat,Premium,2025-09-19
16807,Isha Arora,Male,20,Rajkot,Gujarat,Regular,2023-02-06
16808,Aditya Agarwal,Female,38,Kanpur,Uttar Pradesh,Regular,2025-05-14
16809,Riya Gupta,Male,19,Noida,Uttar Pradesh,New,2024-06-29
16810,Aman Mehta,Female,35,Varanasi,Uttar Pradesh,New,2025-07-07
16811,Sneha Bansal,Male,27,Ahmedabad,Gujarat,New,2023-01-28
16812,Neha Arora,Female,25,Karnal,Haryana,Regular,2023-08-03
16813,Karan Agarwal,Female,24,Panipat,Haryana,Regular,2025-07-25
16814,Riya Singh,Female,32,Surat,Gujarat,Premium,2025-01-10
16815,Karan Mehta,Male,18,Ajmer,Rajasthan,Regular,2023-04-15
16816,Diya Chopra,Female,20,Ludhiana,Punjab,Regular,2023-12-03
16817,Kavya Arora,Male,35,Rohini,Delhi,Regular,2024-03-24
16818,Rohan Saini,Male,18,Kolkata,West Bengal,Premium,2023-07-09
16819,Aman Saini,Female,19,Surat,Gujarat,VIP,2023-03-25
16820,Sneha Agarwal,Female,52,Mumbai,Maharashtra,Regular,2024-12-08
16821,Vivaan Agarwal,Male,50,Kota,Rajasthan,New,2023-11-24
16822,Aditi Mishra,Female,26,Kota,Rajasthan,New,2025-08-24
16823,Aditya Gupta,Male,37,Durgapur,West Bengal,Premium,2025-12-28
16824,Aditya Chopra,Male,26,Asansol,West Bengal,Regular,2024-03-28
16825,Aditya Verma,Female,26,New Delhi,Delhi,Premium,2023-10-20
16826,Karan Agarwal,Female,18,Rajkot,Gujarat,Premium,2025-10-14
16827,Aditya Sharma,Male,49,Karol Bagh,Delhi,Premium,2024-02-10
16828,Aman Mishra,Female,40,Saket,Delhi,Premium,2023-01-11
16829,Yash Mehta,Female,41,Thane,Maharashtra,Premium,2024-03-22
16830,Vivaan Chopra,Female,39,Varanasi,Uttar Pradesh,Regular,2023-08-08
16831,Diya Gupta,Male,32,Howrah,West Bengal,New,2025-12-27
16832,Aditya Gupta,Male,29,Panipat,Haryana,Regular,2025-04-15
16833,Aarav Chopra,Female,34,Ajmer,Rajasthan,Regular,2023-06-14
16834,Riya Kapoor,Female,49,Kolkata,West Bengal,VIP,2024-11-18
16835,Isha Kapoor,Female,34,Howrah,West Bengal,Premium,2024-10-05
16836,Vivaan Mehta,Female,53,Amritsar,Punjab,Regular,2025-06-02
16837,Ananya Kapoor,Male,26,Agra,Uttar Pradesh,Regular,2025-03-28
16838,Meera Agarwal,Female,19,Nagpur,Maharashtra,New,2025-03-17
16839,Riya Singh,Male,25,Ludhiana,Punjab,Regular,2023-06-11
16840,Kavya Kapoor,Male,32,Durgapur,West Bengal,New,2025-12-04
16841,Yash Singh,Male,48,Asansol,West Bengal,New,2025-05-06
16842,Karan Kapoor,Female,29,Mohali,Punjab,Regular,2024-09-12
16843,Aman Gupta,Male,19,Jalandhar,Punjab,Regular,2024-09-26
16844,Aarav Mehta,Male,34,Gurugram,Haryana,Premium,2025-06-17
16845,Rohan Kapoor,Male,46,Asansol,West Bengal,Premium,2024-12-04
16846,Riya Bansal,Male,34,Dwarka,Delhi,Regular,2025-08-09
16847,Ananya Singh,Male,36,Noida,Uttar Pradesh,New,2025-08-25
16848,Isha Mehta,Female,34,Agra,Uttar Pradesh,Regular,2024-09-29
16849,Rohan Verma,Male,32,Nagpur,Maharashtra,Regular,2023-09-11
16850,Aditi Arora,Male,58,Karnal,Haryana,Regular,2025-12-14
16851,Diya Yadav,Female,47,Saket,Delhi,Regular,2024-11-21
16852,Sneha Kapoor,Female,53,Howrah,West Bengal,New,2025-10-25
16853,Sneha Kapoor,Female,63,Durgapur,West Bengal,Regular,2024-04-02
16854,Yash Agarwal,Male,47,Surat,Gujarat,Regular,2024-10-12
16855,Aditi Sharma,Female,29,Panipat,Haryana,Regular,2024-01-10
16856,Isha Mishra,Male,43,Noida,Uttar Pradesh,Premium,2024-10-19
16857,Neha Gupta,Female,53,Mumbai,Maharashtra,Regular,2024-09-28
16858,Aditi Mehta,Male,39,Karol Bagh,Delhi,New,2024-07-31
16859,Diya Mehta,Male,31,Siliguri,West Bengal,Regular,2024-04-30
16860,Aditya Gupta,Female,48,Mumbai,Maharashtra,New,2025-07-05
16861,Riya Sharma,Male,21,Ambala,Haryana,Regular,2025-01-02
16862,Aditya Kumar,Male,35,Howrah,West Bengal,New,2025-02-12
16863,Sneha Singh,Female,42,Kolkata,West Bengal,Regular,2025-03-18
16864,Yash Verma,Female,33,Ambala,Haryana,Premium,2023-12-12
16865,Aman Arora,Female,40,Udaipur,Rajasthan,Regular,2025-09-18
16866,Isha Verma,Female,41,Agra,Uttar Pradesh,New,2023-08-03
16867,Rahul Saini,Female,40,Noida,Uttar Pradesh,Regular,2024-03-21
16868,Rohan Mishra,Male,32,Amritsar,Punjab,Premium,2024-06-26
16869,Neha Arora,Female,30,Nashik,Maharashtra,Regular,2025-03-31
16870,Aman Verma,Female,33,Durgapur,West Bengal,Regular,2023-01-14
16871,Aditya Chopra,Female,20,Udaipur,Rajasthan,Regular,2023-01-05
16872,Rohan Chopra,Male,48,Gurugram,Haryana,New,2023-05-09
16873,Ananya Gupta,Female,39,Mumbai,Maharashtra,Regular,2023-01-28
16874,Meera Yadav,Male,36,Varanasi,Uttar Pradesh,Premium,2025-08-24
16875,Vivaan Saini,Female,27,Ahmedabad,Gujarat,Premium,2024-07-01
16876,Aarav Arora,Male,35,Lucknow,Uttar Pradesh,Regular,2024-12-25
16877,Rohan Kumar,Female,35,Jalandhar,Punjab,Premium,2023-01-25
16878,Sneha Verma,Male,30,Jalandhar,Punjab,VIP,2024-09-27
16879,Rahul Kumar,Female,45,Rajkot,Gujarat,Regular,2023-08-10
16880,Vikas Kumar,Male,23,New Delhi,Delhi,Regular,2025-08-23
16881,Riya Bansal,Male,25,Ahmedabad,Gujarat,Premium,2025-02-10
16882,Rohan Mishra,Female,45,Dwarka,Delhi,Premium,2023-08-06
16883,Kavya Mishra,Male,49,Kanpur,Uttar Pradesh,Regular,2025-09-08
16884,Vivaan Kumar,Male,37,Udaipur,Rajasthan,VIP,2025-03-20
16885,Rohan Mehta,Male,24,Siliguri,West Bengal,New,2025-07-21
16886,Meera Verma,Female,47,Durgapur,West Bengal,Regular,2023-06-02
16887,Rohan Sharma,Male,36,Dwarka,Delhi,New,2025-08-14
16888,Kavya Gupta,Male,35,Kanpur,Uttar Pradesh,New,2024-04-25
16889,Kavya Gupta,Female,49,Amritsar,Punjab,New,2023-01-21
16890,Vikas Sharma,Male,42,Ajmer,Rajasthan,Regular,2025-06-30
16891,Karan Mehta,Male,30,Udaipur,Rajasthan,Regular,2025-01-28
16892,Aditi Mishra,Female,18,Siliguri,West Bengal,New,2024-11-08
16893,Aarav Gupta,Male,31,Asansol,West Bengal,Regular,2023-01-15
16894,Karan Singh,Female,39,Noida,Uttar Pradesh,Regular,2024-01-12
16895,Aditya Agarwal,Female,40,Jodhpur,Rajasthan,Regular,2023-03-29
16896,Riya Saini,Female,22,Howrah,West Bengal,New,2025-02-22
16897,Karan Mehta,Female,28,Gandhinagar,Gujarat,New,2025-02-19
16898,Yash Agarwal,Male,18,Karnal,Haryana,Regular,2025-07-14
16899,Ananya Arora,Female,37,Lucknow,Uttar Pradesh,Premium,2025-10-27
16900,Karan Verma,Female,18,Noida,Uttar Pradesh,Regular,2025-10-03
16901,Riya Mehta,Male,29,Karol Bagh,Delhi,New,2023-07-31
16902,Yash Saini,Male,25,Dwarka,Delhi,Premium,2025-09-18
16903,Vivaan Mehta,Female,41,Karnal,Haryana,Regular,2023-01-23
16904,Sneha Agarwal,Male,38,Nashik,Maharashtra,Premium,2024-01-28
16905,Isha Bansal,Male,27,Rohini,Delhi,New,2025-05-09
16906,Rohan Bansal,Female,36,Gurugram,Haryana,Regular,2023-08-01
16907,Ananya Kapoor,Female,41,Karol Bagh,Delhi,Regular,2023-04-29
16908,Vivaan Arora,Male,37,Surat,Gujarat,Premium,2025-02-05
16909,Diya Kumar,Male,18,Surat,Gujarat,Regular,2024-03-19
16910,Vivaan Agarwal,Male,57,Jodhpur,Rajasthan,Regular,2023-08-24
16911,Rahul Kumar,Female,39,Noida,Uttar Pradesh,Regular,2023-12-04
16912,Arjun Chopra,Female,45,Siliguri,West Bengal,VIP,2025-09-28
16913,Meera Mehta,Male,27,Saket,Delhi,Regular,2024-11-04
16914,Karan Bansal,Female,25,Saket,Delhi,New,2023-05-06
16915,Aarav Mishra,Male,29,Lucknow,Uttar Pradesh,Regular,2024-11-09
16916,Meera Saini,Female,54,Amritsar,Punjab,Regular,2024-09-01
16917,Aditi Mishra,Male,31,Kanpur,Uttar Pradesh,New,2025-10-22
16918,Karan Verma,Female,33,Asansol,West Bengal,Premium,2024-10-10
16919,Vikas Kapoor,Male,53,Nagpur,Maharashtra,Regular,2023-05-21
16920,Arjun Bansal,Male,30,Varanasi,Uttar Pradesh,Regular,2025-11-28
16921,Rahul Kumar,Male,34,Howrah,West Bengal,VIP,2025-11-25
16922,Aarav Agarwal,Male,21,Ambala,Haryana,Premium,2025-01-14
16923,Vivaan Arora,Female,53,Rohini,Delhi,Premium,2024-02-11
16924,Ananya Kumar,Female,26,Pune,Maharashtra,Regular,2024-11-10
16925,Neha Yadav,Female,32,Thane,Maharashtra,Regular,2023-11-22
16926,Kavya Kumar,Male,18,Gurugram,Haryana,New,2025-12-12
16927,Rahul Verma,Male,32,Agra,Uttar Pradesh,Premium,2024-06-01
16928,Aditi Mishra,Male,33,Thane,Maharashtra,Premium,2023-01-29
16929,Ananya Kumar,Male,30,Nashik,Maharashtra,New,2024-10-04
16930,Isha Mishra,Male,18,Nashik,Maharashtra,Premium,2023-01-20
16931,Isha Arora,Female,39,Noida,Uttar Pradesh,Regular,2023-03-22
16932,Ananya Arora,Male,18,Ambala,Haryana,Regular,2025-02-07
16933,Aman Bansal,Female,18,Kanpur,Uttar Pradesh,VIP,2023-02-01
16934,Ananya Yadav,Female,31,Mohali,Punjab,New,2024-01-04
16935,Aarav Kapoor,Male,46,Asansol,West Bengal,Regular,2024-04-05
16936,Vikas Mehta,Female,34,Kota,Rajasthan,Premium,2023-08-26
16937,Sneha Yadav,Male,37,Agra,Uttar Pradesh,Regular,2025-04-07
16938,Rahul Gupta,Male,27,Rajkot,Gujarat,Regular,2025-04-24
16939,Vivaan Mehta,Male,27,Kota,Rajasthan,Premium,2023-10-31
16940,Neha Mehta,Female,43,Kanpur,Uttar Pradesh,New,2024-11-14
16941,Aditya Agarwal,Male,46,Surat,Gujarat,Regular,2023-07-15
16942,Neha Mishra,Female,45,Kolkata,West Bengal,VIP,2023-02-06
16943,Vikas Singh,Male,40,Nashik,Maharashtra,Regular,2023-06-11
16944,Riya Yadav,Male,37,Faridabad,Haryana,Regular,2025-07-17
16945,Sneha Singh,Male,20,Mumbai,Maharashtra,Regular,2025-03-31
16946,Rahul Arora,Female,28,Rajkot,Gujarat,Premium,2025-09-17
16947,Diya Mishra,Female,27,Amritsar,Punjab,VIP,2023-04-21
16948,Yash Chopra,Female,35,Karol Bagh,Delhi,New,2025-12-09
16949,Vikas Agarwal,Male,42,Kolkata,West Bengal,Regular,2024-12-17
16950,Vivaan Chopra,Male,31,Gurugram,Haryana,Premium,2025-12-27
16951,Meera Kumar,Female,18,Ahmedabad,Gujarat,Premium,2025-06-14
16952,Neha Singh,Male,47,Udaipur,Rajasthan,Regular,2023-11-14
16953,Aman Mishra,Male,25,Kanpur,Uttar Pradesh,Regular,2024-08-07
16954,Karan Mehta,Male,26,Ambala,Haryana,Regular,2024-10-31
16955,Isha Gupta,Female,40,Rajkot,Gujarat,Premium,2023-10-14
16956,Aditi Verma,Female,29,Noida,Uttar Pradesh,VIP,2023-08-19
16957,Neha Chopra,Male,34,Jodhpur,Rajasthan,Regular,2025-05-21
16958,Rahul Saini,Female,37,Mumbai,Maharashtra,Regular,2025-06-17
16959,Sneha Mehta,Female,35,Thane,Maharashtra,New,2025-01-11
16960,Riya Arora,Male,31,Kolkata,West Bengal,VIP,2024-01-09
16961,Yash Kumar,Male,35,Jodhpur,Rajasthan,Regular,2023-10-19
16962,Ananya Gupta,Female,57,Lucknow,Uttar Pradesh,Premium,2024-07-06
16963,Sneha Saini,Female,47,Durgapur,West Bengal,Premium,2023-01-01
16964,Vikas Gupta,Male,44,Mumbai,Maharashtra,Premium,2024-12-08
16965,Neha Kapoor,Female,39,Varanasi,Uttar Pradesh,Regular,2025-03-23
16966,Sneha Singh,Male,51,Patiala,Punjab,Regular,2024-01-24
16967,Vikas Sharma,Female,44,Rajkot,Gujarat,Premium,2025-09-08
16968,Vikas Kumar,Male,48,Varanasi,Uttar Pradesh,Regular,2023-06-16
16969,Diya Verma,Male,48,Mumbai,Maharashtra,New,2023-07-20
16970,Aditi Mishra,Female,42,Ajmer,Rajasthan,Regular,2025-04-10
16971,Sneha Bansal,Male,40,New Delhi,Delhi,Regular,2023-07-22
16972,Yash Bansal,Male,32,Nagpur,Maharashtra,VIP,2025-08-24
16973,Karan Agarwal,Female,54,Panipat,Haryana,Regular,2025-08-11
16974,Diya Chopra,Female,34,Noida,Uttar Pradesh,Premium,2025-09-03
16975,Rohan Verma,Female,24,Nashik,Maharashtra,New,2025-03-15
16976,Rahul Mishra,Male,38,Agra,Uttar Pradesh,Regular,2024-07-22
16977,Aarav Mehta,Female,33,Surat,Gujarat,Premium,2023-09-24
16978,Vikas Bansal,Male,25,Ahmedabad,Gujarat,Premium,2023-06-25
16979,Rahul Chopra,Male,25,Surat,Gujarat,New,2024-11-20
16980,Vikas Agarwal,Male,35,Gurugram,Haryana,Regular,2024-08-19
16981,Vivaan Verma,Male,36,Dwarka,Delhi,Regular,2023-08-26
16982,Riya Arora,Male,20,Jodhpur,Rajasthan,New,2025-03-13
16983,Karan Arora,Male,31,Howrah,West Bengal,VIP,2025-07-26
16984,Sneha Bansal,Other,44,Vadodara,Gujarat,Regular,2023-09-18
16985,Neha Arora,Female,18,Ahmedabad,Gujarat,Regular,2025-06-28
16986,Aditya Agarwal,Female,32,Noida,Uttar Pradesh,New,2023-12-11
16987,Aarav Kapoor,Female,34,Noida,Uttar Pradesh,New,2023-09-23
16988,Aarav Agarwal,Female,41,Jaipur,Rajasthan,Regular,2024-10-14
16989,Aarav Sharma,Male,32,Mohali,Punjab,New,2024-08-14
16990,Arjun Mishra,Female,30,Gurugram,Haryana,Regular,2025-11-15
16991,Diya Mishra,Male,40,Kolkata,West Bengal,Premium,2024-02-10
16992,Arjun Agarwal,Male,33,Dwarka,Delhi,New,2024-03-31
16993,Aman Saini,Male,52,Dwarka,Delhi,Regular,2024-05-22
16994,Karan Yadav,Female,40,Ambala,Haryana,Premium,2023-08-20
16995,Aman Yadav,Male,42,Durgapur,West Bengal,Regular,2023-07-22
16996,Aditya Chopra,Female,35,Nagpur,Maharashtra,VIP,2025-03-14
16997,Ananya Sharma,Female,53,Nagpur,Maharashtra,New,2023-10-03
16998,Sneha Agarwal,Male,28,Asansol,West Bengal,Regular,2025-05-28
16999,Karan Chopra,Male,23,Kanpur,Uttar Pradesh,Regular,2024-02-12
17000,Aditi Kapoor,Female,33,Nagpur,Maharashtra,VIP,2025-08-18
17001,Aman Kumar,Male,31,Karnal,Haryana,Regular,2023-10-10
17002,Aman Agarwal,Female,33,Jalandhar,Punjab,Regular,2025-03-22
17003,Aditi Bansal,Female,54,Ahmedabad,Gujarat,Premium,2024-11-20
17004,Riya Kapoor,Male,26,Ahmedabad,Gujarat,VIP,2025-09-21
17005,Vivaan Singh,Male,33,Kanpur,Uttar Pradesh,VIP,2025-02-11
17006,Neha Saini,Female,18,Lucknow,Uttar Pradesh,Regular,2023-01-18
17007,Rohan Chopra,Female,53,Kota,Rajasthan,Premium,2025-08-03
17008,Vikas Mehta,Male,18,Panipat,Haryana,Regular,2025-04-04
17009,Rohan Verma,Male,35,Rohini,Delhi,Regular,2024-06-17
17010,Rohan Gupta,Female,21,Rohini,Delhi,Regular,2023-05-05
17011,Diya Gupta,Male,20,Dwarka,Delhi,Premium,2023-09-23
17012,Rahul Gupta,Female,25,Vadodara,Gujarat,Regular,2025-01-09
17013,Arjun Kapoor,Female,23,New Delhi,Delhi,Premium,2025-11-07
17014,Sneha Gupta,Female,37,Mohali,Punjab,New,2025-09-29
17015,Neha Chopra,Male,21,Jodhpur,Rajasthan,Regular,2024-11-30
17016,Rahul Kumar,Female,44,Durgapur,West Bengal,Regular,2024-02-03
17017,Aarav Yadav,Male,47,Dwarka,Delhi,Regular,2023-03-06
17018,Kavya Saini,Male,51,Karnal,Haryana,New,2024-06-28
17019,Karan Chopra,Female,19,Lucknow,Uttar Pradesh,New,2023-06-17
17020,Isha Agarwal,Male,26,Surat,Gujarat,VIP,2025-02-21
17021,Karan Mishra,Female,29,Nagpur,Maharashtra,VIP,2024-06-06
17022,Riya Mishra,Female,28,Ahmedabad,Gujarat,New,2023-10-04
17023,Meera Arora,Male,42,Durgapur,West Bengal,Regular,2025-06-20
17024,Isha Mishra,Male,37,Vadodara,Gujarat,Regular,2025-09-11
17025,Diya Gupta,Male,25,Nagpur,Maharashtra,Regular,2025-05-29
17026,Aditi Agarwal,Male,31,Jodhpur,Rajasthan,Regular,2023-09-20
17027,Aditya Sharma,Female,34,Ambala,Haryana,Premium,2024-03-08
17028,Karan Arora,Female,32,Howrah,West Bengal,Premium,2024-12-30
17029,Kavya Agarwal,Female,27,Noida,Uttar Pradesh,New,2023-12-09
17030,Diya Singh,Female,23,Mohali,Punjab,Premium,2024-08-13
17031,Diya Saini,Male,42,Nashik,Maharashtra,New,2025-04-30
17032,Vivaan Kapoor,Male,22,Agra,Uttar Pradesh,Regular,2024-05-09
17033,Meera Arora,Male,41,Nashik,Maharashtra,Premium,2025-04-06
17034,Diya Agarwal,Male,36,Thane,Maharashtra,Regular,2025-01-19
17035,Aarav Mehta,Male,25,Noida,Uttar Pradesh,Regular,2024-02-04
17036,Yash Kapoor,Male,39,Ahmedabad,Gujarat,VIP,2023-08-07
17037,Rohan Mishra,Female,27,Saket,Delhi,Premium,2023-08-28
17038,Aman Saini,Male,40,Lucknow,Uttar Pradesh,Regular,2024-12-13
17039,Aman Bansal,Female,26,Udaipur,Rajasthan,Regular,2025-04-20
17040,Neha Kapoor,Male,35,Nagpur,Maharashtra,Premium,2025-07-17
17041,Neha Mishra,Male,34,Surat,Gujarat,New,2025-08-11
17042,Ananya Chopra,Male,28,Kanpur,Uttar Pradesh,New,2024-12-24
17043,Yash Agarwal,Male,31,Mumbai,Maharashtra,Premium,2023-02-20
17044,Aditya Arora,Male,28,Ludhiana,Punjab,New,2025-02-10
17045,Sneha Kumar,Female,46,Durgapur,West Bengal,Premium,2023-12-05
17046,Meera Kapoor,Female,27,Noida,Uttar Pradesh,Regular,2023-06-21
17047,Aditya Arora,Female,33,Rajkot,Gujarat,Premium,2023-09-21
17048,Vivaan Mishra,Female,18,Karnal,Haryana,Premium,2025-04-26
17049,Vivaan Kapoor,Female,27,Rohini,Delhi,VIP,2024-02-16
17050,Neha Kapoor,Female,40,Kota,Rajasthan,New,2023-08-13
17051,Aditi Mehta,Male,39,Siliguri,West Bengal,Regular,2024-05-16
17052,Aman Kapoor,Female,38,Udaipur,Rajasthan,Regular,2023-08-12
17053,Arjun Saini,Female,34,Siliguri,West Bengal,Premium,2023-10-24
17054,Meera Saini,Female,37,Jodhpur,Rajasthan,Regular,2024-02-09
17055,Aditi Yadav,Female,48,Udaipur,Rajasthan,New,2024-10-03
17056,Karan Singh,Male,25,Ludhiana,Punjab,Regular,2024-04-17
17057,Kavya Singh,Female,46,Surat,Gujarat,Regular,2023-05-09
17058,Neha Verma,Female,25,Karol Bagh,Delhi,Premium,2023-09-06
17059,Kavya Saini,Female,37,Asansol,West Bengal,Premium,2024-03-25
17060,Karan Yadav,Female,25,Siliguri,West Bengal,New,2024-07-06
17061,Aarav Saini,Male,42,Siliguri,West Bengal,Premium,2023-11-26
17062,Ananya Gupta,Male,21,Ajmer,Rajasthan,Premium,2025-07-23
17063,Arjun Kumar,Female,24,Pune,Maharashtra,Regular,2024-03-22
17064,Kavya Kumar,Male,33,Rajkot,Gujarat,Regular,2025-02-07
17065,Karan Arora,Female,26,Mohali,Punjab,Premium,2023-07-11
17066,Yash Chopra,Female,27,Nagpur,Maharashtra,Regular,2023-11-23
17067,Aman Agarwal,Male,33,Ambala,Haryana,VIP,2024-09-08
17068,Aman Chopra,Male,21,Jaipur,Rajasthan,New,2025-08-12
17069,Arjun Verma,Female,35,Patiala,Punjab,Premium,2023-11-18
17070,Diya Bansal,Male,38,Jalandhar,Punjab,Premium,2025-01-22
17071,Ananya Gupta,Male,18,Lucknow,Uttar Pradesh,Premium,2023-02-02
17072,Ananya Kapoor,Female,36,Noida,Uttar Pradesh,New,2025-07-04
17073,Arjun Yadav,Female,36,Mumbai,Maharashtra,Premium,2023-06-27
17074,Aditi Arora,Female,38,Faridabad,Haryana,Regular,2025-08-07
17075,Isha Yadav,Female,35,Jodhpur,Rajasthan,Premium,2025-10-08
17076,Arjun Saini,Male,38,Ludhiana,Punjab,Premium,2025-03-21
17077,Karan Kapoor,Female,37,Nagpur,Maharashtra,Regular,2023-01-27
17078,Vikas Chopra,Female,36,Nagpur,Maharashtra,Premium,2024-06-17
17079,Vivaan Bansal,Female,38,Mumbai,Maharashtra,Regular,2023-02-23
17080,Aman Mishra,Male,49,Vadodara,Gujarat,Premium,2024-09-03
17081,Kavya Sharma,Male,47,Agra,Uttar Pradesh,Premium,2025-02-05
17082,Meera Verma,Male,33,Ahmedabad,Gujarat,Regular,2023-02-02
17083,Vikas Chopra,Male,28,Agra,Uttar Pradesh,Regular,2024-03-29
17084,Ananya Sharma,Male,47,Kota,Rajasthan,Regular,2025-08-22
17085,Rahul Chopra,Other,57,Nagpur,Maharashtra,Regular,2024-12-30
17086,Aditya Mishra,Male,34,Gurugram,Haryana,New,2024-10-28
17087,Rahul Mehta,Male,39,Mumbai,Maharashtra,Regular,2024-10-06
17088,Aditya Arora,Male,31,Pune,Maharashtra,New,2024-08-23
17089,Aarav Kumar,Female,39,Noida,Uttar Pradesh,New,2023-09-28
17090,Kavya Saini,Female,18,Faridabad,Haryana,Premium,2024-07-21
17091,Isha Chopra,Female,29,Gurugram,Haryana,New,2024-06-16
17092,Ananya Yadav,Female,41,Howrah,West Bengal,Regular,2025-03-06
17093,Ananya Verma,Female,25,Thane,Maharashtra,Regular,2023-05-29
17094,Yash Verma,Female,40,Mohali,Punjab,VIP,2024-11-28
17095,Kavya Chopra,Male,39,Agra,Uttar Pradesh,Regular,2023-05-14
17096,Diya Bansal,Male,40,Pune,Maharashtra,Premium,2023-02-02
17097,Yash Kapoor,Male,29,Surat,Gujarat,Regular,2024-01-08
17098,Aman Kumar,Male,42,Karnal,Haryana,New,2024-08-17
17099,Yash Kapoor,Female,52,New Delhi,Delhi,New,2025-06-08
17100,Neha Chopra,Male,29,Kolkata,West Bengal,Regular,2024-05-19
17101,Aditi Chopra,Female,27,Gurugram,Haryana,New,2024-02-07
17102,Aman Agarwal,Male,32,Dwarka,Delhi,Regular,2023-09-15
17103,Arjun Chopra,Male,37,Howrah,West Bengal,Regular,2023-07-06
17104,Neha Kumar,Male,24,Thane,Maharashtra,Premium,2024-07-04
17105,Yash Mehta,Female,29,Dwarka,Delhi,Regular,2024-10-21
17106,Meera Mehta,Female,49,Panipat,Haryana,Regular,2023-05-10
17107,Meera Mishra,Female,45,Panipat,Haryana,New,2025-02-28
17108,Ananya Kumar,Female,24,New Delhi,Delhi,Premium,2023-05-21
17109,Riya Gupta,Male,53,Durgapur,West Bengal,Regular,2023-05-18
17110,Aditya Kumar,Male,30,Agra,Uttar Pradesh,Regular,2023-08-13
17111,Rohan Agarwal,Female,37,Mumbai,Maharashtra,Premium,2024-10-20
17112,Yash Kumar,Female,34,Durgapur,West Bengal,Regular,2025-09-25
17113,Arjun Mishra,Male,43,Lucknow,Uttar Pradesh,Regular,2023-06-15
17114,Aditi Chopra,Male,23,Jalandhar,Punjab,Premium,2023-02-06
17115,Diya Agarwal,Female,29,Jaipur,Rajasthan,Regular,2025-09-12
17116,Rahul Sharma,Male,25,Siliguri,West Bengal,Premium,2024-12-29
17117,Meera Kapoor,Female,23,Ahmedabad,Gujarat,Regular,2024-01-01
17118,Vivaan Yadav,Female,27,Faridabad,Haryana,Regular,2024-09-03
17119,Ananya Arora,Male,26,Pune,Maharashtra,Regular,2024-10-03
17120,Aarav Chopra,Male,40,Nagpur,Maharashtra,New,2023-04-19
17121,Aditya Arora,Female,30,Kolkata,West Bengal,Premium,2023-11-03
17122,Vikas Saini,Female,31,Mohali,Punjab,Regular,2023-07-05
17123,Rohan Arora,Female,18,Jodhpur,Rajasthan,New,2025-03-10
17124,Yash Sharma,Female,44,Durgapur,West Bengal,Regular,2025-05-04
17125,Rohan Gupta,Female,18,Lucknow,Uttar Pradesh,Premium,2023-11-29
17126,Kavya Verma,Male,35,Jodhpur,Rajasthan,Premium,2024-07-21
17127,Kavya Kapoor,Female,47,Karnal,Haryana,Regular,2023-10-03
17128,Riya Arora,Male,49,Karol Bagh,Delhi,Regular,2025-12-24
17129,Vikas Sharma,Male,20,Agra,Uttar Pradesh,Regular,2023-09-29
17130,Sneha Saini,Male,32,Asansol,West Bengal,Premium,2025-11-09
17131,Rahul Verma,Male,42,New Delhi,Delhi,Regular,2025-02-22
17132,Riya Chopra,Male,30,Udaipur,Rajasthan,Regular,2023-12-04
17133,Arjun Kumar,Female,45,Mumbai,Maharashtra,Regular,2024-05-06
17134,Aarav Agarwal,Male,18,Jalandhar,Punjab,Premium,2023-12-07
17135,Yash Mishra,Female,36,Udaipur,Rajasthan,Regular,2024-04-07
17136,Aditi Arora,Female,38,Rajkot,Gujarat,Regular,2024-02-09
17137,Arjun Kumar,Male,23,Howrah,West Bengal,New,2024-05-22
17138,Neha Sharma,Male,42,Mumbai,Maharashtra,New,2024-04-04
17139,Rahul Chopra,Male,24,Nagpur,Maharashtra,VIP,2023-03-04
17140,Yash Yadav,Male,50,Patiala,Punjab,Premium,2024-11-26
17141,Isha Verma,Male,31,Asansol,West Bengal,Premium,2024-06-28
17142,Diya Arora,Male,32,Amritsar,Punjab,Regular,2025-09-18
17143,Neha Kumar,Male,24,Gandhinagar,Gujarat,Premium,2025-08-31
17144,Rahul Gupta,Male,30,Saket,Delhi,New,2023-07-08
17145,Neha Mehta,Male,27,Howrah,West Bengal,Regular,2025-07-13
17146,Karan Saini,Female,37,Mumbai,Maharashtra,Premium,2023-05-28
17147,Aarav Kumar,Male,37,Ahmedabad,Gujarat,New,2024-10-15
17148,Aditi Saini,Female,33,Dwarka,Delhi,Regular,2023-09-01
17149,Vivaan Bansal,Male,36,Noida,Uttar Pradesh,New,2024-12-03
17150,Yash Gupta,Male,23,Nagpur,Maharashtra,Regular,2025-01-21
17151,Karan Bansal,Female,24,Surat,Gujarat,Premium,2025-02-16
17152,Rahul Singh,Male,46,Jalandhar,Punjab,Regular,2025-06-24
17153,Aditya Verma,Male,27,Kolkata,West Bengal,Premium,2025-01-26
17154,Aman Chopra,Female,37,Siliguri,West Bengal,Premium,2023-07-10
17155,Aditi Saini,Male,18,Saket,Delhi,Premium,2025-10-27
17156,Meera Chopra,Male,38,Gandhinagar,Gujarat,Premium,2023-03-13
17157,Aarav Yadav,Male,46,Kota,Rajasthan,Regular,2025-01-21
17158,Aman Sharma,Male,35,Jodhpur,Rajasthan,Regular,2024-02-04
17159,Meera Saini,Male,36,Agra,Uttar Pradesh,New,2023-09-10
17160,Arjun Gupta,Female,50,Nashik,Maharashtra,Regular,2025-01-27
17161,Isha Kumar,Female,37,Gandhinagar,Gujarat,New,2025-11-01
17162,Riya Bansal,Female,27,Varanasi,Uttar Pradesh,Premium,2024-11-29
17163,Aman Mehta,Female,30,Nashik,Maharashtra,Regular,2025-08-27
17164,Ananya Bansal,Female,28,Thane,Maharashtra,Premium,2024-05-12
17165,Aarav Mishra,Female,44,Nashik,Maharashtra,Premium,2024-08-30
17166,Arjun Agarwal,Female,47,Panipat,Haryana,Premium,2024-03-14
17167,Aman Mehta,Male,45,Rajkot,Gujarat,Premium,2023-06-19
17168,Riya Mishra,Male,27,Jaipur,Rajasthan,New,2024-10-30
17169,Aarav Chopra,Female,35,Karol Bagh,Delhi,Premium,2025-03-29
17170,Riya Gupta,Female,41,Karol Bagh,Delhi,Regular,2025-11-07
17171,Aarav Mehta,Male,22,Jodhpur,Rajasthan,VIP,2024-06-07
17172,Kavya Singh,Female,43,Durgapur,West Bengal,Premium,2023-09-20
17173,Diya Bansal,Female,43,Noida,Uttar Pradesh,New,2023-03-25
17174,Vivaan Sharma,Male,40,Gandhinagar,Gujarat,VIP,2023-06-04
17175,Karan Yadav,Female,42,Ambala,Haryana,Regular,2023-08-15
17176,Riya Sharma,Female,33,Jodhpur,Rajasthan,Regular,2024-05-31
17177,Aarav Agarwal,Female,26,Durgapur,West Bengal,Regular,2025-01-10
17178,Vivaan Singh,Male,46,Rajkot,Gujarat,Premium,2024-05-01
17179,Vivaan Mehta,Male,34,Karol Bagh,Delhi,VIP,2023-09-12
17180,Sneha Verma,Male,29,Ajmer,Rajasthan,Regular,2024-02-27
17181,Vikas Singh,Male,35,Saket,Delhi,Regular,2023-10-08
17182,Aarav Kapoor,Male,35,Varanasi,Uttar Pradesh,Regular,2023-06-10
17183,Karan Yadav,Female,29,Ahmedabad,Gujarat,Regular,2025-08-10
17184,Kavya Chopra,Female,39,Vadodara,Gujarat,Regular,2025-10-04
17185,Karan Chopra,Male,53,Rohini,Delhi,Premium,2023-07-05
17186,Aman Bansal,Male,22,Durgapur,West Bengal,Regular,2024-12-31
17187,Kavya Gupta,Female,22,Pune,Maharashtra,Premium,2024-12-17
17188,Aditya Singh,Male,46,Noida,Uttar Pradesh,New,2025-09-08
17189,Karan Sharma,Other,42,Jaipur,Rajasthan,Regular,2024-04-10
17190,Neha Chopra,Female,51,Nashik,Maharashtra,Regular,2025-02-26
17191,Karan Yadav,Female,53,Pune,Maharashtra,Regular,2025-09-13
17192,Isha Mehta,Male,42,Ajmer,Rajasthan,Regular,2024-04-11
17193,Diya Agarwal,Female,23,Jaipur,Rajasthan,Regular,2023-01-05
17194,Aditi Mehta,Male,38,Amritsar,Punjab,Regular,2024-10-29
17195,Vikas Chopra,Female,31,Surat,Gujarat,Premium,2025-05-06
17196,Rohan Mishra,Male,39,Jaipur,Rajasthan,Regular,2023-05-16
17197,Arjun Mehta,Female,27,Patiala,Punjab,Regular,2025-06-03
17198,Ananya Agarwal,Male,40,Surat,Gujarat,Regular,2025-03-17
17199,Rohan Mishra,Male,41,Durgapur,West Bengal,Regular,2023-02-10
17200,Sneha Agarwal,Male,37,Siliguri,West Bengal,New,2024-02-09
17201,Aman Saini,Male,38,Varanasi,Uttar Pradesh,Regular,2025-03-03
17202,Aditya Kapoor,Female,42,Ludhiana,Punjab,Regular,2025-11-10
17203,Vikas Kumar,Female,27,Ajmer,Rajasthan,Regular,2023-12-21
17204,Rohan Yadav,Female,37,Patiala,Punjab,Regular,2023-06-08
17205,Aman Saini,Male,33,Durgapur,West Bengal,Regular,2024-05-27
17206,Vikas Kumar,Male,45,Ludhiana,Punjab,Regular,2025-11-03
17207,Yash Mishra,Male,42,Dwarka,Delhi,Premium,2025-08-09
17208,Riya Sharma,Male,28,Kanpur,Uttar Pradesh,Regular,2024-05-04
17209,Rohan Singh,Female,41,Lucknow,Uttar Pradesh,Regular,2025-10-26
17210,Kavya Yadav,Male,48,Rajkot,Gujarat,Regular,2024-11-17
17211,Aman Kapoor,Female,38,Jaipur,Rajasthan,VIP,2025-08-14
17212,Vivaan Kumar,Female,31,Patiala,Punjab,Regular,2023-06-16
17213,Neha Kapoor,Female,23,Saket,Delhi,Regular,2023-08-16
17214,Karan Mishra,Female,18,Kota,Rajasthan,Premium,2024-11-08
17215,Aman Kapoor,Male,45,Patiala,Punjab,Regular,2023-09-09
17216,Yash Mishra,Male,20,Pune,Maharashtra,VIP,2023-05-30
17217,Neha Bansal,Female,24,Thane,Maharashtra,New,2024-09-04
17218,Rahul Verma,Female,35,Pune,Maharashtra,Regular,2025-10-11
17219,Meera Chopra,Male,37,Durgapur,West Bengal,New,2023-04-14
17220,Vivaan Singh,Male,49,Howrah,West Bengal,Premium,2024-04-29
17221,Vivaan Sharma,Female,38,Durgapur,West Bengal,New,2025-04-23
17222,Karan Chopra,Male,31,Dwarka,Delhi,Regular,2023-01-13
17223,Sneha Saini,Female,31,Patiala,Punjab,New,2023-03-07
17224,Riya Kumar,Male,19,Lucknow,Uttar Pradesh,Regular,2024-03-08
17225,Diya Gupta,Female,48,Howrah,West Bengal,Regular,2025-08-26
17226,Ananya Sharma,Female,43,Siliguri,West Bengal,Premium,2025-05-06
17227,Vikas Mehta,Female,37,Ahmedabad,Gujarat,New,2023-06-17
17228,Karan Yadav,Male,48,Mohali,Punjab,Regular,2025-08-30
17229,Meera Mishra,Female,45,Asansol,West Bengal,Premium,2023-03-31
17230,Neha Yadav,Female,39,Agra,Uttar Pradesh,Premium,2024-08-01
17231,Vivaan Mishra,Female,34,Karnal,Haryana,Premium,2023-10-01
17232,Rahul Bansal,Male,34,Kanpur,Uttar Pradesh,VIP,2024-01-30
17233,Neha Bansal,Male,19,Karnal,Haryana,Regular,2023-06-25
17234,Vikas Sharma,Male,45,Kota,Rajasthan,Regular,2025-11-11
17235,Rohan Agarwal,Male,32,Noida,Uttar Pradesh,Regular,2023-07-06
17236,Isha Mishra,Female,45,Jodhpur,Rajasthan,Regular,2023-02-21
17237,Ananya Singh,Male,41,Nashik,Maharashtra,Regular,2023-07-02
17238,Isha Saini,Female,35,Asansol,West Bengal,Premium,2025-12-30
17239,Riya Agarwal,Male,42,Mumbai,Maharashtra,New,2023-08-19
17240,Meera Mishra,Male,26,Varanasi,Uttar Pradesh,New,2024-01-20
17241,Vikas Verma,Female,19,Gandhinagar,Gujarat,Premium,2024-08-24
17242,Kavya Mishra,Female,32,Siliguri,West Bengal,Premium,2024-06-24
17243,Riya Chopra,Female,38,Jalandhar,Punjab,Premium,2023-07-18
17244,Arjun Mehta,Female,43,Jaipur,Rajasthan,New,2023-08-30
17245,Vikas Arora,Female,35,Varanasi,Uttar Pradesh,VIP,2024-06-09
17246,Rahul Mishra,Female,25,Ambala,Haryana,Regular,2024-07-04
17247,Diya Verma,Female,47,Nagpur,Maharashtra,Premium,2025-11-09
17248,Neha Gupta,Female,30,Gandhinagar,Gujarat,Regular,2023-06-26
17249,Arjun Sharma,Male,38,Mohali,Punjab,Regular,2025-04-27
17250,Rohan Agarwal,Female,39,Gandhinagar,Gujarat,Regular,2024-10-04
17251,Rahul Yadav,Female,35,Gandhinagar,Gujarat,VIP,2025-09-27
17252,Ananya Kumar,Male,18,Siliguri,West Bengal,Regular,2025-10-19
17253,Ananya Chopra,Male,27,Dwarka,Delhi,Premium,2025-11-17
17254,Rahul Agarwal,Female,39,Howrah,West Bengal,Regular,2023-07-24
17255,Aarav Saini,Female,50,Noida,Uttar Pradesh,New,2024-09-06
17256,Aarav Yadav,Other,41,Nagpur,Maharashtra,Regular,2023-05-31
17257,Meera Kumar,Male,39,Faridabad,Haryana,Regular,2025-04-02
17258,Sneha Verma,Male,18,Panipat,Haryana,Premium,2023-02-10
17259,Yash Verma,Male,45,Pune,Maharashtra,Regular,2025-04-01
17260,Diya Bansal,Female,43,Lucknow,Uttar Pradesh,Premium,2025-02-03
17261,Aman Verma,Female,40,Saket,Delhi,Regular,2024-11-30
17262,Riya Singh,Female,37,Amritsar,Punjab,New,2025-04-02
17263,Kavya Mehta,Male,39,Nashik,Maharashtra,Premium,2024-10-01
17264,Arjun Bansal,Male,46,Panipat,Haryana,Premium,2024-12-27
17265,Yash Mishra,Male,33,Gandhinagar,Gujarat,Premium,2024-08-19
17266,Aman Agarwal,Female,38,Ambala,Haryana,Regular,2024-05-27
17267,Aditya Gupta,Male,31,Ludhiana,Punjab,Regular,2023-04-12
17268,Meera Bansal,Male,34,Lucknow,Uttar Pradesh,New,2025-05-20
17269,Sneha Mehta,Male,35,Jaipur,Rajasthan,Regular,2024-04-02
17270,Meera Bansal,Female,40,Agra,Uttar Pradesh,Regular,2024-05-29
17271,Rohan Mishra,Male,29,Noida,Uttar Pradesh,New,2024-08-03
17272,Riya Bansal,Male,33,Siliguri,West Bengal,Regular,2023-07-10
17273,Arjun Agarwal,Female,37,Nashik,Maharashtra,Regular,2024-10-24
17274,Rahul Singh,Female,33,Faridabad,Haryana,Regular,2023-03-16
17275,Aditi Chopra,Female,36,Varanasi,Uttar Pradesh,Regular,2024-01-01
17276,Yash Singh,Male,22,Howrah,West Bengal,Premium,2023-12-03
17277,Aditya Gupta,Female,40,Agra,Uttar Pradesh,Premium,2025-11-06
17278,Yash Arora,Female,28,Karnal,Haryana,Premium,2025-09-30
17279,Rahul Kapoor,Female,20,Rajkot,Gujarat,Regular,2025-02-16
17280,Arjun Gupta,Male,37,Nagpur,Maharashtra,New,2025-09-28
17281,Diya Singh,Male,37,Thane,Maharashtra,Regular,2025-01-12
17282,Karan Yadav,Female,38,Ambala,Haryana,Premium,2024-09-11
17283,Arjun Verma,Female,39,Patiala,Punjab,Regular,2023-06-11
17284,Riya Agarwal,Female,38,Mumbai,Maharashtra,Regular,2025-09-08
17285,Karan Verma,Male,49,Karol Bagh,Delhi,Regular,2024-02-21
17286,Rohan Singh,Female,42,Ajmer,Rajasthan,New,2025-02-25
17287,Ananya Saini,Male,43,Jodhpur,Rajasthan,Premium,2025-11-01
17288,Yash Gupta,Male,40,Saket,Delhi,New,2023-08-06
17289,Ananya Verma,Female,43,Asansol,West Bengal,New,2023-02-25
17290,Yash Arora,Male,30,Gandhinagar,Gujarat,Regular,2025-06-24
17291,Aman Saini,Male,40,Thane,Maharashtra,Regular,2024-03-27
17292,Aditya Sharma,Female,46,Ambala,Haryana,VIP,2025-05-17
17293,Ananya Sharma,Male,32,Ludhiana,Punjab,New,2024-05-20
17294,Kavya Singh,Female,48,Udaipur,Rajasthan,Regular,2025-09-29
17295,Vivaan Arora,Female,31,Jalandhar,Punjab,Regular,2025-03-12
17296,Sneha Mishra,Female,39,Kolkata,West Bengal,Premium,2024-04-27
17297,Riya Yadav,Female,24,Jalandhar,Punjab,Premium,2025-08-29
17298,Aditya Mishra,Female,42,Ajmer,Rajasthan,Premium,2024-09-14
17299,Isha Mehta,Male,46,Kanpur,Uttar Pradesh,Regular,2023-03-04
17300,Isha Verma,Male,34,Nashik,Maharashtra,Regular,2024-03-02
17301,Rahul Kapoor,Female,21,Patiala,Punjab,Regular,2023-02-02
17302,Meera Mehta,Male,34,Lucknow,Uttar Pradesh,Premium,2024-01-19
17303,Karan Mehta,Female,25,Dwarka,Delhi,Regular,2024-08-27
17304,Arjun Gupta,Male,35,Durgapur,West Bengal,Regular,2024-10-19
17305,Aarav Gupta,Male,42,Karnal,Haryana,Regular,2025-07-08
17306,Kavya Bansal,Male,39,Kolkata,West Bengal,Regular,2023-05-30
17307,Sneha Gupta,Male,18,Gandhinagar,Gujarat,Regular,2025-04-01
17308,Kavya Chopra,Other,31,Noida,Uttar Pradesh,Premium,2024-02-20
17309,Isha Mehta,Female,36,Surat,Gujarat,Regular,2025-05-19
17310,Meera Yadav,Female,48,Karnal,Haryana,Regular,2024-09-28
17311,Vikas Arora,Female,33,Asansol,West Bengal,Regular,2023-06-05
17312,Meera Chopra,Female,39,Kota,Rajasthan,Regular,2024-07-13
17313,Yash Bansal,Female,36,Noida,Uttar Pradesh,New,2025-08-20
17314,Aditya Kapoor,Female,28,Noida,Uttar Pradesh,Premium,2023-04-22
17315,Neha Agarwal,Male,29,Panipat,Haryana,New,2025-11-18
17316,Vivaan Sharma,Male,32,Durgapur,West Bengal,Regular,2024-09-09
17317,Diya Yadav,Female,47,Faridabad,Haryana,VIP,2025-04-05
17318,Aman Mishra,Female,26,Nagpur,Maharashtra,New,2025-08-03
17319,Yash Kumar,Female,32,Varanasi,Uttar Pradesh,Regular,2025-07-20
17320,Neha Chopra,Female,28,Asansol,West Bengal,Premium,2025-08-04
17321,Arjun Arora,Female,47,Rohini,Delhi,New,2023-07-27
17322,Arjun Agarwal,Female,38,Udaipur,Rajasthan,Premium,2025-10-01
17323,Meera Kumar,Female,48,Udaipur,Rajasthan,New,2024-09-20
17324,Vikas Kapoor,Male,18,Pune,Maharashtra,Premium,2023-10-02
17325,Isha Yadav,Male,43,Faridabad,Haryana,New,2023-11-09
17326,Vikas Mehta,Female,25,Karol Bagh,Delhi,VIP,2025-03-28
17327,Rahul Arora,Male,28,Karol Bagh,Delhi,Premium,2025-05-05
17328,Rohan Chopra,Male,32,Gandhinagar,Gujarat,Regular,2023-11-10
17329,Neha Agarwal,Female,34,Patiala,Punjab,Premium,2023-01-07
17330,Kavya Chopra,Male,34,Thane,Maharashtra,New,2023-10-05
17331,Ananya Arora,Female,27,Rohini,Delhi,New,2025-07-08
17332,Karan Saini,Female,33,Ahmedabad,Gujarat,Regular,2025-09-16
17333,Meera Agarwal,Female,33,Howrah,West Bengal,Regular,2024-05-13
17334,Arjun Verma,Female,18,Jaipur,Rajasthan,Premium,2023-05-30
17335,Isha Kapoor,Female,37,Kanpur,Uttar Pradesh,Regular,2024-11-06
17336,Aditi Kapoor,Male,34,Dwarka,Delhi,Premium,2025-04-21
17337,Isha Chopra,Male,36,Panipat,Haryana,Premium,2025-05-06
17338,Isha Chopra,Female,29,Dwarka,Delhi,Premium,2023-12-19
17339,Rahul Chopra,Female,34,Nashik,Maharashtra,Premium,2025-01-16
17340,Meera Gupta,Male,18,Udaipur,Rajasthan,VIP,2023-04-06
17341,Arjun Yadav,Female,29,Howrah,West Bengal,New,2025-11-15
17342,Arjun Singh,Female,30,Agra,Uttar Pradesh,Regular,2024-10-30
17343,Meera Bansal,Male,33,Mumbai,Maharashtra,VIP,2024-07-20
17344,Karan Chopra,Female,34,Udaipur,Rajasthan,Premium,2023-04-26
17345,Arjun Kapoor,Male,44,Ajmer,Rajasthan,Regular,2025-06-23
17346,Diya Chopra,Male,23,Dwarka,Delhi,VIP,2024-01-13
17347,Diya Yadav,Female,41,Udaipur,Rajasthan,Premium,2023-01-31
17348,Kavya Mishra,Female,54,Udaipur,Rajasthan,New,2024-05-07
17349,Kavya Mehta,Male,29,Thane,Maharashtra,Premium,2023-10-28
17350,Aarav Singh,Female,41,Asansol,West Bengal,Premium,2025-05-25
17351,Isha Arora,Male,48,Agra,Uttar Pradesh,Regular,2024-07-31
17352,Sneha Verma,Male,48,Ambala,Haryana,Premium,2024-09-26
17353,Vikas Mishra,Male,31,Kota,Rajasthan,VIP,2025-12-13
17354,Aarav Yadav,Male,45,Jaipur,Rajasthan,Premium,2025-01-17
17355,Aditi Kapoor,Male,43,Patiala,Punjab,Premium,2023-10-02
17356,Meera Agarwal,Female,46,Surat,Gujarat,New,2023-05-24
17357,Aman Gupta,Male,41,Durgapur,West Bengal,Premium,2024-08-25
17358,Diya Arora,Male,46,Durgapur,West Bengal,Regular,2023-07-08
17359,Meera Bansal,Female,32,Dwarka,Delhi,New,2023-01-02
17360,Aarav Sharma,Male,29,Howrah,West Bengal,Regular,2023-04-09
17361,Karan Yadav,Female,18,Pune,Maharashtra,Premium,2023-01-21
17362,Aarav Arora,Male,30,Varanasi,Uttar Pradesh,Regular,2024-08-12
17363,Riya Mishra,Male,31,Kota,Rajasthan,VIP,2024-03-06
17364,Karan Kumar,Female,18,Surat,Gujarat,Premium,2025-10-12
17365,Isha Mehta,Male,34,Ajmer,Rajasthan,New,2023-04-01
17366,Arjun Sharma,Male,45,Varanasi,Uttar Pradesh,VIP,2025-08-08
17367,Aman Bansal,Male,25,Kota,Rajasthan,New,2023-09-28
17368,Arjun Mishra,Male,53,Mumbai,Maharashtra,Premium,2024-12-17
17369,Arjun Bansal,Female,38,Ludhiana,Punjab,New,2025-10-02
17370,Arjun Chopra,Male,42,Asansol,West Bengal,VIP,2023-01-25
17371,Vikas Saini,Female,34,Mumbai,Maharashtra,Regular,2025-08-19
17372,Arjun Bansal,Female,25,Mumbai,Maharashtra,Regular,2025-10-01
17373,Ananya Arora,Male,39,Karnal,Haryana,Regular,2025-01-21
17374,Rohan Bansal,Female,42,Thane,Maharashtra,New,2025-06-04
17375,Vikas Agarwal,Female,32,Mohali,Punjab,Regular,2025-12-09
17376,Arjun Singh,Female,37,Ambala,Haryana,New,2025-05-24
17377,Aarav Singh,Male,34,Ajmer,Rajasthan,Premium,2024-03-10
17378,Isha Arora,Male,27,Kanpur,Uttar Pradesh,VIP,2025-03-23
17379,Rohan Mehta,Male,37,Mumbai,Maharashtra,Premium,2025-05-17
17380,Aman Arora,Male,27,Ambala,Haryana,Regular,2025-01-21
17381,Diya Bansal,Male,42,Lucknow,Uttar Pradesh,New,2025-01-17
17382,Aditya Chopra,Female,57,Patiala,Punjab,New,2024-02-25
17383,Arjun Sharma,Male,45,Siliguri,West Bengal,Regular,2023-11-18
17384,Isha Chopra,Female,32,Pune,Maharashtra,Premium,2024-03-12
17385,Karan Gupta,Male,37,Nagpur,Maharashtra,Premium,2024-08-02
17386,Sneha Kapoor,Female,45,Noida,Uttar Pradesh,Regular,2023-10-07
17387,Aditya Mehta,Female,33,Gurugram,Haryana,VIP,2024-04-19
17388,Isha Agarwal,Male,40,Kolkata,West Bengal,Regular,2024-07-28
17389,Riya Chopra,Female,41,Varanasi,Uttar Pradesh,Regular,2023-06-16
17390,Meera Sharma,Male,37,Kanpur,Uttar Pradesh,Regular,2024-07-17
17391,Riya Agarwal,Female,36,Nashik,Maharashtra,Regular,2023-09-16
17392,Rahul Yadav,Female,45,Karnal,Haryana,Premium,2023-09-16
17393,Yash Agarwal,Male,51,Vadodara,Gujarat,Regular,2023-12-27
17394,Kavya Yadav,Female,33,Kota,Rajasthan,Regular,2023-05-05
17395,Neha Bansal,Male,46,Dwarka,Delhi,New,2025-06-10
17396,Aarav Yadav,Male,19,Ambala,Haryana,Regular,2025-06-07
17397,Aman Kapoor,Male,39,Mohali,Punjab,New,2023-07-04
17398,Sneha Chopra,Male,18,Siliguri,West Bengal,Regular,2024-11-04
17399,Aarav Mehta,Female,26,Nagpur,Maharashtra,Regular,2023-03-23
17400,Aarav Mishra,Male,24,Dwarka,Delhi,Regular,2023-12-12
17401,Vivaan Gupta,Female,50,Faridabad,Haryana,Regular,2024-02-14
17402,Arjun Mehta,Male,31,Mumbai,Maharashtra,Regular,2024-06-13
17403,Diya Bansal,Female,34,Nagpur,Maharashtra,Regular,2024-03-18
17404,Arjun Mehta,Male,32,Noida,Uttar Pradesh,Regular,2023-11-19
17405,Diya Kapoor,Male,20,Lucknow,Uttar Pradesh,Regular,2023-11-15
17406,Aditya Kumar,Female,37,Karol Bagh,Delhi,Premium,2023-04-27
17407,Diya Yadav,Female,35,Mumbai,Maharashtra,Regular,2025-04-29
17408,Rahul Mehta,Female,26,Kolkata,West Bengal,Regular,2024-01-17
17409,Diya Verma,Male,48,Mohali,Punjab,VIP,2024-07-20
17410,Sneha Kapoor,Male,47,Mumbai,Maharashtra,Regular,2024-12-26
17411,Meera Arora,Male,21,Noida,Uttar Pradesh,Premium,2024-03-05
17412,Rahul Singh,Female,27,Varanasi,Uttar Pradesh,Regular,2025-05-27
17413,Rohan Agarwal,Male,39,Karol Bagh,Delhi,Premium,2023-11-02
17414,Yash Kumar,Male,29,Surat,Gujarat,Regular,2023-06-11
17415,Vivaan Kumar,Female,32,Udaipur,Rajasthan,Regular,2024-06-15
17416,Aditya Chopra,Female,24,Jaipur,Rajasthan,Regular,2025-09-22
17417,Vikas Chopra,Female,24,Kanpur,Uttar Pradesh,Premium,2023-09-10
17418,Aman Mishra,Male,29,Amritsar,Punjab,Premium,2024-09-12
17419,Vivaan Agarwal,Female,35,Panipat,Haryana,New,2025-06-01
17420,Arjun Kumar,Male,36,Nagpur,Maharashtra,Premium,2025-03-13
17421,Diya Singh,Male,26,Rohini,Delhi,New,2023-12-14
17422,Sneha Kumar,Female,23,Thane,Maharashtra,Regular,2025-03-10
17423,Meera Saini,Female,22,Lucknow,Uttar Pradesh,Regular,2023-09-25
17424,Arjun Mishra,Female,44,Agra,Uttar Pradesh,Regular,2024-02-01
17425,Aditya Sharma,Male,55,Kota,Rajasthan,Premium,2025-06-25
17426,Arjun Bansal,Female,38,Noida,Uttar Pradesh,Regular,2024-01-04
17427,Aarav Kapoor,Male,18,Panipat,Haryana,VIP,2025-11-03
17428,Aditya Arora,Female,40,Agra,Uttar Pradesh,Premium,2024-12-20
17429,Karan Mishra,Male,46,Pune,Maharashtra,Regular,2024-04-15
17430,Aditi Chopra,Male,28,Pune,Maharashtra,Premium,2023-09-08
17431,Diya Mishra,Male,43,Agra,Uttar Pradesh,Premium,2024-12-28
17432,Vikas Saini,Male,45,Udaipur,Rajasthan,VIP,2023-01-08
17433,Meera Gupta,Male,47,New Delhi,Delhi,New,2023-06-28
17434,Arjun Kapoor,Female,28,New Delhi,Delhi,Premium,2024-04-28
17435,Riya Saini,Male,35,Ambala,Haryana,New,2024-01-07
17436,Meera Mehta,Female,36,Howrah,West Bengal,Regular,2023-08-05
17437,Sneha Kapoor,Female,47,Karol Bagh,Delhi,Regular,2023-12-02
17438,Isha Bansal,Female,30,New Delhi,Delhi,Premium,2024-11-18
17439,Neha Gupta,Male,43,Rohini,Delhi,Regular,2024-11-30
17440,Rohan Mehta,Other,37,Jalandhar,Punjab,Regular,2025-05-31
17441,Vivaan Mehta,Male,44,Nagpur,Maharashtra,Premium,2025-02-18
17442,Aditi Mishra,Female,42,Gurugram,Haryana,New,2025-12-08
17443,Isha Singh,Female,27,Patiala,Punjab,Regular,2023-09-04
17444,Ananya Arora,Male,37,Nashik,Maharashtra,Regular,2024-01-19
17445,Rohan Verma,Female,27,Lucknow,Uttar Pradesh,Regular,2025-11-17
17446,Arjun Gupta,Male,34,Pune,Maharashtra,New,2025-06-14
17447,Vivaan Gupta,Male,51,Mumbai,Maharashtra,New,2024-02-02
17448,Meera Singh,Male,30,Dwarka,Delhi,New,2024-02-29
17449,Yash Mehta,Female,28,Mumbai,Maharashtra,Premium,2023-12-15
17450,Riya Kumar,Female,32,Ludhiana,Punjab,Regular,2025-12-23
17451,Yash Arora,Male,41,Jaipur,Rajasthan,Regular,2024-11-15
17452,Karan Gupta,Male,41,Kanpur,Uttar Pradesh,Regular,2024-08-27
17453,Isha Chopra,Male,38,Karol Bagh,Delhi,Premium,2024-04-03
17454,Riya Saini,Female,26,Thane,Maharashtra,Regular,2023-06-17
17455,Meera Arora,Female,32,Howrah,West Bengal,New,2024-09-19
17456,Karan Agarwal,Female,48,Kolkata,West Bengal,Regular,2024-04-28
17457,Ananya Chopra,Female,19,Nagpur,Maharashtra,Premium,2023-09-07
17458,Aman Yadav,Female,37,Lucknow,Uttar Pradesh,Premium,2024-06-06
17459,Rahul Kapoor,Male,32,Dwarka,Delhi,New,2025-08-11
17460,Neha Saini,Male,39,Saket,Delhi,Premium,2024-10-15
17461,Karan Agarwal,Female,35,Kota,Rajasthan,New,2025-11-27
17462,Kavya Arora,Female,19,Noida,Uttar Pradesh,Regular,2024-09-22
17463,Riya Agarwal,Female,40,Kolkata,West Bengal,New,2025-04-09
17464,Arjun Verma,Male,24,Lucknow,Uttar Pradesh,Premium,2025-01-26
17465,Isha Mehta,Male,22,Lucknow,Uttar Pradesh,Premium,2023-04-16
17466,Aarav Yadav,Male,35,Lucknow,Uttar Pradesh,Regular,2023-10-17
17467,Vikas Gupta,Female,30,Surat,Gujarat,Regular,2024-04-12
17468,Aditi Chopra,Female,26,Thane,Maharashtra,Regular,2023-05-26
17469,Aarav Sharma,Male,30,Mumbai,Maharashtra,New,2024-05-01
17470,Rohan Sharma,Female,27,Noida,Uttar Pradesh,New,2023-10-09
17471,Isha Bansal,Male,49,Surat,Gujarat,Premium,2023-04-15
17472,Meera Yadav,Male,37,Gurugram,Haryana,Regular,2023-09-15
17473,Vikas Agarwal,Male,32,Siliguri,West Bengal,Premium,2023-10-12
17474,Aditi Mishra,Female,42,Kota,Rajasthan,Regular,2025-07-05
17475,Arjun Kapoor,Female,32,Kanpur,Uttar Pradesh,New,2023-12-11
17476,Aditi Yadav,Female,31,Kota,Rajasthan,Premium,2023-04-16
17477,Meera Agarwal,Female,43,Nagpur,Maharashtra,Premium,2025-05-14
17478,Meera Saini,Male,27,Faridabad,Haryana,Regular,2025-06-20
17479,Vivaan Arora,Male,24,Siliguri,West Bengal,Regular,2025-04-19
17480,Riya Saini,Female,41,Lucknow,Uttar Pradesh,Regular,2023-12-28
17481,Isha Singh,Female,36,Kanpur,Uttar Pradesh,Regular,2024-04-12
17482,Aarav Yadav,Male,36,Patiala,Punjab,Premium,2023-05-09
17483,Yash Kapoor,Male,30,Varanasi,Uttar Pradesh,Premium,2024-07-08
17484,Aditya Singh,Male,40,Jodhpur,Rajasthan,Premium,2023-08-13
17485,Sneha Mehta,Male,20,Kanpur,Uttar Pradesh,Regular,2024-04-26
17486,Isha Mishra,Male,18,Mumbai,Maharashtra,Premium,2024-10-24
17487,Kavya Saini,Male,30,Kanpur,Uttar Pradesh,New,2024-09-18
17488,Vivaan Chopra,Female,40,Asansol,West Bengal,New,2023-04-18
17489,Kavya Kapoor,Male,46,Pune,Maharashtra,Regular,2025-11-23
17490,Riya Sharma,Female,39,Rajkot,Gujarat,New,2025-02-12
17491,Meera Sharma,Female,25,Ludhiana,Punjab,Regular,2023-12-31
17492,Meera Verma,Male,25,Agra,Uttar Pradesh,Premium,2024-03-01
17493,Aditi Singh,Female,46,Lucknow,Uttar Pradesh,Regular,2023-09-20
17494,Vivaan Sharma,Male,43,Nagpur,Maharashtra,New,2024-09-25
17495,Aditi Verma,Female,39,Gandhinagar,Gujarat,Premium,2025-01-11
17496,Vivaan Mishra,Male,43,Karnal,Haryana,New,2023-11-29
17497,Riya Mishra,Male,36,Ambala,Haryana,Premium,2023-06-18
17498,Meera Saini,Female,32,Gandhinagar,Gujarat,New,2024-09-29
17499,Vivaan Arora,Male,32,Karol Bagh,Delhi,Premium,2023-07-06
17500,Diya Agarwal,Male,40,Thane,Maharashtra,VIP,2025-01-21
17501,Sneha Arora,Male,36,Udaipur,Rajasthan,Premium,2024-09-02
17502,Diya Verma,Male,18,Gandhinagar,Gujarat,Premium,2023-09-21
17503,Sneha Kapoor,Female,43,Mohali,Punjab,Premium,2025-11-05
17504,Diya Arora,Male,40,Amritsar,Punjab,Regular,2025-07-13
17505,Yash Mishra,Male,37,Nashik,Maharashtra,Regular,2024-08-28
17506,Vikas Singh,Male,48,Siliguri,West Bengal,Regular,2024-06-20
17507,Meera Chopra,Male,26,Kanpur,Uttar Pradesh,Premium,2023-11-22
17508,Rahul Bansal,Female,23,Lucknow,Uttar Pradesh,Premium,2024-04-09
17509,Yash Singh,Male,39,Nashik,Maharashtra,Premium,2025-07-21
17510,Karan Yadav,Female,26,Durgapur,West Bengal,Premium,2025-05-01
17511,Diya Gupta,Female,51,Vadodara,Gujarat,Regular,2023-07-20
17512,Vivaan Yadav,Male,27,Kolkata,West Bengal,VIP,2025-07-25
17513,Kavya Arora,Female,27,Ambala,Haryana,Regular,2023-09-23
17514,Vivaan Saini,Female,30,Jalandhar,Punjab,Regular,2025-06-16
17515,Diya Mishra,Male,31,Nagpur,Maharashtra,VIP,2023-01-14
17516,Aarav Kapoor,Male,30,Rajkot,Gujarat,Regular,2024-02-22
17517,Sneha Singh,Male,31,Kanpur,Uttar Pradesh,Regular,2024-04-03
17518,Ananya Kapoor,Male,30,Saket,Delhi,Premium,2025-12-01
17519,Isha Agarwal,Male,18,Gandhinagar,Gujarat,Premium,2023-02-25
17520,Rahul Mehta,Female,39,Karnal,Haryana,New,2025-05-25
17521,Ananya Singh,Female,30,Noida,Uttar Pradesh,New,2023-02-28
17522,Ananya Kumar,Female,32,Ajmer,Rajasthan,Premium,2025-08-07
17523,Yash Saini,Female,22,Thane,Maharashtra,Premium,2024-01-10
17524,Arjun Verma,Female,19,Surat,Gujarat,Regular,2024-05-25
17525,Vivaan Bansal,Female,33,Kanpur,Uttar Pradesh,Premium,2023-07-30
17526,Yash Gupta,Other,50,Nagpur,Maharashtra,Regular,2025-09-25
17527,Riya Kumar,Male,49,Nagpur,Maharashtra,Regular,2025-11-17
17528,Neha Verma,Male,25,Nashik,Maharashtra,VIP,2025-10-11
17529,Diya Mishra,Male,27,Pune,Maharashtra,Regular,2024-09-30
17530,Aarav Verma,Male,36,Rohini,Delhi,New,2023-07-18
17531,Sneha Saini,Male,18,Faridabad,Haryana,Regular,2025-05-27
17532,Rahul Sharma,Male,28,Patiala,Punjab,Regular,2023-10-28
17533,Riya Sharma,Male,36,New Delhi,Delhi,VIP,2025-02-23
17534,Yash Mishra,Female,32,Kota,Rajasthan,Regular,2023-09-23
17535,Vivaan Saini,Female,18,Gandhinagar,Gujarat,Regular,2025-12-07
17536,Riya Singh,Female,18,Nashik,Maharashtra,Premium,2023-03-09
17537,Ananya Gupta,Male,20,Gandhinagar,Gujarat,Regular,2025-09-06
17538,Sneha Saini,Female,33,Varanasi,Uttar Pradesh,Premium,2023-01-09
17539,Arjun Saini,Female,26,Noida,Uttar Pradesh,Regular,2023-01-30
17540,Ananya Kapoor,Female,50,Noida,Uttar Pradesh,Regular,2023-11-20
17541,Vivaan Verma,Female,21,Patiala,Punjab,VIP,2023-06-29
17542,Yash Mehta,Male,46,Karnal,Haryana,Regular,2025-10-24
17543,Arjun Arora,Male,22,Mumbai,Maharashtra,Premium,2024-05-06
17544,Neha Verma,Female,59,Durgapur,West Bengal,Premium,2024-06-23
17545,Ananya Sharma,Male,41,Patiala,Punjab,Regular,2023-05-07
17546,Rahul Arora,Male,18,Faridabad,Haryana,Regular,2024-02-01
17547,Aman Arora,Male,46,Rajkot,Gujarat,Premium,2023-05-01
17548,Aditya Mishra,Male,29,New Delhi,Delhi,Regular,2024-09-29
17549,Aditi Mishra,Female,43,Ahmedabad,Gujarat,Regular,2025-05-31
17550,Kavya Mishra,Male,34,Thane,Maharashtra,Premium,2024-01-14
17551,Yash Kumar,Male,30,Siliguri,West Bengal,Premium,2023-01-21
17552,Meera Agarwal,Other,31,Lucknow,Uttar Pradesh,Regular,2024-01-14
17553,Rohan Bansal,Male,22,Pune,Maharashtra,New,2025-11-26
17554,Yash Mehta,Female,30,Jodhpur,Rajasthan,Regular,2023-07-05
17555,Aman Verma,Male,21,Mumbai,Maharashtra,Premium,2023-04-07
17556,Ananya Arora,Female,29,Varanasi,Uttar Pradesh,Premium,2025-02-07
17557,Riya Kapoor,Male,36,Mohali,Punjab,Premium,2024-12-05
17558,Sneha Arora,Female,45,Udaipur,Rajasthan,Regular,2023-11-30
17559,Kavya Gupta,Male,49,Jodhpur,Rajasthan,Premium,2025-12-22
17560,Neha Sharma,Female,34,Vadodara,Gujarat,Premium,2025-01-12
17561,Aditya Gupta,Male,23,Surat,Gujarat,Premium,2025-04-20
17562,Rahul Yadav,Male,33,Pune,Maharashtra,Premium,2023-12-21
17563,Aman Bansal,Female,32,Ludhiana,Punjab,Premium,2024-10-30
17564,Aditi Arora,Male,47,Nagpur,Maharashtra,Premium,2025-04-21
17565,Aditi Gupta,Female,43,Ajmer,Rajasthan,Premium,2024-04-29
17566,Arjun Saini,Female,36,Siliguri,West Bengal,New,2025-06-14
17567,Vikas Mishra,Male,49,Kolkata,West Bengal,Premium,2023-03-12
17568,Aarav Yadav,Male,29,Ambala,Haryana,Premium,2023-07-14
17569,Neha Saini,Female,40,Vadodara,Gujarat,Regular,2024-07-01
17570,Karan Kumar,Male,29,Panipat,Haryana,Regular,2024-12-23
17571,Kavya Chopra,Male,29,Lucknow,Uttar Pradesh,Premium,2025-03-29
17572,Aditi Verma,Female,18,Jaipur,Rajasthan,Regular,2023-09-02
17573,Ananya Agarwal,Male,35,Ludhiana,Punjab,Regular,2025-10-18
17574,Diya Bansal,Female,35,Vadodara,Gujarat,Regular,2024-09-06
17575,Rahul Sharma,Male,33,Panipat,Haryana,Regular,2025-03-26
17576,Rohan Mehta,Female,39,Ludhiana,Punjab,VIP,2023-09-28
17577,Sneha Saini,Male,44,Pune,Maharashtra,Premium,2025-08-21
17578,Isha Arora,Male,34,Nagpur,Maharashtra,Regular,2023-08-04
17579,Diya Agarwal,Female,40,Siliguri,West Bengal,New,2025-02-06
17580,Yash Singh,Male,38,Thane,Maharashtra,Regular,2025-04-20
17581,Kavya Sharma,Male,45,Pune,Maharashtra,Regular,2024-12-06
17582,Isha Mehta,Female,39,Agra,Uttar Pradesh,New,2025-05-24
17583,Aarav Bansal,Female,52,Faridabad,Haryana,Premium,2023-08-07
17584,Aditi Saini,Male,37,Jalandhar,Punjab,Premium,2024-10-05
17585,Aditya Sharma,Male,25,Jodhpur,Rajasthan,Premium,2024-01-15
17586,Vivaan Mehta,Female,47,Nagpur,Maharashtra,Premium,2023-11-22
17587,Rahul Sharma,Male,40,Varanasi,Uttar Pradesh,Premium,2025-06-04
17588,Riya Singh,Female,39,Gandhinagar,Gujarat,Regular,2025-03-12
17589,Karan Kumar,Male,19,Udaipur,Rajasthan,VIP,2025-07-09
17590,Isha Mishra,Female,49,Karnal,Haryana,Premium,2023-12-06
17591,Isha Singh,Male,44,Patiala,Punjab,Regular,2025-05-20
17592,Aarav Verma,Male,37,Rajkot,Gujarat,Premium,2023-05-19
17593,Karan Agarwal,Male,18,Nashik,Maharashtra,Regular,2023-11-01
17594,Ananya Verma,Male,31,Siliguri,West Bengal,VIP,2023-11-07
17595,Isha Kumar,Male,53,Amritsar,Punjab,New,2023-07-29
17596,Diya Singh,Male,39,Durgapur,West Bengal,Regular,2023-02-03
17597,Rahul Singh,Female,22,New Delhi,Delhi,New,2025-08-11
17598,Rahul Saini,Male,28,Gurugram,Haryana,Premium,2025-04-15
17599,Rahul Verma,Female,30,Siliguri,West Bengal,VIP,2025-05-25
17600,Ananya Sharma,Male,45,Karol Bagh,Delhi,Regular,2025-04-06
17601,Isha Yadav,Female,19,Nagpur,Maharashtra,Premium,2024-12-17
17602,Isha Kapoor,Female,45,Amritsar,Punjab,Regular,2023-10-13
17603,Diya Sharma,Female,42,Pune,Maharashtra,New,2024-03-25
17604,Vikas Gupta,Male,56,Asansol,West Bengal,Regular,2023-07-25
17605,Rahul Gupta,Female,39,Varanasi,Uttar Pradesh,Regular,2023-09-24
17606,Vikas Agarwal,Male,22,Thane,Maharashtra,Regular,2025-06-23
17607,Sneha Verma,Male,34,Ludhiana,Punjab,Premium,2024-02-21
17608,Karan Chopra,Female,24,Pune,Maharashtra,Regular,2024-01-27
17609,Yash Chopra,Male,38,Varanasi,Uttar Pradesh,New,2024-07-05
17610,Riya Gupta,Male,51,New Delhi,Delhi,Regular,2025-01-15
17611,Riya Mehta,Male,25,Agra,Uttar Pradesh,Regular,2023-03-26
17612,Diya Bansal,Male,43,Patiala,Punjab,Regular,2023-12-05
17613,Meera Mehta,Male,28,Howrah,West Bengal,Regular,2024-01-14
17614,Riya Mishra,Female,18,Lucknow,Uttar Pradesh,Regular,2024-09-06
17615,Aman Agarwal,Male,50,New Delhi,Delhi,Premium,2023-06-11
17616,Aditya Agarwal,Female,36,Noida,Uttar Pradesh,New,2025-09-05
17617,Diya Bansal,Female,39,Agra,Uttar Pradesh,Premium,2023-08-22
17618,Aarav Arora,Female,43,Vadodara,Gujarat,Regular,2025-11-25
17619,Meera Chopra,Female,18,Howrah,West Bengal,Premium,2023-03-21
17620,Yash Verma,Female,31,Lucknow,Uttar Pradesh,Premium,2024-10-30
17621,Aarav Chopra,Male,18,Rajkot,Gujarat,Regular,2024-03-19
17622,Rahul Chopra,Male,29,Nashik,Maharashtra,VIP,2025-07-01
17623,Diya Saini,Female,45,Ludhiana,Punjab,New,2025-02-10
17624,Yash Agarwal,Female,38,Nashik,Maharashtra,Regular,2023-02-09
17625,Rohan Saini,Female,28,Ajmer,Rajasthan,Regular,2025-06-02
17626,Arjun Singh,Male,34,Thane,Maharashtra,Regular,2024-06-14
17627,Isha Arora,Male,33,Durgapur,West Bengal,Regular,2025-08-08
17628,Meera Sharma,Male,37,Lucknow,Uttar Pradesh,Premium,2023-01-16
17629,Aditi Arora,Female,28,Siliguri,West Bengal,Regular,2024-11-04
17630,Riya Verma,Female,33,Ahmedabad,Gujarat,Premium,2023-10-06
17631,Karan Verma,Female,36,Udaipur,Rajasthan,VIP,2023-04-18
17632,Rohan Gupta,Female,38,Nagpur,Maharashtra,Regular,2023-12-26
17633,Rahul Bansal,Male,36,Varanasi,Uttar Pradesh,Regular,2025-12-22
17634,Vivaan Kapoor,Female,18,Kolkata,West Bengal,VIP,2024-12-11
17635,Sneha Chopra,Male,21,Thane,Maharashtra,Premium,2023-06-22
17636,Riya Yadav,Female,40,Gurugram,Haryana,VIP,2025-08-27
17637,Arjun Chopra,Male,31,Noida,Uttar Pradesh,Regular,2023-01-25
17638,Isha Mishra,Male,30,Nashik,Maharashtra,Premium,2025-01-06
17639,Yash Yadav,Male,31,Panipat,Haryana,Regular,2023-04-13
17640,Aman Bansal,Female,31,Gurugram,Haryana,Premium,2023-01-27
17641,Rahul Bansal,Female,18,Noida,Uttar Pradesh,VIP,2024-05-19
17642,Diya Kapoor,Male,51,Varanasi,Uttar Pradesh,Regular,2024-02-01
17643,Vikas Kapoor,Female,33,Noida,Uttar Pradesh,New,2023-12-11
17644,Ananya Singh,Female,34,Saket,Delhi,Regular,2025-01-13
17645,Neha Gupta,Female,35,Jalandhar,Punjab,Regular,2024-06-22
17646,Rahul Agarwal,Male,44,Mumbai,Maharashtra,Regular,2024-06-09
17647,Isha Bansal,Male,41,Jodhpur,Rajasthan,Regular,2025-10-07
17648,Neha Agarwal,Male,33,Rohini,Delhi,Regular,2023-09-01
17649,Rahul Singh,Male,25,Varanasi,Uttar Pradesh,Premium,2024-06-18
17650,Meera Kapoor,Female,46,Pune,Maharashtra,Regular,2025-01-22
17651,Rohan Kapoor,Male,35,Faridabad,Haryana,Regular,2023-12-04
17652,Karan Mishra,Male,40,Ludhiana,Punjab,Regular,2024-12-18
17653,Vivaan Yadav,Male,23,Panipat,Haryana,New,2023-05-23
17654,Rahul Kumar,Male,40,Gandhinagar,Gujarat,Regular,2025-05-28
17655,Yash Mishra,Female,20,Surat,Gujarat,Premium,2025-11-29
17656,Aditi Sharma,Female,30,Vadodara,Gujarat,VIP,2023-07-14
17657,Riya Verma,Male,35,Nagpur,Maharashtra,New,2024-05-22
17658,Riya Saini,Female,51,Nashik,Maharashtra,Premium,2024-01-15
17659,Diya Kapoor,Male,41,Jaipur,Rajasthan,Regular,2024-02-19
17660,Aditi Yadav,Female,48,Mumbai,Maharashtra,Premium,2023-11-17
17661,Rahul Mishra,Male,39,Ambala,Haryana,Regular,2024-01-25
17662,Rahul Mishra,Male,23,Nashik,Maharashtra,New,2025-09-08
17663,Aman Saini,Female,23,Ahmedabad,Gujarat,Regular,2023-02-15
17664,Meera Verma,Female,42,Jodhpur,Rajasthan,Premium,2023-06-03
17665,Vivaan Verma,Male,24,Agra,Uttar Pradesh,Regular,2024-05-31
17666,Rohan Agarwal,Female,19,Dwarka,Delhi,New,2023-12-19
17667,Vikas Mehta,Female,24,Nashik,Maharashtra,Premium,2023-06-11
17668,Yash Mehta,Male,37,Nashik,Maharashtra,Premium,2023-08-22
17669,Aditi Arora,Male,26,Kolkata,West Bengal,Premium,2024-09-28
17670,Aditya Yadav,Male,47,Varanasi,Uttar Pradesh,New,2023-05-22
17671,Isha Verma,Female,38,Gandhinagar,Gujarat,Premium,2023-09-25
17672,Ananya Verma,Other,36,Mumbai,Maharashtra,Regular,2024-04-24
17673,Sneha Sharma,Female,38,Kolkata,West Bengal,Premium,2025-06-02
17674,Riya Mishra,Female,40,Jaipur,Rajasthan,New,2024-07-28
17675,Neha Mehta,Female,40,Ajmer,Rajasthan,Premium,2023-05-18
17676,Neha Sharma,Male,26,Mumbai,Maharashtra,Premium,2024-01-21
17677,Aarav Agarwal,Male,47,Surat,Gujarat,Regular,2023-01-20
17678,Meera Singh,Male,40,Siliguri,West Bengal,New,2023-02-20
17679,Karan Bansal,Female,30,Gurugram,Haryana,Premium,2025-09-10
17680,Meera Singh,Female,42,Panipat,Haryana,Regular,2023-06-14
17681,Karan Chopra,Male,21,Howrah,West Bengal,Premium,2025-06-24
17682,Aarav Kapoor,Male,43,Jodhpur,Rajasthan,Premium,2025-11-24
17683,Ananya Sharma,Female,37,Pune,Maharashtra,Regular,2023-12-07
17684,Vikas Agarwal,Male,18,Kota,Rajasthan,Regular,2024-09-13
17685,Rohan Mishra,Female,54,Panipat,Haryana,Premium,2023-11-20
17686,Riya Bansal,Male,21,Rajkot,Gujarat,VIP,2023-05-10
17687,Vikas Gupta,Female,40,Ahmedabad,Gujarat,Regular,2023-05-24
17688,Aditi Gupta,Female,48,Agra,Uttar Pradesh,Regular,2023-03-20
17689,Neha Verma,Male,18,Noida,Uttar Pradesh,Regular,2025-06-11
17690,Arjun Verma,Female,36,Rajkot,Gujarat,Premium,2024-05-29
17691,Rohan Sharma,Male,43,Faridabad,Haryana,New,2025-07-11
17692,Rahul Mishra,Male,45,Siliguri,West Bengal,VIP,2025-09-26
17693,Meera Sharma,Male,46,Saket,Delhi,Regular,2024-03-05
17694,Diya Gupta,Female,43,Pune,Maharashtra,New,2025-01-09
17695,Yash Mishra,Male,31,Howrah,West Bengal,Premium,2025-11-30
17696,Rahul Agarwal,Male,39,Thane,Maharashtra,Premium,2023-09-21
17697,Riya Yadav,Female,54,Kanpur,Uttar Pradesh,Premium,2023-07-26
17698,Arjun Mehta,Male,47,Pune,Maharashtra,Regular,2023-11-14
17699,Karan Yadav,Male,27,Lucknow,Uttar Pradesh,Regular,2023-11-06
17700,Aditya Verma,Male,45,New Delhi,Delhi,Premium,2023-12-02
17701,Rohan Arora,Female,48,Asansol,West Bengal,Regular,2024-08-28
17702,Kavya Kumar,Female,25,Ahmedabad,Gujarat,New,2023-12-29
17703,Meera Gupta,Male,34,Thane,Maharashtra,Regular,2025-01-08
17704,Meera Mehta,Female,31,Varanasi,Uttar Pradesh,Regular,2024-01-14
17705,Aarav Verma,Male,43,Faridabad,Haryana,New,2024-04-09
17706,Vikas Kumar,Female,30,Karnal,Haryana,New,2023-08-22
17707,Diya Verma,Male,28,Nagpur,Maharashtra,New,2024-02-21
17708,Rohan Bansal,Male,45,Gandhinagar,Gujarat,Regular,2023-04-03
17709,Isha Kumar,Female,22,Ajmer,Rajasthan,Regular,2025-12-21
17710,Diya Agarwal,Male,36,Surat,Gujarat,Regular,2023-05-26
17711,Ananya Yadav,Male,27,Faridabad,Haryana,New,2025-08-15
17712,Yash Kapoor,Female,45,Kanpur,Uttar Pradesh,Premium,2025-05-28
17713,Aman Gupta,Other,28,Karol Bagh,Delhi,Premium,2024-06-24
17714,Aman Chopra,Male,34,Lucknow,Uttar Pradesh,Premium,2023-06-13
17715,Arjun Saini,Female,18,Karnal,Haryana,Premium,2024-07-08
17716,Vikas Saini,Female,34,Asansol,West Bengal,Premium,2024-03-30
17717,Karan Singh,Male,32,Dwarka,Delhi,Regular,2024-06-21
17718,Rohan Verma,Female,35,Kolkata,West Bengal,Regular,2025-10-30
17719,Aditya Kapoor,Female,47,Agra,Uttar Pradesh,Regular,2025-08-11
17720,Diya Gupta,Female,40,Kolkata,West Bengal,New,2024-05-24
17721,Aditi Gupta,Male,38,Thane,Maharashtra,Regular,2024-11-03
17722,Ananya Mehta,Male,27,Durgapur,West Bengal,Premium,2023-02-13
17723,Ananya Singh,Male,55,Karnal,Haryana,VIP,2023-12-30
17724,Aditi Mehta,Male,18,Vadodara,Gujarat,Regular,2024-01-06
17725,Aarav Yadav,Male,22,Durgapur,West Bengal,Premium,2024-06-02
17726,Aditya Gupta,Male,26,Ludhiana,Punjab,Regular,2024-02-14
17727,Sneha Sharma,Male,36,Faridabad,Haryana,Regular,2025-11-19
17728,Kavya Kapoor,Male,34,Noida,Uttar Pradesh,New,2023-12-08
17729,Ananya Arora,Male,26,Siliguri,West Bengal,New,2025-01-24
17730,Kavya Kumar,Male,36,Jodhpur,Rajasthan,Regular,2025-03-31
17731,Aarav Bansal,Male,46,Ajmer,Rajasthan,Premium,2024-10-16
17732,Aman Verma,Female,35,Jalandhar,Punjab,New,2023-10-17
17733,Aman Sharma,Male,21,Ambala,Haryana,Regular,2025-08-26
17734,Isha Singh,Female,33,Surat,Gujarat,VIP,2023-06-03
17735,Diya Arora,Female,26,Panipat,Haryana,Premium,2023-04-06
17736,Meera Gupta,Female,20,Pune,Maharashtra,Regular,2025-05-30
17737,Diya Mehta,Female,34,Kolkata,West Bengal,Regular,2024-03-09
17738,Meera Yadav,Male,25,Rohini,Delhi,Regular,2023-02-14
17739,Aman Kumar,Male,31,Thane,Maharashtra,Regular,2023-02-21
17740,Kavya Yadav,Male,38,Panipat,Haryana,Premium,2025-09-14
17741,Vikas Singh,Male,37,Pune,Maharashtra,Regular,2023-06-10
17742,Rahul Chopra,Male,46,Mohali,Punjab,Regular,2024-05-01
17743,Rohan Saini,Female,18,Vadodara,Gujarat,VIP,2025-02-06
17744,Aditi Yadav,Male,32,Kanpur,Uttar Pradesh,Premium,2023-06-24
17745,Aditya Verma,Other,44,Ajmer,Rajasthan,Regular,2024-12-26
17746,Kavya Mishra,Female,18,Nashik,Maharashtra,Regular,2023-09-26
17747,Vivaan Agarwal,Female,32,Jalandhar,Punjab,Premium,2025-11-25
17748,Aarav Verma,Male,36,Gandhinagar,Gujarat,Premium,2025-06-30
17749,Vivaan Yadav,Female,23,Varanasi,Uttar Pradesh,Regular,2024-05-23
17750,Ananya Kumar,Male,27,Pune,Maharashtra,Premium,2023-09-06
17751,Aditi Mishra,Male,22,Mohali,Punjab,New,2024-05-06
17752,Diya Chopra,Female,37,Mumbai,Maharashtra,Regular,2025-10-24
17753,Vivaan Mehta,Male,18,Amritsar,Punjab,VIP,2025-04-07
17754,Neha Chopra,Male,26,Lucknow,Uttar Pradesh,Regular,2024-03-23
17755,Diya Sharma,Female,27,Rohini,Delhi,New,2023-07-13
17756,Sneha Mehta,Male,43,Rajkot,Gujarat,New,2023-09-10
17757,Kavya Mishra,Female,18,Rohini,Delhi,Regular,2025-03-12
17758,Aditya Bansal,Female,47,Kolkata,West Bengal,Regular,2023-10-22
17759,Vikas Kumar,Male,41,Siliguri,West Bengal,Regular,2024-03-20
17760,Diya Sharma,Female,44,Dwarka,Delhi,Premium,2023-03-09
17761,Meera Chopra,Female,30,Thane,Maharashtra,Premium,2024-05-14
17762,Diya Kapoor,Male,30,Faridabad,Haryana,New,2023-12-07
17763,Aditi Chopra,Male,26,Agra,Uttar Pradesh,Premium,2023-05-31
17764,Yash Mishra,Female,40,Thane,Maharashtra,New,2025-08-16
17765,Arjun Saini,Female,30,Mumbai,Maharashtra,Regular,2025-03-24
17766,Arjun Saini,Female,26,Nashik,Maharashtra,VIP,2024-02-17
17767,Riya Chopra,Male,30,Dwarka,Delhi,New,2024-06-21
17768,Karan Gupta,Male,38,Noida,Uttar Pradesh,New,2023-02-22
17769,Riya Mehta,Female,21,Jalandhar,Punjab,Regular,2023-10-16
17770,Ananya Verma,Male,24,Nagpur,Maharashtra,VIP,2023-07-12
17771,Vivaan Sharma,Female,47,Jaipur,Rajasthan,New,2023-02-05
17772,Ananya Kumar,Female,25,Pune,Maharashtra,Regular,2023-09-18
17773,Karan Gupta,Male,48,Rohini,Delhi,Regular,2025-09-11
17774,Rohan Singh,Female,29,Lucknow,Uttar Pradesh,Regular,2023-05-15
17775,Yash Yadav,Male,20,Varanasi,Uttar Pradesh,New,2024-09-07
17776,Kavya Kumar,Female,48,Faridabad,Haryana,New,2024-08-28
17777,Diya Yadav,Male,51,Noida,Uttar Pradesh,Regular,2025-11-28
17778,Meera Kapoor,Male,28,Rajkot,Gujarat,Regular,2025-10-11
17779,Sneha Mehta,Female,45,Asansol,West Bengal,Premium,2025-09-23
17780,Yash Kapoor,Female,35,Jodhpur,Rajasthan,New,2023-12-03
17781,Ananya Singh,Male,36,Udaipur,Rajasthan,Regular,2024-09-25
17782,Ananya Chopra,Male,37,Panipat,Haryana,Regular,2025-09-05
17783,Yash Mehta,Male,34,Asansol,West Bengal,Regular,2025-04-07
17784,Aditi Bansal,Male,35,Karnal,Haryana,Regular,2024-05-30
17785,Karan Mehta,Female,34,Howrah,West Bengal,Premium,2025-06-25
17786,Arjun Singh,Male,28,Jodhpur,Rajasthan,VIP,2024-08-03
17787,Ananya Gupta,Female,27,Noida,Uttar Pradesh,Regular,2023-08-17
17788,Neha Kumar,Female,23,Asansol,West Bengal,Premium,2024-01-17
17789,Meera Mishra,Female,18,Ambala,Haryana,Premium,2023-05-11
17790,Diya Agarwal,Female,33,Pune,Maharashtra,VIP,2025-09-14
17791,Yash Kapoor,Male,26,Nagpur,Maharashtra,Premium,2023-03-16
17792,Sneha Singh,Male,18,New Delhi,Delhi,Regular,2024-12-23
17793,Aman Saini,Female,26,Lucknow,Uttar Pradesh,Regular,2025-01-15
17794,Rahul Gupta,Female,29,Nagpur,Maharashtra,Premium,2025-04-11
17795,Kavya Kumar,Male,29,Nashik,Maharashtra,Regular,2024-05-27
17796,Ananya Mishra,Female,48,Faridabad,Haryana,Regular,2024-08-11
17797,Karan Arora,Female,28,Siliguri,West Bengal,Premium,2024-10-30
17798,Aarav Kapoor,Female,48,Ludhiana,Punjab,Premium,2024-04-12
17799,Vikas Kumar,Female,26,Rohini,Delhi,Regular,2025-01-12
17800,Aman Verma,Female,39,Saket,Delhi,Regular,2024-10-27
17801,Arjun Mehta,Female,24,Faridabad,Haryana,Regular,2024-08-08
17802,Vivaan Singh,Male,51,Ludhiana,Punjab,New,2025-08-17
17803,Aman Kumar,Female,46,Siliguri,West Bengal,New,2024-03-11
17804,Vivaan Mehta,Male,41,Varanasi,Uttar Pradesh,Premium,2025-09-14
17805,Sneha Kumar,Male,54,Jalandhar,Punjab,VIP,2025-06-09
17806,Vivaan Agarwal,Female,43,Patiala,Punjab,Premium,2023-03-01
17807,Isha Verma,Female,38,Thane,Maharashtra,Regular,2023-10-22
17808,Yash Gupta,Female,20,Ahmedabad,Gujarat,Regular,2025-02-08
17809,Riya Kapoor,Male,18,Dwarka,Delhi,VIP,2023-07-09
17810,Aditya Yadav,Male,21,Gurugram,Haryana,Premium,2024-08-28
17811,Karan Gupta,Male,18,New Delhi,Delhi,Premium,2023-12-07
17812,Aditi Mehta,Male,26,Panipat,Haryana,Regular,2023-08-27
17813,Kavya Sharma,Female,45,Ludhiana,Punjab,Regular,2023-11-06
17814,Meera Kumar,Male,23,Agra,Uttar Pradesh,Premium,2024-09-08
17815,Vikas Arora,Male,29,Saket,Delhi,Regular,2023-08-23
17816,Kavya Arora,Male,35,Ajmer,Rajasthan,Regular,2024-04-05
17817,Riya Arora,Female,35,New Delhi,Delhi,Premium,2023-04-22
17818,Aditya Gupta,Male,28,Howrah,West Bengal,Premium,2024-06-02
17819,Aarav Arora,Female,46,Siliguri,West Bengal,Regular,2024-09-10
17820,Yash Mehta,Male,34,Thane,Maharashtra,Regular,2024-05-17
17821,Diya Verma,Male,36,Kanpur,Uttar Pradesh,Premium,2024-09-04
17822,Aditi Arora,Female,59,Noida,Uttar Pradesh,Regular,2024-03-19
17823,Ananya Agarwal,Male,51,Agra,Uttar Pradesh,Premium,2025-09-17
17824,Rahul Agarwal,Female,34,Surat,Gujarat,Premium,2024-06-25
17825,Aman Yadav,Female,39,Noida,Uttar Pradesh,Premium,2025-11-25
17826,Aditi Arora,Female,25,Surat,Gujarat,Regular,2023-05-08
17827,Sneha Bansal,Female,18,Asansol,West Bengal,New,2023-10-30
17828,Riya Bansal,Female,41,Agra,Uttar Pradesh,New,2024-10-07
17829,Ananya Yadav,Female,23,Nashik,Maharashtra,Regular,2023-05-29
17830,Meera Bansal,Male,40,Ambala,Haryana,Regular,2024-10-15
17831,Neha Chopra,Male,55,Dwarka,Delhi,Regular,2024-10-28
17832,Kavya Verma,Female,18,Noida,Uttar Pradesh,Regular,2024-07-16
17833,Aarav Saini,Female,18,Dwarka,Delhi,Regular,2024-09-13
17834,Arjun Kapoor,Male,25,Kolkata,West Bengal,Regular,2025-07-04
17835,Rahul Agarwal,Male,42,Mohali,Punjab,Regular,2023-11-20
17836,Aarav Yadav,Male,47,Jodhpur,Rajasthan,New,2023-03-02
17837,Vikas Chopra,Female,42,Mumbai,Maharashtra,VIP,2025-07-21
17838,Aditi Mishra,Male,37,Nashik,Maharashtra,Regular,2024-07-26
17839,Vikas Kumar,Female,34,Agra,Uttar Pradesh,New,2023-09-03
17840,Aarav Singh,Female,35,Howrah,West Bengal,New,2025-03-16
17841,Rahul Agarwal,Female,46,Pune,Maharashtra,New,2024-07-30
17842,Diya Kumar,Male,28,Lucknow,Uttar Pradesh,Regular,2024-09-11
17843,Aditya Yadav,Female,34,Panipat,Haryana,Regular,2024-04-25
17844,Neha Arora,Female,22,Kota,Rajasthan,VIP,2025-10-23
17845,Vivaan Agarwal,Male,38,Ahmedabad,Gujarat,Regular,2025-07-30
17846,Karan Agarwal,Male,34,Nashik,Maharashtra,Premium,2024-03-09
17847,Rahul Kapoor,Female,60,Ahmedabad,Gujarat,Premium,2025-06-08
17848,Isha Sharma,Female,19,Udaipur,Rajasthan,Regular,2023-06-11
17849,Vikas Bansal,Male,43,Jalandhar,Punjab,Regular,2025-12-18
17850,Isha Arora,Male,29,Panipat,Haryana,Regular,2025-07-27
17851,Kavya Mishra,Male,42,Varanasi,Uttar Pradesh,Premium,2024-08-16
17852,Aditi Mishra,Female,41,Mumbai,Maharashtra,New,2024-05-01
17853,Meera Arora,Female,31,Vadodara,Gujarat,Regular,2024-07-30
17854,Riya Saini,Male,24,Lucknow,Uttar Pradesh,Premium,2024-12-28
17855,Diya Mehta,Male,23,Jodhpur,Rajasthan,Regular,2025-07-31
17856,Aditya Arora,Female,35,Agra,Uttar Pradesh,Regular,2024-01-15
17857,Yash Yadav,Female,27,Noida,Uttar Pradesh,Regular,2024-09-11
17858,Sneha Agarwal,Female,32,Karol Bagh,Delhi,Regular,2023-11-16
17859,Rahul Yadav,Female,22,Patiala,Punjab,Premium,2025-11-22
17860,Ananya Chopra,Male,39,Rohini,Delhi,Regular,2024-03-31
17861,Aditya Gupta,Female,25,Panipat,Haryana,Regular,2025-09-22
17862,Vivaan Sharma,Male,30,New Delhi,Delhi,Regular,2024-01-20
17863,Vivaan Kumar,Female,47,Ambala,Haryana,VIP,2025-01-04
17864,Meera Sharma,Female,35,Pune,Maharashtra,Regular,2024-02-29
17865,Aman Singh,Female,42,Varanasi,Uttar Pradesh,New,2024-01-15
17866,Ananya Chopra,Female,24,Kolkata,West Bengal,Regular,2024-06-11
17867,Aditi Yadav,Male,37,Rohini,Delhi,VIP,2023-02-08
17868,Diya Kumar,Male,38,Varanasi,Uttar Pradesh,Premium,2023-05-29
17869,Aman Singh,Male,24,Noida,Uttar Pradesh,Regular,2024-03-04
17870,Aditya Bansal,Female,35,Ambala,Haryana,VIP,2025-05-02
17871,Karan Yadav,Female,30,Surat,Gujarat,Premium,2023-07-17
17872,Aarav Agarwal,Female,37,Ambala,Haryana,Regular,2025-04-29
17873,Aman Verma,Female,21,Siliguri,West Bengal,Regular,2025-10-19
17874,Isha Bansal,Male,24,Siliguri,West Bengal,Premium,2025-06-20
17875,Kavya Singh,Male,20,Jaipur,Rajasthan,Regular,2024-03-26
17876,Aditya Mehta,Male,22,Kota,Rajasthan,Regular,2023-05-10
17877,Yash Chopra,Female,28,Thane,Maharashtra,Premium,2023-06-30
17878,Yash Sharma,Female,39,Kanpur,Uttar Pradesh,Premium,2025-07-31
17879,Aman Mehta,Male,35,Pune,Maharashtra,New,2023-02-22
17880,Meera Sharma,Female,35,Faridabad,Haryana,New,2025-04-09
17881,Ananya Singh,Male,24,Panipat,Haryana,Premium,2023-12-14
17882,Rahul Singh,Male,34,Kota,Rajasthan,New,2025-02-02
17883,Aman Kumar,Female,47,Nashik,Maharashtra,Premium,2025-01-01
17884,Sneha Bansal,Male,37,Durgapur,West Bengal,Regular,2024-10-18
17885,Aditi Mishra,Female,42,Patiala,Punjab,Regular,2024-03-21
17886,Sneha Singh,Male,29,Vadodara,Gujarat,Regular,2024-06-19
17887,Isha Verma,Male,29,New Delhi,Delhi,Regular,2024-08-15
17888,Yash Gupta,Female,39,Lucknow,Uttar Pradesh,New,2023-02-07
17889,Arjun Yadav,Other,25,Kanpur,Uttar Pradesh,Regular,2025-05-12
17890,Riya Singh,Female,33,Lucknow,Uttar Pradesh,Regular,2025-02-20
17891,Vikas Verma,Male,36,Mohali,Punjab,Regular,2023-03-21
17892,Rohan Verma,Male,30,Jaipur,Rajasthan,Regular,2023-07-17
17893,Yash Yadav,Male,26,Gandhinagar,Gujarat,New,2023-02-03
17894,Sneha Sharma,Male,27,Varanasi,Uttar Pradesh,Regular,2023-09-18
17895,Arjun Sharma,Female,20,Kota,Rajasthan,Regular,2023-10-03
17896,Aman Verma,Male,37,Rajkot,Gujarat,New,2025-05-04
17897,Karan Chopra,Male,42,Thane,Maharashtra,New,2023-01-15
17898,Kavya Bansal,Female,29,Kota,Rajasthan,Regular,2023-05-09
17899,Kavya Gupta,Female,61,Dwarka,Delhi,Regular,2025-02-09
17900,Yash Gupta,Male,26,Howrah,West Bengal,Regular,2024-08-20
17901,Karan Mehta,Male,27,Thane,Maharashtra,Regular,2024-12-22
17902,Aditi Mishra,Male,42,Saket,Delhi,Premium,2025-11-07
17903,Isha Kapoor,Male,40,Saket,Delhi,Premium,2025-08-18
17904,Yash Bansal,Male,41,Vadodara,Gujarat,Regular,2024-04-28
17905,Neha Sharma,Female,45,Gurugram,Haryana,Regular,2025-09-18
17906,Isha Arora,Male,25,Asansol,West Bengal,Premium,2023-05-12
17907,Yash Mishra,Male,38,Amritsar,Punjab,VIP,2023-04-05
17908,Aarav Bansal,Male,20,Ahmedabad,Gujarat,Regular,2025-07-30
17909,Ananya Singh,Female,45,Noida,Uttar Pradesh,Premium,2023-12-07
17910,Arjun Mishra,Female,44,Ajmer,Rajasthan,Regular,2023-08-14
17911,Meera Agarwal,Female,44,Siliguri,West Bengal,Regular,2023-07-21
17912,Neha Bansal,Male,33,Lucknow,Uttar Pradesh,Premium,2024-01-31
17913,Yash Sharma,Female,44,Udaipur,Rajasthan,Regular,2023-11-03
17914,Aditya Singh,Male,36,Gurugram,Haryana,Regular,2024-12-01
17915,Aarav Gupta,Male,48,Ambala,Haryana,New,2023-05-01
17916,Sneha Agarwal,Female,31,New Delhi,Delhi,Premium,2023-11-22
17917,Sneha Kapoor,Female,31,Pune,Maharashtra,Premium,2024-02-06
17918,Isha Sharma,Other,38,Mohali,Punjab,New,2025-06-12
17919,Riya Bansal,Female,21,Ludhiana,Punjab,Premium,2024-05-12
17920,Rahul Singh,Male,32,Kanpur,Uttar Pradesh,New,2023-02-27
17921,Aarav Singh,Male,33,Nashik,Maharashtra,Regular,2025-10-11
17922,Riya Gupta,Male,21,Mumbai,Maharashtra,Premium,2024-05-07
17923,Karan Mehta,Male,35,Ludhiana,Punjab,Regular,2024-09-16
17924,Aarav Agarwal,Female,39,Karnal,Haryana,Regular,2025-07-22
17925,Meera Saini,Female,42,Howrah,West Bengal,Premium,2023-04-21
17926,Neha Mishra,Female,19,Dwarka,Delhi,Premium,2023-01-16
17927,Diya Verma,Female,44,Rajkot,Gujarat,Regular,2024-08-16
17928,Aman Agarwal,Female,18,Ahmedabad,Gujarat,Premium,2023-06-06
17929,Ananya Verma,Male,25,Vadodara,Gujarat,VIP,2024-11-20
17930,Diya Sharma,Male,54,Ludhiana,Punjab,Regular,2023-05-18
17931,Aditya Agarwal,Female,36,Vadodara,Gujarat,New,2023-02-27
17932,Aarav Sharma,Other,24,Gandhinagar,Gujarat,Regular,2025-04-15
17933,Karan Gupta,Male,20,Nagpur,Maharashtra,Premium,2025-06-20
17934,Arjun Mehta,Female,21,Noida,Uttar Pradesh,Regular,2024-03-11
17935,Isha Chopra,Female,25,Saket,Delhi,New,2024-12-13
17936,Diya Bansal,Female,44,Ludhiana,Punjab,Regular,2023-11-13
17937,Vikas Singh,Male,39,Jaipur,Rajasthan,New,2023-03-28
17938,Rahul Kumar,Female,45,Thane,Maharashtra,Premium,2024-05-30
17939,Rahul Kapoor,Male,23,Lucknow,Uttar Pradesh,New,2023-07-26
17940,Sneha Mishra,Female,18,Jaipur,Rajasthan,Premium,2025-06-29
17941,Neha Kapoor,Male,40,Varanasi,Uttar Pradesh,Regular,2024-10-27
17942,Kavya Arora,Male,33,Nashik,Maharashtra,VIP,2025-12-03
17943,Kavya Bansal,Female,26,Asansol,West Bengal,Regular,2024-11-24
17944,Neha Mehta,Male,44,Mohali,Punjab,New,2023-11-26
17945,Meera Gupta,Female,47,Kanpur,Uttar Pradesh,Premium,2025-02-20
17946,Vivaan Singh,Female,51,Amritsar,Punjab,Regular,2023-10-06
17947,Ananya Gupta,Female,24,Pune,Maharashtra,Regular,2025-02-26
17948,Neha Mehta,Male,46,Rajkot,Gujarat,VIP,2024-01-01
17949,Ananya Gupta,Male,38,Asansol,West Bengal,Regular,2024-10-25
17950,Arjun Mehta,Male,28,Saket,Delhi,Premium,2025-10-29
17951,Diya Mishra,Male,46,Howrah,West Bengal,Regular,2023-01-06
17952,Arjun Mishra,Female,25,Panipat,Haryana,Premium,2024-10-31
17953,Diya Singh,Male,28,Pune,Maharashtra,New,2025-09-08
17954,Vivaan Yadav,Male,43,Panipat,Haryana,Premium,2025-07-28
17955,Isha Chopra,Male,28,Kolkata,West Bengal,Regular,2023-03-22
17956,Meera Singh,Male,38,Ajmer,Rajasthan,Regular,2025-12-20
17957,Vikas Kumar,Female,29,Nashik,Maharashtra,VIP,2025-02-13
17958,Sneha Agarwal,Other,36,Gandhinagar,Gujarat,New,2025-02-09
17959,Ananya Chopra,Female,36,Patiala,Punjab,Regular,2024-05-31
17960,Aman Arora,Male,24,Faridabad,Haryana,Regular,2025-10-22
17961,Karan Yadav,Female,36,Howrah,West Bengal,VIP,2025-06-18
17962,Arjun Chopra,Female,29,Agra,Uttar Pradesh,Premium,2024-05-13
17963,Yash Chopra,Female,24,Jalandhar,Punjab,New,2025-06-06
17964,Rohan Chopra,Female,23,Jodhpur,Rajasthan,Premium,2025-06-13
17965,Meera Saini,Male,23,Mumbai,Maharashtra,Regular,2023-01-06
17966,Karan Kapoor,Male,28,Panipat,Haryana,VIP,2023-04-26
17967,Diya Saini,Female,40,Saket,Delhi,Regular,2024-02-16
17968,Isha Sharma,Female,20,Ambala,Haryana,Regular,2025-01-07
17969,Yash Yadav,Male,35,Kanpur,Uttar Pradesh,Regular,2023-11-01
17970,Vikas Yadav,Male,38,Siliguri,West Bengal,Regular,2023-05-15
17971,Meera Kumar,Female,44,Kolkata,West Bengal,Premium,2024-11-27
17972,Aditya Kumar,Female,29,Pune,Maharashtra,New,2024-12-16
17973,Isha Verma,Female,36,Patiala,Punjab,New,2025-12-04
17974,Meera Bansal,Female,22,Siliguri,West Bengal,Regular,2023-07-12
17975,Sneha Saini,Male,21,Kota,Rajasthan,Regular,2025-02-17
17976,Neha Arora,Male,38,Jalandhar,Punjab,Regular,2023-12-10
17977,Diya Gupta,Female,55,Durgapur,West Bengal,Regular,2023-12-11
17978,Vivaan Bansal,Female,41,Rajkot,Gujarat,VIP,2023-05-01
17979,Yash Agarwal,Male,22,Gandhinagar,Gujarat,New,2025-02-19
17980,Riya Saini,Male,23,Nagpur,Maharashtra,VIP,2025-06-27
17981,Isha Arora,Female,40,Karol Bagh,Delhi,Premium,2024-12-26
17982,Rohan Mehta,Male,41,Saket,Delhi,Premium,2024-01-09
17983,Rohan Sharma,Female,35,Nashik,Maharashtra,New,2024-09-29
17984,Neha Kapoor,Female,32,Rohini,Delhi,Regular,2025-02-23
17985,Vikas Sharma,Female,39,Varanasi,Uttar Pradesh,VIP,2025-08-17
17986,Ananya Agarwal,Female,24,Rajkot,Gujarat,Premium,2025-03-13
17987,Ananya Gupta,Male,44,Vadodara,Gujarat,VIP,2025-01-26
17988,Vikas Arora,Female,38,Agra,Uttar Pradesh,VIP,2024-12-11
17989,Aditya Yadav,Male,26,Surat,Gujarat,New,2025-05-16
17990,Aman Gupta,Female,33,Surat,Gujarat,Regular,2023-02-13
17991,Sneha Verma,Female,65,Nagpur,Maharashtra,Premium,2025-02-28
17992,Aditya Mishra,Male,31,Saket,Delhi,Regular,2023-05-28
17993,Sneha Saini,Male,40,Rohini,Delhi,Regular,2024-05-18
17994,Aman Arora,Male,42,Noida,Uttar Pradesh,Regular,2024-05-19
17995,Sneha Sharma,Female,36,Jalandhar,Punjab,New,2025-02-18
17996,Meera Bansal,Male,30,Rohini,Delhi,New,2023-01-21
17997,Karan Verma,Female,27,Dwarka,Delhi,New,2024-08-14
17998,Meera Gupta,Female,32,Udaipur,Rajasthan,Regular,2024-05-30
17999,Meera Kumar,Female,33,Howrah,West Bengal,Regular,2023-03-13
18000,Diya Mehta,Female,47,Jalandhar,Punjab,Regular,2025-05-13
18001,Vivaan Kumar,Male,50,Nagpur,Maharashtra,Premium,2025-06-20
18002,Ananya Yadav,Female,52,Nashik,Maharashtra,Premium,2024-02-20
18003,Ananya Kapoor,Male,30,Ambala,Haryana,New,2024-12-17
18004,Kavya Mishra,Male,44,Howrah,West Bengal,New,2023-09-25
18005,Vikas Mishra,Male,37,Pune,Maharashtra,Regular,2025-12-26
18006,Neha Kumar,Female,23,Lucknow,Uttar Pradesh,Premium,2025-09-03
18007,Diya Chopra,Male,19,Vadodara,Gujarat,Regular,2023-02-03
18008,Riya Kumar,Female,31,Dwarka,Delhi,Regular,2023-06-18
18009,Aditi Kapoor,Male,33,Nashik,Maharashtra,New,2025-10-10
18010,Arjun Chopra,Female,25,Gurugram,Haryana,Regular,2023-04-22
18011,Diya Verma,Female,46,Rajkot,Gujarat,VIP,2025-01-09
18012,Vikas Singh,Female,49,Agra,Uttar Pradesh,Regular,2025-09-27
18013,Aditi Arora,Female,32,Nagpur,Maharashtra,Regular,2023-01-28
18014,Isha Saini,Female,49,Karol Bagh,Delhi,New,2025-07-15
18015,Aditya Gupta,Male,38,Pune,Maharashtra,New,2024-12-11
18016,Rahul Verma,Male,18,Ahmedabad,Gujarat,Regular,2024-12-01
18017,Rahul Mehta,Female,18,Jaipur,Rajasthan,Regular,2023-07-11
18018,Vivaan Kapoor,Male,37,Mumbai,Maharashtra,Regular,2024-04-03
18019,Vivaan Kapoor,Male,32,Udaipur,Rajasthan,New,2024-08-03
18020,Sneha Arora,Male,25,Asansol,West Bengal,Premium,2024-11-04
18021,Vikas Kumar,Female,38,Kota,Rajasthan,New,2023-03-07
18022,Rahul Saini,Male,56,Vadodara,Gujarat,Premium,2025-02-17
18023,Arjun Verma,Male,35,Gandhinagar,Gujarat,VIP,2023-03-04
18024,Isha Sharma,Male,30,Noida,Uttar Pradesh,Regular,2024-05-12
18025,Diya Verma,Female,27,Dwarka,Delhi,Regular,2025-11-07
18026,Aman Kapoor,Female,22,Lucknow,Uttar Pradesh,Premium,2023-11-28
18027,Diya Yadav,Female,42,Vadodara,Gujarat,Regular,2025-06-28
18028,Isha Sharma,Male,30,Saket,Delhi,VIP,2024-12-27
18029,Rahul Kumar,Female,33,Ajmer,Rajasthan,Premium,2023-08-19
18030,Meera Agarwal,Male,30,Gandhinagar,Gujarat,Regular,2023-02-12
18031,Ananya Gupta,Female,50,Varanasi,Uttar Pradesh,Premium,2025-01-11
18032,Ananya Verma,Female,20,Nashik,Maharashtra,New,2024-05-28
18033,Rahul Bansal,Female,41,Saket,Delhi,Regular,2024-04-06
18034,Yash Agarwal,Female,43,Patiala,Punjab,Regular,2024-10-26
18035,Aman Arora,Female,27,Vadodara,Gujarat,Regular,2025-09-29
18036,Neha Sharma,Female,40,Panipat,Haryana,Regular,2023-04-25
18037,Vivaan Singh,Male,32,New Delhi,Delhi,Premium,2025-04-19
18038,Arjun Verma,Male,42,Rajkot,Gujarat,New,2024-07-16
18039,Arjun Kapoor,Female,24,Lucknow,Uttar Pradesh,New,2025-02-14
18040,Karan Chopra,Female,37,Howrah,West Bengal,New,2024-09-28
18041,Arjun Verma,Male,35,Kolkata,West Bengal,Premium,2024-07-11
18042,Rohan Saini,Female,39,Saket,Delhi,New,2024-04-24
18043,Isha Gupta,Male,18,Panipat,Haryana,Regular,2023-12-09
18044,Kavya Singh,Male,27,Nagpur,Maharashtra,Regular,2025-09-08
18045,Ananya Saini,Male,40,Noida,Uttar Pradesh,Regular,2025-11-14
18046,Vivaan Mehta,Female,52,Panipat,Haryana,Regular,2025-06-28
18047,Riya Mehta,Female,44,Thane,Maharashtra,Regular,2024-01-29
18048,Vikas Verma,Female,38,Ambala,Haryana,Regular,2024-11-24
18049,Vikas Arora,Female,26,Asansol,West Bengal,Premium,2025-12-28
18050,Riya Mishra,Female,37,Jalandhar,Punjab,Premium,2023-07-22
18051,Aditi Agarwal,Female,40,Patiala,Punjab,New,2024-06-24
18052,Sneha Sharma,Male,52,Patiala,Punjab,Premium,2023-12-13
18053,Aarav Gupta,Female,25,Howrah,West Bengal,New,2023-10-05
18054,Riya Kumar,Male,30,Nagpur,Maharashtra,Premium,2025-09-24
18055,Rohan Singh,Female,54,Gandhinagar,Gujarat,Premium,2024-03-09
18056,Sneha Singh,Other,32,Agra,Uttar Pradesh,Regular,2025-04-05
18057,Rahul Mehta,Female,39,Kanpur,Uttar Pradesh,New,2023-03-01
18058,Riya Saini,Male,23,Rohini,Delhi,Premium,2024-07-03
18059,Sneha Mehta,Male,31,Udaipur,Rajasthan,New,2025-04-01
18060,Aman Kapoor,Male,37,Nashik,Maharashtra,Premium,2023-12-27
18061,Aman Agarwal,Male,30,Thane,Maharashtra,Premium,2024-05-10
18062,Rohan Mehta,Female,36,New Delhi,Delhi,Premium,2023-10-08
18063,Aarav Gupta,Male,37,Durgapur,West Bengal,Premium,2023-02-08
18064,Vikas Gupta,Other,35,Amritsar,Punjab,New,2023-11-23
18065,Aditi Gupta,Male,27,Kolkata,West Bengal,VIP,2024-11-12
18066,Meera Singh,Female,42,Gurugram,Haryana,Premium,2023-06-27
18067,Vikas Bansal,Female,36,Udaipur,Rajasthan,Regular,2025-08-22
18068,Arjun Mishra,Male,27,Agra,Uttar Pradesh,Premium,2025-06-07
18069,Rahul Sharma,Male,26,Lucknow,Uttar Pradesh,Premium,2023-04-21
18070,Yash Saini,Other,24,Nagpur,Maharashtra,Premium,2023-01-03
18071,Arjun Agarwal,Female,46,Agra,Uttar Pradesh,Regular,2024-11-12
18072,Yash Agarwal,Male,27,Varanasi,Uttar Pradesh,Regular,2023-05-05
18073,Aditya Saini,Male,25,Surat,Gujarat,Premium,2024-08-16
18074,Rohan Sharma,Female,24,Mumbai,Maharashtra,Premium,2025-09-15
18075,Ananya Gupta,Male,18,Rajkot,Gujarat,Regular,2023-02-23
18076,Rohan Mehta,Male,56,Saket,Delhi,Regular,2024-05-06
18077,Aditi Gupta,Female,35,Thane,Maharashtra,VIP,2024-01-27
18078,Aditi Kumar,Female,25,Pune,Maharashtra,Regular,2025-09-22
18079,Yash Mehta,Male,31,Noida,Uttar Pradesh,Premium,2024-08-26
18080,Karan Saini,Female,21,Ajmer,Rajasthan,Regular,2025-06-06
18081,Isha Chopra,Female,36,Lucknow,Uttar Pradesh,Regular,2025-07-15
18082,Ananya Kapoor,Female,32,Ludhiana,Punjab,Regular,2023-07-10
18083,Aarav Sharma,Male,45,New Delhi,Delhi,Premium,2024-01-26
18084,Karan Gupta,Male,27,Jalandhar,Punjab,VIP,2024-03-16
18085,Meera Mishra,Male,38,Mumbai,Maharashtra,New,2025-11-10
18086,Diya Bansal,Male,34,Pune,Maharashtra,Premium,2024-01-21
18087,Ananya Kapoor,Female,25,Asansol,West Bengal,Regular,2023-02-10
18088,Vivaan Yadav,Female,38,Gandhinagar,Gujarat,New,2025-10-21
18089,Kavya Arora,Female,33,Gurugram,Haryana,Premium,2024-06-16
18090,Isha Agarwal,Female,44,Siliguri,West Bengal,Regular,2025-10-01
18091,Riya Sharma,Female,38,Ahmedabad,Gujarat,Premium,2023-05-14
18092,Riya Kumar,Female,29,Kanpur,Uttar Pradesh,New,2025-05-05
18093,Aman Sharma,Male,43,Nashik,Maharashtra,Premium,2025-09-01
18094,Diya Bansal,Female,37,Siliguri,West Bengal,Regular,2024-08-11
18095,Rohan Mehta,Female,29,Jodhpur,Rajasthan,Regular,2024-11-21
18096,Riya Gupta,Male,43,Asansol,West Bengal,New,2024-06-06
18097,Kavya Kapoor,Male,43,Gurugram,Haryana,Regular,2024-04-07
18098,Rahul Kapoor,Male,25,Patiala,Punjab,Regular,2025-06-01
18099,Vivaan Verma,Female,27,Lucknow,Uttar Pradesh,New,2025-08-09
18100,Diya Kumar,Male,35,Nagpur,Maharashtra,Regular,2023-06-03
18101,Arjun Kapoor,Female,30,Ahmedabad,Gujarat,Regular,2024-08-13
18102,Meera Gupta,Male,31,Siliguri,West Bengal,Premium,2023-03-06
18103,Vivaan Sharma,Male,26,Kanpur,Uttar Pradesh,VIP,2023-05-01
18104,Yash Mishra,Female,36,Gurugram,Haryana,Regular,2025-06-27
18105,Vikas Mishra,Female,36,Surat,Gujarat,Regular,2025-08-19
18106,Diya Kapoor,Male,20,Thane,Maharashtra,VIP,2025-01-11
18107,Sneha Yadav,Female,30,New Delhi,Delhi,VIP,2023-11-09
18108,Meera Sharma,Male,28,Udaipur,Rajasthan,Regular,2024-12-20
18109,Aman Saini,Female,37,Ahmedabad,Gujarat,Regular,2025-10-15
18110,Rahul Verma,Female,40,Ahmedabad,Gujarat,Premium,2023-08-30
18111,Kavya Agarwal,Male,41,Udaipur,Rajasthan,Premium,2024-11-16
18112,Aditi Kapoor,Female,30,Kanpur,Uttar Pradesh,Premium,2024-07-05
18113,Kavya Mehta,Male,39,Asansol,West Bengal,Regular,2024-02-03
18114,Isha Kapoor,Male,19,Mumbai,Maharashtra,Regular,2025-03-20
18115,Aditya Verma,Male,47,Noida,Uttar Pradesh,Premium,2025-06-05
18116,Yash Kapoor,Male,27,Rohini,Delhi,Regular,2023-09-07
18117,Sneha Kumar,Female,21,Surat,Gujarat,Regular,2024-12-25
18118,Riya Singh,Female,27,Karol Bagh,Delhi,Regular,2025-03-22
18119,Aarav Singh,Female,48,Ludhiana,Punjab,Premium,2023-07-07
18120,Rahul Agarwal,Male,40,Jaipur,Rajasthan,Regular,2023-07-01
18121,Rohan Bansal,Female,52,Lucknow,Uttar Pradesh,Regular,2025-09-10
18122,Arjun Saini,Male,37,Nagpur,Maharashtra,Regular,2024-07-06
18123,Kavya Mehta,Female,48,Patiala,Punjab,Premium,2024-11-02
18124,Neha Kumar,Female,30,Nagpur,Maharashtra,Premium,2025-10-26
18125,Riya Kumar,Male,21,New Delhi,Delhi,Premium,2025-11-08
18126,Karan Singh,Other,38,Karnal,Haryana,New,2023-04-29
18127,Aditi Verma,Female,35,Mohali,Punjab,Regular,2024-02-09
18128,Karan Arora,Female,39,Durgapur,West Bengal,New,2025-06-20
18129,Kavya Yadav,Female,42,Howrah,West Bengal,Premium,2024-12-17
18130,Yash Arora,Female,38,Karol Bagh,Delhi,Regular,2025-04-10
18131,Riya Sharma,Other,33,Rajkot,Gujarat,Premium,2024-12-03
18132,Vivaan Chopra,Female,34,Thane,Maharashtra,New,2023-04-20
18133,Aditya Agarwal,Male,39,Durgapur,West Bengal,Regular,2025-12-25
18134,Kavya Chopra,Female,19,Noida,Uttar Pradesh,New,2025-11-03
18135,Sneha Gupta,Male,27,Nashik,Maharashtra,Regular,2023-04-09
18136,Ananya Kumar,Female,55,Gurugram,Haryana,Regular,2023-05-03
18137,Karan Gupta,Female,29,Agra,Uttar Pradesh,Regular,2023-03-23
18138,Sneha Chopra,Female,41,Durgapur,West Bengal,Regular,2025-07-24
18139,Vikas Verma,Female,30,Ajmer,Rajasthan,New,2024-01-01
18140,Neha Bansal,Female,32,Kanpur,Uttar Pradesh,Premium,2023-01-10
18141,Arjun Yadav,Male,18,Mohali,Punjab,Premium,2024-11-23
18142,Aditya Verma,Female,40,Mumbai,Maharashtra,Premium,2024-05-07
18143,Arjun Verma,Male,29,Thane,Maharashtra,Premium,2025-11-26
18144,Ananya Bansal,Female,18,Lucknow,Uttar Pradesh,VIP,2023-03-19
18145,Vikas Kumar,Male,20,Kolkata,West Bengal,Regular,2023-05-02
18146,Vikas Kumar,Female,35,Gurugram,Haryana,Premium,2023-01-18
18147,Isha Kapoor,Male,27,Kanpur,Uttar Pradesh,Regular,2024-06-19
18148,Rohan Mishra,Male,26,Siliguri,West Bengal,Premium,2023-01-14
18149,Meera Agarwal,Male,30,Kanpur,Uttar Pradesh,Regular,2025-11-17
18150,Sneha Kumar,Male,18,New Delhi,Delhi,Premium,2025-11-26
18151,Kavya Singh,Male,18,Jaipur,Rajasthan,New,2025-03-02
18152,Ananya Verma,Female,40,Gandhinagar,Gujarat,Regular,2023-05-27
18153,Isha Bansal,Female,39,Patiala,Punjab,Premium,2025-10-27
18154,Meera Kapoor,Male,40,Durgapur,West Bengal,Regular,2024-08-30
18155,Meera Mishra,Female,40,Surat,Gujarat,Regular,2025-03-20
18156,Rohan Saini,Female,38,Ludhiana,Punjab,Premium,2024-10-10
18157,Riya Kapoor,Male,48,Mumbai,Maharashtra,Regular,2023-01-23
18158,Neha Saini,Male,40,Noida,Uttar Pradesh,Regular,2024-02-10
18159,Vivaan Arora,Female,34,Agra,Uttar Pradesh,Regular,2025-03-31
18160,Aman Chopra,Male,49,Rajkot,Gujarat,New,2025-02-06
18161,Ananya Kumar,Male,39,Durgapur,West Bengal,New,2024-09-04
18162,Vikas Mishra,Other,40,Amritsar,Punjab,VIP,2024-06-13
18163,Aditi Mehta,Female,29,Agra,Uttar Pradesh,Regular,2023-03-16
18164,Neha Sharma,Male,34,Ajmer,Rajasthan,Regular,2025-09-14
18165,Diya Mishra,Female,23,Agra,Uttar Pradesh,New,2023-11-25
18166,Rahul Yadav,Female,19,Noida,Uttar Pradesh,New,2023-07-07
18167,Sneha Agarwal,Female,18,Panipat,Haryana,Regular,2023-08-20
18168,Arjun Sharma,Male,32,Nagpur,Maharashtra,Regular,2023-07-16
18169,Ananya Saini,Male,48,Agra,Uttar Pradesh,Regular,2025-11-22
18170,Karan Chopra,Female,38,New Delhi,Delhi,Premium,2025-05-23
18171,Riya Mishra,Male,43,Gandhinagar,Gujarat,Regular,2025-10-17
18172,Karan Yadav,Female,25,Gandhinagar,Gujarat,Regular,2024-10-23
18173,Kavya Agarwal,Male,37,Jodhpur,Rajasthan,Premium,2023-12-16
18174,Karan Chopra,Male,54,Kanpur,Uttar Pradesh,Premium,2024-01-18
18175,Yash Mehta,Female,42,Nashik,Maharashtra,Regular,2024-07-07
18176,Aarav Chopra,Male,30,Kanpur,Uttar Pradesh,New,2025-12-30
18177,Vikas Kapoor,Male,18,New Delhi,Delhi,Regular,2023-06-29
18178,Sneha Arora,Female,21,Ahmedabad,Gujarat,Regular,2025-11-12
18179,Ananya Yadav,Male,41,Karnal,Haryana,New,2023-08-24
18180,Yash Gupta,Female,36,Faridabad,Haryana,New,2024-05-06
18181,Rahul Mehta,Male,52,Faridabad,Haryana,VIP,2024-06-13
18182,Neha Kumar,Male,35,Jalandhar,Punjab,Regular,2023-03-21
18183,Kavya Saini,Male,19,Faridabad,Haryana,New,2025-11-20
18184,Rohan Agarwal,Female,32,Kolkata,West Bengal,Regular,2024-06-08
18185,Yash Saini,Male,34,Lucknow,Uttar Pradesh,Regular,2025-07-08
18186,Vikas Saini,Male,30,Ludhiana,Punjab,New,2025-10-16
18187,Karan Agarwal,Female,34,Dwarka,Delhi,Regular,2024-12-17
18188,Riya Mehta,Female,38,Durgapur,West Bengal,Regular,2025-09-15
18189,Ananya Mishra,Female,18,Ajmer,Rajasthan,VIP,2024-09-02
18190,Riya Yadav,Male,27,Agra,Uttar Pradesh,Premium,2023-08-01
18191,Yash Chopra,Female,47,Howrah,West Bengal,Regular,2023-04-19
18192,Riya Sharma,Female,50,Noida,Uttar Pradesh,Regular,2025-12-19
18193,Meera Chopra,Female,21,Noida,Uttar Pradesh,Regular,2024-08-20
18194,Vikas Sharma,Female,21,Dwarka,Delhi,Regular,2024-07-28
18195,Ananya Saini,Female,42,Agra,Uttar Pradesh,Premium,2024-03-02
18196,Karan Bansal,Female,54,Kanpur,Uttar Pradesh,New,2023-02-02
18197,Vivaan Sharma,Male,36,Mumbai,Maharashtra,Regular,2023-02-01
18198,Karan Chopra,Female,35,Agra,Uttar Pradesh,Regular,2025-01-13
18199,Rohan Kapoor,Female,27,Thane,Maharashtra,New,2024-06-30
18200,Yash Kumar,Female,44,Panipat,Haryana,Regular,2025-05-18
18201,Neha Arora,Female,31,Ludhiana,Punjab,VIP,2023-05-30
18202,Kavya Agarwal,Female,50,Noida,Uttar Pradesh,Premium,2024-08-29
18203,Riya Bansal,Female,38,Durgapur,West Bengal,Premium,2024-04-11
18204,Sneha Kumar,Male,37,Noida,Uttar Pradesh,Regular,2025-07-07
18205,Aditi Singh,Female,26,Nashik,Maharashtra,Regular,2023-05-23
18206,Aditi Arora,Male,26,Saket,Delhi,Regular,2023-05-22
18207,Yash Mishra,Female,28,Patiala,Punjab,Premium,2024-06-10
18208,Isha Kumar,Female,33,Ambala,Haryana,Regular,2024-04-15
18209,Sneha Agarwal,Female,45,Varanasi,Uttar Pradesh,Regular,2025-10-24
18210,Rahul Bansal,Male,42,Ludhiana,Punjab,New,2025-11-12
18211,Rohan Yadav,Male,29,Mohali,Punjab,Premium,2024-09-27
18212,Aditya Bansal,Female,18,Gandhinagar,Gujarat,Premium,2023-01-13
18213,Aman Mishra,Male,27,Gurugram,Haryana,Regular,2025-07-20
18214,Aarav Agarwal,Male,36,Thane,Maharashtra,Premium,2023-12-05
18215,Aarav Chopra,Female,36,Lucknow,Uttar Pradesh,Premium,2023-01-03
18216,Ananya Yadav,Male,52,Udaipur,Rajasthan,New,2024-08-09
18217,Vivaan Kapoor,Male,48,Pune,Maharashtra,Regular,2025-05-27
18218,Vivaan Kapoor,Female,42,Noida,Uttar Pradesh,Premium,2025-08-06
18219,Ananya Arora,Female,28,Agra,Uttar Pradesh,Regular,2024-10-29
18220,Aditya Bansal,Female,37,Vadodara,Gujarat,Premium,2025-10-06
18221,Meera Chopra,Female,39,Kolkata,West Bengal,Regular,2024-10-31
18222,Meera Chopra,Female,47,Patiala,Punjab,New,2025-06-16
18223,Karan Singh,Male,24,Gurugram,Haryana,New,2024-10-24
18224,Ananya Arora,Female,43,Durgapur,West Bengal,VIP,2024-07-31
18225,Aarav Mehta,Male,40,Kanpur,Uttar Pradesh,New,2023-06-16
18226,Vikas Agarwal,Male,29,Pune,Maharashtra,Premium,2024-05-22
18227,Sneha Gupta,Male,47,Lucknow,Uttar Pradesh,Regular,2024-07-27
18228,Vivaan Mehta,Female,18,Amritsar,Punjab,New,2024-01-14
18229,Aarav Saini,Female,56,Nagpur,Maharashtra,Regular,2024-08-03
18230,Karan Arora,Male,47,Jodhpur,Rajasthan,Regular,2023-09-13
18231,Rahul Mehta,Male,32,Dwarka,Delhi,New,2025-06-30
18232,Neha Yadav,Female,30,Kanpur,Uttar Pradesh,VIP,2025-11-13
18233,Vikas Arora,Male,34,Surat,Gujarat,Premium,2023-10-24
18234,Kavya Yadav,Female,26,Pune,Maharashtra,New,2023-11-04
18235,Rohan Gupta,Male,32,Panipat,Haryana,Premium,2023-05-08
18236,Yash Bansal,Male,42,Nashik,Maharashtra,Regular,2025-06-05
18237,Diya Kapoor,Male,27,Nagpur,Maharashtra,VIP,2024-03-21
18238,Isha Arora,Male,43,Ahmedabad,Gujarat,New,2024-07-27
18239,Isha Kumar,Female,32,Pune,Maharashtra,Regular,2024-10-08
18240,Rohan Verma,Female,45,Ludhiana,Punjab,Regular,2023-05-30
18241,Kavya Arora,Male,48,Nashik,Maharashtra,Premium,2024-08-15
18242,Sneha Mishra,Female,24,Nagpur,Maharashtra,New,2024-05-04
18243,Karan Bansal,Female,18,Panipat,Haryana,Regular,2023-12-16
18244,Rahul Agarwal,Male,36,Lucknow,Uttar Pradesh,VIP,2023-04-15
18245,Karan Saini,Female,37,Lucknow,Uttar Pradesh,Regular,2025-12-29
18246,Arjun Kapoor,Female,22,Mumbai,Maharashtra,Regular,2023-11-23
18247,Meera Singh,Male,51,Saket,Delhi,Regular,2025-11-16
18248,Rahul Kumar,Male,30,Nagpur,Maharashtra,Regular,2025-05-05
18249,Vivaan Kapoor,Other,40,Howrah,West Bengal,Regular,2025-02-25
18250,Vikas Chopra,Female,27,Surat,Gujarat,Regular,2023-03-17
18251,Vivaan Mehta,Male,19,Howrah,West Bengal,VIP,2023-08-02
18252,Arjun Kumar,Male,46,Kolkata,West Bengal,New,2025-06-02
18253,Aarav Mehta,Male,25,Ambala,Haryana,Regular,2024-03-19
18254,Diya Saini,Male,42,Thane,Maharashtra,Regular,2024-11-27
18255,Sneha Arora,Male,26,Kanpur,Uttar Pradesh,Regular,2024-05-26
18256,Neha Sharma,Male,32,Vadodara,Gujarat,New,2023-06-08
18257,Yash Verma,Male,32,Saket,Delhi,VIP,2025-05-17
18258,Neha Kumar,Female,34,Durgapur,West Bengal,Regular,2023-09-30
18259,Meera Bansal,Male,28,Mumbai,Maharashtra,Premium,2024-07-19
18260,Aditya Yadav,Male,41,Surat,Gujarat,Regular,2024-03-06
18261,Sneha Sharma,Male,43,Panipat,Haryana,New,2023-08-24
18262,Yash Bansal,Male,46,Patiala,Punjab,Regular,2025-08-29
18263,Isha Arora,Male,30,Surat,Gujarat,Regular,2024-03-16
18264,Ananya Agarwal,Female,23,Faridabad,Haryana,New,2023-05-19
18265,Sneha Saini,Male,36,Vadodara,Gujarat,Premium,2025-11-21
18266,Kavya Mishra,Male,38,Gurugram,Haryana,Premium,2025-08-15
18267,Aman Chopra,Female,38,Mumbai,Maharashtra,Premium,2023-04-22
18268,Vikas Saini,Female,49,Lucknow,Uttar Pradesh,Premium,2025-05-21
18269,Vikas Bansal,Male,35,Mumbai,Maharashtra,Regular,2023-05-04
18270,Aman Sharma,Male,55,Thane,Maharashtra,Regular,2023-01-10
18271,Ananya Yadav,Female,43,Noida,Uttar Pradesh,Regular,2023-01-11
18272,Aman Singh,Female,43,Patiala,Punjab,Regular,2023-10-02
18273,Aditi Gupta,Male,35,Faridabad,Haryana,Regular,2025-06-17
18274,Rahul Saini,Male,31,Mumbai,Maharashtra,Regular,2024-01-19
18275,Aditya Sharma,Male,28,Jodhpur,Rajasthan,Premium,2025-09-09
18276,Vikas Kumar,Male,36,Gandhinagar,Gujarat,Regular,2023-05-01
18277,Kavya Agarwal,Male,43,Jaipur,Rajasthan,New,2024-09-16
18278,Rohan Gupta,Female,32,Kanpur,Uttar Pradesh,Regular,2024-10-29
18279,Isha Verma,Male,30,Noida,Uttar Pradesh,Premium,2023-03-17
18280,Ananya Kapoor,Male,24,Panipat,Haryana,VIP,2023-06-03
18281,Diya Arora,Female,39,Agra,Uttar Pradesh,New,2025-07-09
18282,Diya Sharma,Female,23,Siliguri,West Bengal,Premium,2023-04-07
18283,Neha Verma,Male,38,Siliguri,West Bengal,Regular,2025-12-28
18284,Diya Gupta,Female,37,Varanasi,Uttar Pradesh,New,2024-01-27
18285,Rahul Kapoor,Male,33,Nagpur,Maharashtra,Premium,2024-10-06
18286,Aarav Verma,Male,46,Rajkot,Gujarat,New,2025-06-04
18287,Vikas Bansal,Female,50,Lucknow,Uttar Pradesh,Premium,2024-07-25
18288,Aman Mishra,Male,18,Faridabad,Haryana,Premium,2025-08-09
18289,Aarav Yadav,Female,19,Karnal,Haryana,Premium,2023-04-10
18290,Arjun Chopra,Male,40,Jaipur,Rajasthan,New,2023-07-28
18291,Vikas Agarwal,Male,51,Siliguri,West Bengal,Premium,2024-10-17
18292,Isha Kumar,Female,20,Nagpur,Maharashtra,Premium,2025-03-09
18293,Aditi Kapoor,Male,38,Faridabad,Haryana,Premium,2023-08-06
18294,Karan Bansal,Male,18,Jalandhar,Punjab,Regular,2025-10-16
18295,Vikas Agarwal,Female,18,Ahmedabad,Gujarat,Regular,2023-11-27
18296,Aditya Kapoor,Male,55,Vadodara,Gujarat,New,2023-11-19
18297,Isha Kumar,Male,38,Nashik,Maharashtra,New,2024-06-22
18298,Yash Kumar,Female,19,Pune,Maharashtra,New,2023-06-23
18299,Yash Mehta,Male,32,Panipat,Haryana,Regular,2024-09-11
18300,Ananya Mehta,Female,26,Gandhinagar,Gujarat,Regular,2024-12-16
18301,Diya Saini,Female,30,Rajkot,Gujarat,Regular,2023-04-03
18302,Arjun Singh,Male,31,Karol Bagh,Delhi,Regular,2025-07-20
18303,Aditi Kapoor,Male,36,Thane,Maharashtra,Premium,2025-07-07
18304,Karan Yadav,Female,38,New Delhi,Delhi,Premium,2023-08-09
18305,Vikas Kapoor,Male,27,Faridabad,Haryana,Premium,2024-07-26
18306,Vikas Bansal,Female,27,Dwarka,Delhi,Premium,2025-10-04
18307,Aarav Gupta,Male,38,Patiala,Punjab,New,2024-06-29
18308,Neha Gupta,Male,27,Noida,Uttar Pradesh,New,2024-11-02
18309,Ananya Verma,Male,27,Agra,Uttar Pradesh,Regular,2025-12-15
18310,Karan Bansal,Female,35,Kota,Rajasthan,Premium,2025-03-06
18311,Vivaan Singh,Male,34,Ajmer,Rajasthan,Premium,2025-06-05
18312,Rohan Kumar,Female,30,Saket,Delhi,Regular,2023-08-23
18313,Sneha Sharma,Female,45,Ambala,Haryana,VIP,2025-03-06
18314,Sneha Kumar,Male,39,Thane,Maharashtra,Premium,2025-01-03
18315,Isha Mehta,Male,54,Kanpur,Uttar Pradesh,New,2023-01-08
18316,Meera Agarwal,Male,32,Noida,Uttar Pradesh,Regular,2024-06-22
18317,Arjun Mishra,Female,41,Asansol,West Bengal,VIP,2023-01-13
18318,Karan Bansal,Female,49,Rajkot,Gujarat,Regular,2024-05-19
18319,Aarav Mehta,Male,25,Gandhinagar,Gujarat,Regular,2024-08-06
18320,Aditi Yadav,Male,30,Ajmer,Rajasthan,Regular,2023-12-18
18321,Arjun Mehta,Male,46,Mohali,Punjab,Regular,2023-10-27
18322,Meera Kapoor,Male,41,Pune,Maharashtra,Premium,2023-07-08
18323,Rohan Bansal,Female,34,Dwarka,Delhi,New,2025-03-19
18324,Kavya Sharma,Male,20,Lucknow,Uttar Pradesh,Premium,2023-11-05
18325,Vikas Singh,Male,21,Panipat,Haryana,Premium,2024-11-30
18326,Arjun Kapoor,Female,29,Vadodara,Gujarat,Premium,2024-11-16
18327,Aditi Sharma,Male,26,Mohali,Punjab,Premium,2023-01-15
18328,Vivaan Kumar,Male,26,Durgapur,West Bengal,New,2024-02-01
18329,Sneha Chopra,Male,18,Howrah,West Bengal,Regular,2025-04-14
18330,Vivaan Sharma,Female,20,Jaipur,Rajasthan,New,2025-05-15
18331,Isha Kapoor,Male,25,Vadodara,Gujarat,Premium,2023-02-26
18332,Vikas Agarwal,Male,35,Pune,Maharashtra,VIP,2024-04-15
18333,Yash Arora,Male,31,Surat,Gujarat,Regular,2023-07-16
18334,Vivaan Sharma,Male,35,Agra,Uttar Pradesh,Regular,2024-01-12
18335,Karan Gupta,Male,34,Gandhinagar,Gujarat,Regular,2024-11-25
18336,Aditi Mehta,Male,18,Jaipur,Rajasthan,Regular,2025-05-05
18337,Vikas Agarwal,Male,45,Durgapur,West Bengal,Regular,2025-12-15
18338,Aman Singh,Male,41,Ajmer,Rajasthan,Premium,2024-02-20
18339,Aman Arora,Male,34,Ajmer,Rajasthan,New,2024-04-08
18340,Ananya Chopra,Female,29,Vadodara,Gujarat,New,2024-04-27
18341,Aditya Mishra,Female,48,Vadodara,Gujarat,Regular,2024-11-14
18342,Ananya Agarwal,Male,24,Nagpur,Maharashtra,New,2025-03-30
18343,Rahul Gupta,Male,44,Jalandhar,Punjab,Regular,2023-08-31
18344,Riya Mehta,Male,25,Udaipur,Rajasthan,Regular,2024-02-19
18345,Rahul Arora,Male,47,Asansol,West Bengal,Regular,2025-05-23
18346,Sneha Mehta,Male,39,Gandhinagar,Gujarat,Premium,2023-07-03
18347,Arjun Bansal,Male,43,Surat,Gujarat,Regular,2023-04-01
18348,Rahul Bansal,Male,36,Ambala,Haryana,Premium,2025-12-20
18349,Riya Gupta,Female,38,Jodhpur,Rajasthan,Premium,2023-12-23
18350,Rohan Sharma,Male,34,Mumbai,Maharashtra,Regular,2024-10-31
18351,Aarav Sharma,Female,24,Gandhinagar,Gujarat,New,2024-07-30
18352,Meera Kapoor,Female,45,Karnal,Haryana,Premium,2024-05-08
18353,Sneha Saini,Female,31,Ahmedabad,Gujarat,Regular,2024-05-25
18354,Sneha Arora,Female,35,Pune,Maharashtra,Regular,2024-05-22
18355,Kavya Verma,Male,18,Saket,Delhi,Premium,2023-03-20
18356,Aman Kumar,Male,32,Varanasi,Uttar Pradesh,New,2025-04-01
18357,Riya Sharma,Male,38,Dwarka,Delhi,Regular,2024-10-30
18358,Vivaan Gupta,Male,51,Udaipur,Rajasthan,Premium,2024-11-09
18359,Aditi Arora,Male,33,Karnal,Haryana,Premium,2024-01-27
18360,Neha Kumar,Female,31,Mohali,Punjab,Premium,2025-11-11
18361,Vikas Mishra,Male,27,Surat,Gujarat,Regular,2023-08-29
18362,Sneha Arora,Male,28,Jalandhar,Punjab,Premium,2023-08-25
18363,Vikas Gupta,Female,52,Dwarka,Delhi,New,2025-05-21
18364,Isha Yadav,Male,23,Kanpur,Uttar Pradesh,Regular,2023-03-30
18365,Rohan Chopra,Male,30,Kota,Rajasthan,New,2025-12-01
18366,Rahul Bansal,Male,48,Vadodara,Gujarat,New,2023-03-30
18367,Sneha Mehta,Female,46,Kanpur,Uttar Pradesh,Premium,2024-02-22
18368,Aman Sharma,Female,57,Ahmedabad,Gujarat,New,2023-09-13
18369,Ananya Arora,Female,45,Pune,Maharashtra,Regular,2025-06-11
18370,Karan Sharma,Male,36,Patiala,Punjab,Regular,2025-02-27
18371,Arjun Mehta,Female,40,Amritsar,Punjab,New,2024-02-03
18372,Riya Chopra,Male,24,Kanpur,Uttar Pradesh,Premium,2024-12-10
18373,Aditi Chopra,Female,33,Kanpur,Uttar Pradesh,Premium,2025-04-21
18374,Rohan Gupta,Female,24,Surat,Gujarat,Premium,2024-09-11
18375,Rahul Mishra,Female,48,Nashik,Maharashtra,Premium,2023-11-26
18376,Kavya Chopra,Female,19,Agra,Uttar Pradesh,Regular,2023-05-01
18377,Kavya Agarwal,Male,32,Ludhiana,Punjab,VIP,2023-04-24
18378,Ananya Gupta,Male,24,Rohini,Delhi,New,2023-09-16
18379,Ananya Mehta,Female,44,Nagpur,Maharashtra,Regular,2025-01-05
18380,Karan Gupta,Male,36,Noida,Uttar Pradesh,VIP,2025-07-25
18381,Ananya Arora,Female,34,Udaipur,Rajasthan,Regular,2025-07-10
18382,Vikas Kapoor,Female,22,Jalandhar,Punjab,Regular,2025-07-15
18383,Meera Gupta,Male,48,Pune,Maharashtra,Regular,2025-07-24
18384,Vikas Arora,Female,25,Rajkot,Gujarat,Premium,2023-01-06
18385,Isha Sharma,Male,30,Karol Bagh,Delhi,Regular,2025-01-09
18386,Aman Kumar,Male,34,Jaipur,Rajasthan,Premium,2025-02-15
18387,Rohan Sharma,Male,39,Durgapur,West Bengal,Regular,2023-09-05
18388,Sneha Mehta,Male,31,Noida,Uttar Pradesh,Premium,2023-12-29
18389,Sneha Yadav,Female,48,Nashik,Maharashtra,Regular,2024-08-02
18390,Aarav Kumar,Male,35,Faridabad,Haryana,Regular,2025-09-23
18391,Neha Agarwal,Female,51,Nashik,Maharashtra,Regular,2024-01-19
18392,Rahul Mishra,Male,25,Faridabad,Haryana,Regular,2024-10-17
18393,Riya Bansal,Female,39,Asansol,West Bengal,Regular,2025-04-07
18394,Riya Saini,Female,27,Pune,Maharashtra,Regular,2024-02-13
18395,Meera Bansal,Male,32,Surat,Gujarat,Premium,2023-07-02
18396,Rahul Kapoor,Female,21,Thane,Maharashtra,Premium,2024-10-03
18397,Aditi Saini,Female,48,Pune,Maharashtra,Regular,2023-04-05
18398,Karan Agarwal,Female,48,Agra,Uttar Pradesh,Regular,2024-06-22
18399,Riya Kumar,Female,46,Surat,Gujarat,Premium,2025-01-26
18400,Vikas Arora,Female,44,Kolkata,West Bengal,Premium,2023-05-13
18401,Arjun Sharma,Female,61,Udaipur,Rajasthan,Regular,2023-03-22
18402,Karan Chopra,Male,36,Kolkata,West Bengal,Premium,2025-10-09
18403,Aarav Kumar,Male,51,Nagpur,Maharashtra,Regular,2023-03-18
18404,Rohan Gupta,Other,34,Jaipur,Rajasthan,New,2023-05-02
18405,Rohan Mehta,Male,40,Noida,Uttar Pradesh,Regular,2024-08-04
18406,Rohan Sharma,Male,42,Saket,Delhi,Premium,2025-02-12
18407,Diya Kapoor,Male,18,Faridabad,Haryana,Premium,2025-06-01
18408,Riya Gupta,Male,33,Saket,Delhi,Premium,2024-05-04
18409,Isha Yadav,Male,32,Jaipur,Rajasthan,New,2025-11-03
18410,Kavya Mishra,Female,34,Varanasi,Uttar Pradesh,Regular,2023-09-11
18411,Karan Sharma,Other,27,Agra,Uttar Pradesh,Regular,2025-02-14
18412,Karan Mishra,Male,36,Howrah,West Bengal,Premium,2023-02-03
18413,Isha Mishra,Female,38,Noida,Uttar Pradesh,Regular,2023-03-19
18414,Arjun Kumar,Male,24,Kanpur,Uttar Pradesh,Regular,2023-07-27
18415,Isha Bansal,Male,34,Jalandhar,Punjab,Premium,2023-04-06
18416,Aditi Gupta,Female,32,Panipat,Haryana,Premium,2025-10-24
18417,Neha Bansal,Female,46,Vadodara,Gujarat,Regular,2025-08-10
18418,Riya Kapoor,Male,40,Nashik,Maharashtra,New,2024-12-27
18419,Aarav Bansal,Male,26,Gandhinagar,Gujarat,Regular,2023-12-14
18420,Karan Verma,Male,44,Amritsar,Punjab,Regular,2023-02-18
18421,Aarav Mehta,Female,33,Thane,Maharashtra,New,2023-11-28
18422,Rahul Chopra,Male,35,Karol Bagh,Delhi,New,2025-11-26
18423,Karan Kapoor,Male,25,Saket,Delhi,VIP,2024-01-03
18424,Karan Arora,Female,36,Karnal,Haryana,Regular,2024-01-22
18425,Vivaan Bansal,Female,43,Ludhiana,Punjab,Regular,2025-08-09
18426,Yash Kapoor,Female,32,Noida,Uttar Pradesh,New,2025-09-11
18427,Yash Sharma,Female,50,Jalandhar,Punjab,Regular,2025-06-10
18428,Aditya Verma,Male,43,Kolkata,West Bengal,Regular,2025-12-01
18429,Ananya Sharma,Female,26,Agra,Uttar Pradesh,Regular,2024-03-01
18430,Aditi Gupta,Male,37,Jalandhar,Punjab,Regular,2023-07-14
18431,Kavya Singh,Other,20,New Delhi,Delhi,VIP,2025-08-22
18432,Rahul Mehta,Male,24,Thane,Maharashtra,Regular,2024-02-27
18433,Ananya Agarwal,Female,18,Faridabad,Haryana,Regular,2023-03-10
18434,Neha Bansal,Male,18,Rajkot,Gujarat,Regular,2023-11-25
18435,Sneha Mehta,Male,31,Siliguri,West Bengal,Regular,2024-06-15
18436,Vivaan Kapoor,Male,32,Saket,Delhi,New,2024-03-08
18437,Ananya Saini,Female,36,Varanasi,Uttar Pradesh,Premium,2023-04-18
18438,Aman Singh,Male,25,Faridabad,Haryana,Regular,2025-04-01
18439,Aditi Chopra,Male,42,Pune,Maharashtra,Regular,2023-03-17
18440,Yash Agarwal,Male,32,Agra,Uttar Pradesh,Regular,2025-10-06
18441,Isha Saini,Male,37,Saket,Delhi,Regular,2024-06-23
18442,Aman Arora,Female,18,Dwarka,Delhi,Regular,2025-09-29
18443,Rohan Gupta,Male,34,Nashik,Maharashtra,Regular,2024-01-06
18444,Arjun Gupta,Male,42,Kanpur,Uttar Pradesh,Regular,2023-05-21
18445,Aman Arora,Female,18,Patiala,Punjab,New,2023-12-11
18446,Isha Kumar,Female,34,Mumbai,Maharashtra,Regular,2025-03-30
18447,Isha Saini,Female,26,Mumbai,Maharashtra,Premium,2025-05-26
18448,Aarav Bansal,Female,49,Vadodara,Gujarat,Premium,2023-04-16
18449,Ananya Chopra,Male,21,Patiala,Punjab,Premium,2025-06-03
18450,Aditya Sharma,Female,56,Gandhinagar,Gujarat,Regular,2024-08-03
18451,Kavya Mishra,Female,47,Nashik,Maharashtra,Premium,2024-08-08
18452,Meera Verma,Female,35,Ludhiana,Punjab,New,2023-11-25
18453,Kavya Agarwal,Female,20,Pune,Maharashtra,Regular,2023-11-29
18454,Karan Kapoor,Male,29,Kanpur,Uttar Pradesh,New,2024-01-02
18455,Rahul Agarwal,Male,41,Siliguri,West Bengal,Premium,2025-11-16
18456,Rohan Mehta,Female,35,Mohali,Punjab,Regular,2025-08-04
18457,Aditya Yadav,Male,23,Nashik,Maharashtra,Premium,2023-06-24
18458,Arjun Saini,Female,45,Varanasi,Uttar Pradesh,Premium,2023-10-08
18459,Aditya Kapoor,Female,33,Siliguri,West Bengal,Regular,2024-04-21
18460,Kavya Bansal,Male,37,Agra,Uttar Pradesh,Regular,2023-07-22
18461,Vivaan Mehta,Male,44,Asansol,West Bengal,New,2023-12-14
18462,Sneha Bansal,Male,43,Kolkata,West Bengal,Regular,2023-11-18
18463,Aman Chopra,Male,45,New Delhi,Delhi,Premium,2024-07-26
18464,Neha Singh,Male,41,Vadodara,Gujarat,Regular,2024-02-13
18465,Rohan Bansal,Male,27,Kolkata,West Bengal,VIP,2024-05-17
18466,Karan Bansal,Male,34,New Delhi,Delhi,VIP,2024-03-10
18467,Riya Singh,Male,47,Lucknow,Uttar Pradesh,Regular,2024-10-14
18468,Vivaan Kumar,Male,21,Jaipur,Rajasthan,Premium,2024-12-04
18469,Arjun Yadav,Other,23,Noida,Uttar Pradesh,New,2023-08-09
18470,Aarav Arora,Other,39,Panipat,Haryana,Premium,2025-08-11
18471,Aman Verma,Male,33,New Delhi,Delhi,Regular,2025-08-31
18472,Kavya Yadav,Male,18,New Delhi,Delhi,Premium,2025-09-09
18473,Aman Yadav,Male,41,Kanpur,Uttar Pradesh,Regular,2023-02-15
18474,Yash Arora,Male,39,Ludhiana,Punjab,Premium,2024-08-26
18475,Vivaan Kumar,Female,60,Kolkata,West Bengal,Premium,2025-08-24
18476,Rahul Singh,Male,36,Nagpur,Maharashtra,Premium,2025-06-20
18477,Kavya Arora,Male,55,Panipat,Haryana,Regular,2023-12-11
18478,Isha Chopra,Female,44,Mumbai,Maharashtra,Regular,2023-01-09
18479,Aditya Kumar,Female,18,Thane,Maharashtra,Premium,2023-12-12
18480,Vikas Verma,Other,34,Siliguri,West Bengal,VIP,2023-08-28
18481,Aman Mehta,Male,33,Panipat,Haryana,New,2023-03-09
18482,Meera Singh,Female,33,New Delhi,Delhi,Regular,2024-12-18
18483,Sneha Agarwal,Female,25,Durgapur,West Bengal,Premium,2024-11-14
18484,Aditya Chopra,Female,42,Siliguri,West Bengal,Regular,2023-07-19
18485,Isha Kumar,Female,31,Nagpur,Maharashtra,Premium,2023-11-08
18486,Aditi Sharma,Female,46,Gandhinagar,Gujarat,New,2023-06-07
18487,Ananya Chopra,Female,44,Gurugram,Haryana,Premium,2023-08-08
18488,Kavya Verma,Male,32,Kota,Rajasthan,Premium,2023-11-08
18489,Aditi Saini,Male,28,Rohini,Delhi,Regular,2025-04-30
18490,Riya Arora,Female,28,Amritsar,Punjab,Premium,2024-11-26
18491,Diya Mishra,Female,34,Vadodara,Gujarat,Premium,2025-06-11
18492,Aditi Chopra,Female,37,Jalandhar,Punjab,Premium,2025-02-15
18493,Rohan Mishra,Male,30,Kota,Rajasthan,New,2025-10-06
18494,Arjun Arora,Male,30,Howrah,West Bengal,Premium,2025-02-26
18495,Ananya Agarwal,Male,37,Ludhiana,Punjab,Regular,2025-08-08
18496,Vikas Gupta,Female,44,Siliguri,West Bengal,Regular,2025-03-18
18497,Diya Arora,Male,36,Kolkata,West Bengal,Premium,2025-09-20
18498,Isha Sharma,Female,34,Nashik,Maharashtra,Regular,2023-07-03
18499,Arjun Kumar,Female,36,Jalandhar,Punjab,Regular,2025-03-02
18500,Karan Kumar,Male,18,Agra,Uttar Pradesh,Premium,2025-06-04
18501,Rohan Kumar,Female,32,Varanasi,Uttar Pradesh,Regular,2025-04-18
18502,Aman Chopra,Female,21,Kanpur,Uttar Pradesh,Premium,2023-05-01
18503,Kavya Verma,Male,29,New Delhi,Delhi,New,2024-03-04
18504,Vivaan Arora,Male,25,Durgapur,West Bengal,Premium,2024-12-09
18505,Rohan Kumar,Female,25,Mohali,Punjab,New,2024-08-02
18506,Yash Kapoor,Male,24,Rajkot,Gujarat,Regular,2025-05-22
18507,Rohan Kumar,Female,57,Panipat,Haryana,New,2025-10-18
18508,Yash Bansal,Female,33,Pune,Maharashtra,Regular,2023-08-04
18509,Vivaan Kapoor,Male,46,Siliguri,West Bengal,Premium,2024-01-08
18510,Aarav Singh,Male,42,Agra,Uttar Pradesh,Premium,2024-11-23
18511,Vivaan Chopra,Male,41,Amritsar,Punjab,Regular,2023-02-22
18512,Diya Mehta,Male,39,Thane,Maharashtra,Regular,2024-06-26
18513,Kavya Singh,Female,55,Nashik,Maharashtra,New,2023-02-14
18514,Neha Kumar,Female,38,Pune,Maharashtra,Regular,2023-10-09
18515,Neha Mehta,Male,18,Noida,Uttar Pradesh,Regular,2025-04-06
18516,Sneha Singh,Female,32,Saket,Delhi,New,2023-11-17
18517,Aditi Verma,Male,24,Howrah,West Bengal,Premium,2025-07-27
18518,Aman Kapoor,Female,20,Durgapur,West Bengal,Premium,2023-05-08
18519,Kavya Bansal,Male,38,Udaipur,Rajasthan,New,2024-10-08
18520,Neha Singh,Male,18,Ahmedabad,Gujarat,Regular,2023-06-15
18521,Riya Mehta,Female,35,Varanasi,Uttar Pradesh,Premium,2023-02-05
18522,Karan Gupta,Female,18,Agra,Uttar Pradesh,Premium,2023-12-17
18523,Yash Saini,Male,32,Mohali,Punjab,New,2023-12-23
18524,Rohan Agarwal,Male,42,Varanasi,Uttar Pradesh,Premium,2023-07-23
18525,Vivaan Mehta,Male,27,Ajmer,Rajasthan,New,2025-11-08
18526,Kavya Arora,Male,22,Gurugram,Haryana,Regular,2023-06-22
18527,Isha Gupta,Male,31,Varanasi,Uttar Pradesh,New,2023-09-05
18528,Rohan Singh,Female,40,Surat,Gujarat,VIP,2025-09-23
18529,Arjun Verma,Female,37,Pune,Maharashtra,Regular,2023-12-07
18530,Kavya Singh,Female,33,Mumbai,Maharashtra,Regular,2023-05-12
18531,Yash Agarwal,Male,26,Kolkata,West Bengal,Regular,2025-04-30
18532,Diya Singh,Female,30,Ambala,Haryana,Regular,2023-10-16
18533,Aditya Kumar,Male,41,Thane,Maharashtra,Premium,2023-12-25
18534,Aditi Kumar,Male,33,Vadodara,Gujarat,VIP,2023-07-05
18535,Arjun Kumar,Female,36,Ajmer,Rajasthan,VIP,2025-06-02
18536,Rahul Kapoor,Male,30,Varanasi,Uttar Pradesh,Premium,2024-04-11
18537,Rahul Sharma,Male,23,Mohali,Punjab,Premium,2023-04-01
18538,Riya Kapoor,Male,54,Howrah,West Bengal,VIP,2024-06-24
18539,Riya Singh,Male,42,Kota,Rajasthan,New,2023-04-29
18540,Arjun Verma,Male,37,Durgapur,West Bengal,New,2025-06-25
18541,Isha Yadav,Female,32,Nagpur,Maharashtra,New,2023-02-05
18542,Aman Gupta,Male,48,Pune,Maharashtra,Regular,2023-05-07
18543,Riya Sharma,Male,26,Vadodara,Gujarat,VIP,2024-02-12
18544,Karan Saini,Male,41,Pune,Maharashtra,Regular,2024-04-06
18545,Rohan Kumar,Female,34,Varanasi,Uttar Pradesh,Regular,2025-11-20
18546,Isha Agarwal,Male,31,Jodhpur,Rajasthan,Premium,2024-11-20
18547,Sneha Mishra,Male,31,Vadodara,Gujarat,VIP,2025-04-02
18548,Sneha Agarwal,Female,47,Kanpur,Uttar Pradesh,Premium,2024-11-21
18549,Riya Chopra,Male,18,Lucknow,Uttar Pradesh,Premium,2023-12-20
18550,Aarav Arora,Male,51,Panipat,Haryana,New,2023-06-25
18551,Ananya Kapoor,Female,44,Kolkata,West Bengal,Regular,2025-02-07
18552,Aditi Agarwal,Male,34,Panipat,Haryana,Regular,2025-12-05
18553,Arjun Mishra,Male,32,Pune,Maharashtra,Regular,2023-05-12
18554,Rahul Gupta,Male,34,Agra,Uttar Pradesh,Regular,2024-05-18
18555,Sneha Verma,Male,39,Kanpur,Uttar Pradesh,Premium,2025-11-25
18556,Neha Arora,Other,46,Pune,Maharashtra,Regular,2025-08-25
18557,Aarav Mehta,Male,39,Gurugram,Haryana,Regular,2024-02-03
18558,Yash Bansal,Male,37,Nagpur,Maharashtra,Regular,2023-02-22
18559,Vivaan Arora,Female,34,Rajkot,Gujarat,VIP,2023-04-18
18560,Arjun Kumar,Male,18,Vadodara,Gujarat,Regular,2024-04-01
18561,Aman Kapoor,Male,18,Amritsar,Punjab,New,2024-03-07
18562,Aarav Saini,Female,45,Durgapur,West Bengal,Regular,2024-06-10
18563,Yash Gupta,Female,39,Mumbai,Maharashtra,VIP,2024-05-27
18564,Ananya Singh,Female,42,Kolkata,West Bengal,VIP,2025-04-26
18565,Rohan Kumar,Male,42,Kota,Rajasthan,Regular,2025-10-10
18566,Aditi Verma,Female,40,Udaipur,Rajasthan,Regular,2024-08-14
18567,Rohan Verma,Male,43,Howrah,West Bengal,Premium,2024-02-27
18568,Aditi Chopra,Male,25,Kolkata,West Bengal,Premium,2024-08-08
18569,Aditya Saini,Male,40,Lucknow,Uttar Pradesh,VIP,2024-03-13
18570,Aditi Chopra,Female,39,Rohini,Delhi,Regular,2023-06-01
18571,Vikas Arora,Female,47,Lucknow,Uttar Pradesh,VIP,2023-02-01
18572,Vikas Kapoor,Female,18,Varanasi,Uttar Pradesh,Regular,2025-11-27
18573,Vivaan Bansal,Female,58,Lucknow,Uttar Pradesh,Regular,2025-08-23
18574,Rahul Kumar,Male,42,Rohini,Delhi,New,2023-09-11
18575,Karan Singh,Male,37,Gandhinagar,Gujarat,Regular,2023-10-25
18576,Neha Yadav,Female,24,Faridabad,Haryana,Premium,2023-02-21
18577,Rahul Yadav,Male,31,Pune,Maharashtra,Regular,2023-05-20
18578,Neha Saini,Male,37,Patiala,Punjab,Regular,2025-01-15
18579,Diya Kapoor,Female,51,Lucknow,Uttar Pradesh,Regular,2023-06-05
18580,Rahul Sharma,Female,49,Karnal,Haryana,VIP,2023-06-14
18581,Aman Chopra,Male,40,New Delhi,Delhi,Regular,2025-03-07
18582,Diya Gupta,Female,41,Vadodara,Gujarat,New,2023-07-22
18583,Aditya Mishra,Female,36,Kolkata,West Bengal,New,2023-08-27
18584,Isha Saini,Male,24,Karol Bagh,Delhi,Premium,2024-08-17
18585,Karan Saini,Male,26,Ajmer,Rajasthan,Regular,2023-09-20
18586,Aditya Yadav,Male,44,Udaipur,Rajasthan,New,2024-05-27
18587,Riya Bansal,Male,41,Howrah,West Bengal,Regular,2024-12-10
18588,Karan Mehta,Male,28,Gandhinagar,Gujarat,Premium,2024-02-27
18589,Vikas Chopra,Female,26,Udaipur,Rajasthan,VIP,2023-03-12
18590,Ananya Gupta,Male,40,Nashik,Maharashtra,New,2024-02-28
18591,Meera Bansal,Female,31,Ahmedabad,Gujarat,New,2024-04-25
18592,Ananya Mishra,Male,26,Panipat,Haryana,New,2024-05-27
18593,Karan Saini,Male,37,Agra,Uttar Pradesh,Premium,2023-01-08
18594,Aditi Singh,Female,41,Durgapur,West Bengal,New,2024-01-23
18595,Neha Sharma,Male,23,Vadodara,Gujarat,New,2024-10-29
18596,Neha Arora,Female,31,Ajmer,Rajasthan,Regular,2025-07-02
18597,Aman Verma,Male,41,Kota,Rajasthan,Premium,2025-12-12
18598,Yash Arora,Female,50,Kanpur,Uttar Pradesh,Premium,2023-11-16
18599,Arjun Saini,Male,37,Ajmer,Rajasthan,Regular,2023-03-27
18600,Aman Agarwal,Male,29,Pune,Maharashtra,Premium,2024-06-20
18601,Rahul Gupta,Female,26,Lucknow,Uttar Pradesh,Premium,2024-07-04
18602,Karan Gupta,Female,34,Nashik,Maharashtra,Premium,2024-06-06
18603,Kavya Mishra,Male,34,Rajkot,Gujarat,New,2024-05-24
18604,Diya Saini,Other,18,Patiala,Punjab,Regular,2025-09-16
18605,Riya Arora,Female,18,Agra,Uttar Pradesh,Premium,2024-07-21
18606,Arjun Singh,Male,18,Kanpur,Uttar Pradesh,Regular,2024-04-20
18607,Vikas Kapoor,Male,34,Nagpur,Maharashtra,New,2025-12-21
18608,Meera Verma,Male,45,Karol Bagh,Delhi,Regular,2023-12-05
18609,Aditi Kapoor,Male,43,Nagpur,Maharashtra,VIP,2023-03-19
18610,Rohan Kumar,Male,21,Siliguri,West Bengal,Premium,2024-04-04
18611,Diya Kapoor,Female,25,Varanasi,Uttar Pradesh,Premium,2025-06-01
18612,Rohan Chopra,Female,21,Durgapur,West Bengal,Premium,2024-05-23
18613,Arjun Sharma,Male,35,Howrah,West Bengal,New,2024-09-13
18614,Karan Agarwal,Male,43,Jalandhar,Punjab,New,2025-09-25
18615,Yash Singh,Female,45,New Delhi,Delhi,Regular,2023-06-06
18616,Ananya Singh,Male,27,Asansol,West Bengal,Regular,2024-01-12
18617,Meera Mehta,Male,35,Durgapur,West Bengal,Premium,2025-02-06
18618,Riya Gupta,Female,27,Gurugram,Haryana,Regular,2023-01-25
18619,Yash Sharma,Female,34,Panipat,Haryana,Regular,2025-07-12
18620,Ananya Mehta,Other,28,Patiala,Punjab,New,2024-04-16
18621,Karan Arora,Female,28,Howrah,West Bengal,Regular,2025-12-09
18622,Rohan Bansal,Female,21,Amritsar,Punjab,Regular,2024-12-01
18623,Neha Kumar,Male,18,Udaipur,Rajasthan,Regular,2025-08-25
18624,Diya Kapoor,Male,30,Ahmedabad,Gujarat,Regular,2024-11-26
18625,Vivaan Kapoor,Female,37,Ambala,Haryana,Regular,2023-08-02
18626,Yash Arora,Male,36,Nashik,Maharashtra,Regular,2023-08-26
18627,Vikas Bansal,Male,19,Dwarka,Delhi,Regular,2025-03-04
18628,Aman Yadav,Male,18,Surat,Gujarat,Regular,2024-12-14
18629,Vivaan Chopra,Male,33,Karol Bagh,Delhi,New,2025-04-09
18630,Aditya Sharma,Male,22,Pune,Maharashtra,Regular,2025-06-04
18631,Aditi Chopra,Male,29,Mumbai,Maharashtra,Premium,2023-11-17
18632,Aarav Kumar,Male,22,Karol Bagh,Delhi,New,2024-06-18
18633,Sneha Mehta,Female,18,Karnal,Haryana,VIP,2023-07-16
18634,Yash Mehta,Female,46,Kanpur,Uttar Pradesh,Regular,2023-06-15
18635,Sneha Singh,Female,39,Agra,Uttar Pradesh,New,2024-01-08
18636,Aarav Mehta,Male,34,Surat,Gujarat,Regular,2023-10-17
18637,Rahul Kumar,Male,43,Gandhinagar,Gujarat,New,2024-12-22
18638,Karan Chopra,Male,34,Jaipur,Rajasthan,Regular,2023-01-03
18639,Aarav Arora,Female,30,Nashik,Maharashtra,Regular,2023-05-11
18640,Diya Mishra,Female,51,Nashik,Maharashtra,Premium,2025-11-05
18641,Ananya Verma,Male,51,Surat,Gujarat,Premium,2025-12-23
18642,Vivaan Arora,Female,24,Agra,Uttar Pradesh,Regular,2024-07-15
18643,Vivaan Arora,Female,37,Dwarka,Delhi,Regular,2023-03-05
18644,Rahul Arora,Male,35,Rohini,Delhi,Regular,2024-03-17
18645,Yash Verma,Female,43,Udaipur,Rajasthan,Regular,2024-11-09
18646,Aditya Verma,Female,23,Noida,Uttar Pradesh,New,2024-06-12
18647,Kavya Saini,Male,47,Agra,Uttar Pradesh,Regular,2024-02-04
18648,Aditi Singh,Male,25,Faridabad,Haryana,New,2023-07-12
18649,Diya Saini,Female,33,Nashik,Maharashtra,Regular,2023-08-28
18650,Kavya Chopra,Female,23,Dwarka,Delhi,Regular,2024-11-22
18651,Karan Chopra,Male,29,Karol Bagh,Delhi,Regular,2024-04-01
18652,Sneha Sharma,Female,24,Lucknow,Uttar Pradesh,New,2025-08-03
18653,Riya Mehta,Male,24,New Delhi,Delhi,New,2025-10-22
18654,Isha Arora,Male,42,Pune,Maharashtra,New,2025-12-07
18655,Sneha Mishra,Male,34,Agra,Uttar Pradesh,New,2024-05-17
18656,Meera Sharma,Female,54,Kanpur,Uttar Pradesh,Regular,2025-11-28
18657,Sneha Mishra,Female,32,Jaipur,Rajasthan,Regular,2023-04-16
18658,Aman Chopra,Female,26,Rohini,Delhi,Regular,2024-10-01
18659,Arjun Agarwal,Female,29,Ludhiana,Punjab,Regular,2024-06-22
18660,Diya Mehta,Female,32,Kolkata,West Bengal,Regular,2023-06-15
18661,Karan Kumar,Male,37,Agra,Uttar Pradesh,New,2023-05-14
18662,Aman Bansal,Female,30,Lucknow,Uttar Pradesh,Regular,2024-06-01
18663,Aman Arora,Female,21,Faridabad,Haryana,Regular,2024-03-27
18664,Diya Mehta,Male,43,Kota,Rajasthan,New,2024-03-24
18665,Arjun Mishra,Male,46,Nashik,Maharashtra,Premium,2024-11-12
18666,Arjun Mishra,Female,30,Nagpur,Maharashtra,Premium,2025-09-25
18667,Sneha Yadav,Male,49,Mumbai,Maharashtra,Regular,2025-02-09
18668,Isha Singh,Male,29,Mohali,Punjab,New,2025-12-21
18669,Isha Kapoor,Female,44,Dwarka,Delhi,Regular,2023-01-08
18670,Vivaan Kumar,Female,25,Rajkot,Gujarat,New,2025-03-13
18671,Kavya Bansal,Male,58,Kolkata,West Bengal,New,2024-02-20
18672,Aman Sharma,Male,18,Amritsar,Punjab,Regular,2023-09-22
18673,Aman Singh,Female,23,Ajmer,Rajasthan,Regular,2025-07-15
18674,Isha Singh,Female,56,Karol Bagh,Delhi,Premium,2025-05-30
18675,Aarav Verma,Other,18,Faridabad,Haryana,VIP,2025-03-06
18676,Aditi Mishra,Female,32,Varanasi,Uttar Pradesh,Premium,2024-07-29
18677,Aditi Yadav,Female,29,Mohali,Punjab,Premium,2024-10-07
18678,Isha Sharma,Other,34,Pune,Maharashtra,Regular,2024-02-21
18679,Kavya Saini,Male,37,Udaipur,Rajasthan,Premium,2024-11-15
18680,Sneha Singh,Male,32,Patiala,Punjab,New,2023-10-21
18681,Aman Verma,Female,41,Karnal,Haryana,VIP,2025-05-03
18682,Sneha Sharma,Male,48,Rajkot,Gujarat,Premium,2023-09-28
18683,Rohan Mehta,Male,28,Jalandhar,Punjab,Regular,2023-03-31
18684,Neha Gupta,Male,18,Thane,Maharashtra,Premium,2025-02-04
18685,Meera Chopra,Female,27,Noida,Uttar Pradesh,New,2023-05-19
18686,Kavya Verma,Female,37,Pune,Maharashtra,Regular,2024-04-24
18687,Rohan Arora,Male,36,Kanpur,Uttar Pradesh,Premium,2024-03-21
18688,Karan Bansal,Female,43,Gurugram,Haryana,Regular,2024-06-03
18689,Aditya Chopra,Male,53,Karol Bagh,Delhi,Premium,2023-11-29
18690,Yash Saini,Female,36,Amritsar,Punjab,Regular,2024-11-18
18691,Ananya Singh,Female,30,Noida,Uttar Pradesh,Regular,2023-11-09
18692,Sneha Kapoor,Female,27,Pune,Maharashtra,Premium,2025-06-16
18693,Yash Chopra,Male,32,Karol Bagh,Delhi,Premium,2023-05-03
18694,Riya Verma,Male,43,Gurugram,Haryana,New,2023-05-25
18695,Kavya Kapoor,Male,28,Ajmer,Rajasthan,Regular,2024-06-20
18696,Kavya Kumar,Female,40,Nashik,Maharashtra,Regular,2025-01-04
18697,Neha Saini,Female,23,Durgapur,West Bengal,Regular,2024-07-10
18698,Aarav Yadav,Female,34,Thane,Maharashtra,Regular,2025-10-07
18699,Karan Mishra,Male,19,Jaipur,Rajasthan,Premium,2025-04-05
18700,Aditi Bansal,Female,28,Mumbai,Maharashtra,Premium,2023-06-01
18701,Aarav Yadav,Male,49,Kolkata,West Bengal,Regular,2025-05-02
18702,Aarav Singh,Male,37,Rajkot,Gujarat,New,2024-12-10
18703,Rahul Singh,Female,33,Lucknow,Uttar Pradesh,Regular,2025-06-18
18704,Rohan Kapoor,Male,37,New Delhi,Delhi,Regular,2023-06-25
18705,Rohan Kapoor,Male,39,Saket,Delhi,VIP,2023-06-23
18706,Aditi Yadav,Male,37,Jaipur,Rajasthan,Regular,2023-11-28
18707,Riya Gupta,Male,36,Rajkot,Gujarat,Regular,2023-11-21
18708,Aditi Agarwal,Male,24,Jaipur,Rajasthan,Premium,2024-07-18
18709,Riya Gupta,Female,19,Panipat,Haryana,New,2023-12-16
18710,Ananya Verma,Male,41,Thane,Maharashtra,New,2024-09-16
18711,Aman Kumar,Male,21,Ahmedabad,Gujarat,Regular,2023-04-07
18712,Yash Arora,Male,38,Varanasi,Uttar Pradesh,VIP,2023-06-17
18713,Aditya Sharma,Female,44,Mumbai,Maharashtra,Premium,2023-02-02
18714,Ananya Gupta,Female,24,Lucknow,Uttar Pradesh,Premium,2024-11-06
18715,Yash Saini,Female,27,Asansol,West Bengal,Regular,2025-03-28
18716,Aditi Sharma,Female,32,Rajkot,Gujarat,Regular,2023-01-10
18717,Yash Gupta,Male,25,Jaipur,Rajasthan,Regular,2025-11-10
18718,Aman Kumar,Other,25,Mumbai,Maharashtra,Premium,2023-06-22
18719,Ananya Kumar,Male,29,Howrah,West Bengal,Regular,2024-09-17
18720,Diya Agarwal,Male,26,Udaipur,Rajasthan,New,2025-03-16
18721,Diya Gupta,Female,39,Kanpur,Uttar Pradesh,Regular,2024-09-11
18722,Yash Yadav,Male,35,Ahmedabad,Gujarat,Regular,2023-01-23
18723,Rahul Yadav,Male,20,Saket,Delhi,Premium,2023-09-24
18724,Rahul Agarwal,Female,51,Kanpur,Uttar Pradesh,New,2025-08-02
18725,Vikas Saini,Female,31,Kolkata,West Bengal,Premium,2024-10-26
18726,Neha Saini,Male,33,Thane,Maharashtra,Premium,2023-02-25
18727,Aditya Saini,Female,29,Agra,Uttar Pradesh,Premium,2025-09-02
18728,Vivaan Chopra,Female,34,Karol Bagh,Delhi,Premium,2023-09-23
18729,Rohan Arora,Female,25,Lucknow,Uttar Pradesh,Regular,2025-09-17
18730,Kavya Mehta,Female,20,Kanpur,Uttar Pradesh,Premium,2025-05-29
18731,Yash Verma,Female,31,Patiala,Punjab,Regular,2024-02-13
18732,Riya Arora,Female,48,Ahmedabad,Gujarat,Regular,2023-03-20
18733,Aman Kapoor,Female,40,New Delhi,Delhi,Regular,2023-07-30
18734,Kavya Sharma,Female,46,Kanpur,Uttar Pradesh,Regular,2023-04-24
18735,Vivaan Gupta,Female,28,Varanasi,Uttar Pradesh,VIP,2024-08-29
18736,Sneha Kumar,Male,26,Asansol,West Bengal,Regular,2023-04-08
18737,Sneha Saini,Other,29,Agra,Uttar Pradesh,New,2024-08-27
18738,Vikas Verma,Male,39,Faridabad,Haryana,VIP,2023-05-12
18739,Aditi Kapoor,Male,44,Ambala,Haryana,Regular,2025-03-08
18740,Aarav Bansal,Female,31,Nashik,Maharashtra,Regular,2025-08-17
18741,Yash Saini,Male,20,Thane,Maharashtra,Regular,2025-03-11
18742,Kavya Mehta,Female,44,Kanpur,Uttar Pradesh,Premium,2025-02-28
18743,Rahul Mishra,Male,45,Agra,Uttar Pradesh,Regular,2023-07-26
18744,Riya Singh,Female,39,Ambala,Haryana,New,2024-04-25
18745,Karan Bansal,Female,48,Kota,Rajasthan,Regular,2025-08-28
18746,Riya Chopra,Female,18,Jaipur,Rajasthan,VIP,2023-12-12
18747,Karan Kapoor,Male,25,Ludhiana,Punjab,Regular,2025-05-03
18748,Aditi Mehta,Female,34,Amritsar,Punjab,Regular,2025-07-02
18749,Yash Saini,Male,23,Mohali,Punjab,Premium,2023-05-31
18750,Aditya Agarwal,Male,43,Panipat,Haryana,Premium,2024-07-09
18751,Karan Singh,Male,22,Thane,Maharashtra,Regular,2024-02-04
18752,Meera Kapoor,Other,47,Saket,Delhi,Premium,2024-05-07
18753,Meera Kapoor,Male,26,Karol Bagh,Delhi,New,2023-05-26
18754,Yash Singh,Female,48,Ludhiana,Punjab,Regular,2023-01-30
18755,Vikas Arora,Male,26,Howrah,West Bengal,Regular,2023-10-28
18756,Vikas Agarwal,Male,18,Ahmedabad,Gujarat,Regular,2024-07-07
18757,Karan Arora,Female,35,Saket,Delhi,Regular,2024-01-05
18758,Karan Chopra,Female,41,Varanasi,Uttar Pradesh,Regular,2025-10-02
18759,Sneha Agarwal,Female,24,Karol Bagh,Delhi,New,2024-10-22
18760,Neha Mishra,Male,50,Jaipur,Rajasthan,Premium,2024-11-28
18761,Riya Gupta,Female,48,Gurugram,Haryana,Premium,2025-08-05
18762,Karan Kapoor,Female,32,Thane,Maharashtra,Regular,2023-06-27
18763,Aditi Singh,Male,37,Jodhpur,Rajasthan,Regular,2025-10-17
18764,Meera Mehta,Female,34,Howrah,West Bengal,Regular,2023-03-07
18765,Vikas Mishra,Female,41,Jalandhar,Punjab,VIP,2025-03-04
18766,Isha Mishra,Female,43,Ahmedabad,Gujarat,Regular,2023-06-09
18767,Isha Singh,Male,18,Surat,Gujarat,Premium,2025-10-25
18768,Aditi Kumar,Female,51,Amritsar,Punjab,Regular,2023-09-10
18769,Aditya Mishra,Female,46,Noida,Uttar Pradesh,New,2024-06-17
18770,Rahul Singh,Male,24,Amritsar,Punjab,New,2023-10-23
18771,Rohan Saini,Female,49,New Delhi,Delhi,Regular,2023-01-11
18772,Neha Singh,Other,53,Karol Bagh,Delhi,Premium,2025-03-05
18773,Rahul Singh,Female,18,Nagpur,Maharashtra,Premium,2024-04-15
18774,Aman Sharma,Female,41,Lucknow,Uttar Pradesh,Premium,2025-01-05
18775,Aditi Kumar,Male,43,Asansol,West Bengal,Premium,2023-02-24
18776,Aditi Gupta,Other,38,Amritsar,Punjab,New,2024-11-13
18777,Yash Gupta,Female,46,Howrah,West Bengal,Premium,2024-09-22
18778,Aditya Mishra,Male,36,New Delhi,Delhi,Premium,2023-09-20
18779,Yash Kumar,Female,39,Ahmedabad,Gujarat,New,2025-06-04
18780,Aman Bansal,Female,18,Varanasi,Uttar Pradesh,Premium,2025-03-22
18781,Diya Mehta,Male,27,Patiala,Punjab,Regular,2023-10-27
18782,Rahul Kapoor,Female,47,Vadodara,Gujarat,Regular,2025-03-23
18783,Arjun Mishra,Female,27,Agra,Uttar Pradesh,Regular,2025-11-29
18784,Isha Verma,Male,33,Nashik,Maharashtra,Regular,2025-09-02
18785,Neha Kapoor,Female,23,Nagpur,Maharashtra,Regular,2023-10-22
18786,Aman Kapoor,Female,27,Jodhpur,Rajasthan,New,2024-07-24
18787,Vikas Gupta,Male,37,Kota,Rajasthan,Premium,2023-02-26
18788,Ananya Kumar,Male,33,Surat,Gujarat,Regular,2023-11-20
18789,Karan Mishra,Male,18,Panipat,Haryana,Regular,2024-03-18
18790,Aman Gupta,Male,26,Nashik,Maharashtra,Regular,2024-03-07
18791,Sneha Singh,Female,48,Siliguri,West Bengal,Premium,2023-07-11
18792,Karan Singh,Male,45,Gurugram,Haryana,Regular,2023-12-18
18793,Riya Kumar,Female,34,Jalandhar,Punjab,Regular,2024-06-26
18794,Meera Chopra,Other,37,Pune,Maharashtra,Premium,2024-09-18
18795,Rahul Yadav,Male,28,Kanpur,Uttar Pradesh,Regular,2024-10-02
18796,Vivaan Mishra,Female,48,Noida,Uttar Pradesh,Premium,2023-12-16
18797,Vivaan Yadav,Female,31,Jalandhar,Punjab,Regular,2025-09-06
18798,Yash Singh,Female,22,Kota,Rajasthan,Regular,2025-02-21
18799,Rohan Gupta,Male,18,Mohali,Punjab,Premium,2025-03-13
18800,Vivaan Agarwal,Male,18,Udaipur,Rajasthan,VIP,2025-03-05
18801,Vikas Singh,Male,26,Surat,Gujarat,Premium,2023-11-06
18802,Diya Sharma,Male,50,Rohini,Delhi,New,2024-09-28
18803,Meera Mehta,Female,61,Jodhpur,Rajasthan,Regular,2025-10-09
18804,Karan Verma,Male,45,Asansol,West Bengal,Regular,2025-11-09
18805,Vivaan Arora,Male,18,Thane,Maharashtra,Premium,2023-07-01
18806,Sneha Verma,Female,23,Rajkot,Gujarat,Regular,2024-12-10
18807,Aditi Saini,Male,23,Noida,Uttar Pradesh,Premium,2023-01-17
18808,Meera Chopra,Male,31,Rajkot,Gujarat,New,2025-02-22
18809,Neha Kumar,Female,26,Panipat,Haryana,Regular,2024-04-23
18810,Karan Chopra,Female,40,Jalandhar,Punjab,Regular,2024-10-20
18811,Aditi Verma,Male,31,Saket,Delhi,Premium,2025-08-01
18812,Sneha Chopra,Male,43,Kanpur,Uttar Pradesh,Regular,2023-05-12
18813,Arjun Verma,Male,40,Vadodara,Gujarat,New,2023-12-10
18814,Ananya Mehta,Female,47,Agra,Uttar Pradesh,Premium,2024-02-22
18815,Meera Agarwal,Female,27,Nashik,Maharashtra,Regular,2024-12-09
18816,Arjun Saini,Male,44,Thane,Maharashtra,Regular,2023-06-04
18817,Kavya Mehta,Male,26,Mumbai,Maharashtra,Regular,2024-11-14
18818,Vikas Verma,Female,33,Varanasi,Uttar Pradesh,VIP,2025-12-10
18819,Kavya Verma,Female,26,Mumbai,Maharashtra,VIP,2023-11-10
18820,Meera Chopra,Female,38,Agra,Uttar Pradesh,New,2023-06-05
18821,Rahul Bansal,Male,47,Karnal,Haryana,Regular,2024-04-27
18822,Aditi Saini,Female,46,Siliguri,West Bengal,Regular,2023-11-07
18823,Aditya Mehta,Female,38,Mohali,Punjab,Premium,2023-11-15
18824,Riya Singh,Female,33,Ambala,Haryana,Regular,2024-05-03
18825,Meera Agarwal,Female,34,Asansol,West Bengal,Regular,2023-05-28
18826,Aditi Bansal,Male,49,Kanpur,Uttar Pradesh,Premium,2025-01-14
18827,Rahul Agarwal,Male,26,Nagpur,Maharashtra,VIP,2024-03-19
18828,Diya Sharma,Male,39,Agra,Uttar Pradesh,Premium,2025-10-07
18829,Yash Yadav,Male,45,Agra,Uttar Pradesh,New,2023-01-17
18830,Diya Arora,Female,34,Rohini,Delhi,Premium,2023-11-09
18831,Aman Yadav,Male,43,Varanasi,Uttar Pradesh,New,2023-09-07
18832,Rohan Singh,Male,56,Kanpur,Uttar Pradesh,Regular,2023-07-30
18833,Aarav Bansal,Female,33,Mumbai,Maharashtra,Regular,2025-02-19
18834,Riya Arora,Male,31,Ajmer,Rajasthan,Premium,2025-10-14
18835,Vivaan Singh,Male,36,Durgapur,West Bengal,New,2025-10-10
18836,Arjun Mishra,Male,39,Faridabad,Haryana,Premium,2024-09-20
18837,Aditya Arora,Female,47,Jodhpur,Rajasthan,Premium,2024-08-14
18838,Rahul Chopra,Male,47,Pune,Maharashtra,New,2025-07-18
18839,Diya Yadav,Male,37,Durgapur,West Bengal,New,2025-12-09
18840,Arjun Bansal,Male,18,Ambala,Haryana,New,2024-04-13
18841,Karan Gupta,Female,20,Nagpur,Maharashtra,Premium,2025-02-25
18842,Rahul Mehta,Male,44,Rajkot,Gujarat,New,2023-02-27
18843,Karan Sharma,Female,28,New Delhi,Delhi,New,2024-10-26
18844,Vikas Sharma,Male,44,Siliguri,West Bengal,New,2025-06-10
18845,Meera Gupta,Male,42,Ambala,Haryana,Regular,2025-04-04
18846,Vivaan Mehta,Female,32,Rajkot,Gujarat,Regular,2025-08-21
18847,Vikas Arora,Male,26,Siliguri,West Bengal,Regular,2023-04-17
18848,Rahul Kapoor,Male,32,Nagpur,Maharashtra,VIP,2023-04-22
18849,Kavya Verma,Female,36,Lucknow,Uttar Pradesh,Premium,2025-08-04
18850,Aditya Saini,Male,20,Karnal,Haryana,Regular,2024-11-09
18851,Ananya Gupta,Female,43,Siliguri,West Bengal,Regular,2024-04-19
18852,Aarav Kapoor,Male,41,Udaipur,Rajasthan,Regular,2025-04-03
18853,Aman Agarwal,Female,36,Gurugram,Haryana,Premium,2023-05-20
18854,Vivaan Chopra,Other,36,Nagpur,Maharashtra,Regular,2023-03-30
18855,Aditi Bansal,Male,48,Ajmer,Rajasthan,Regular,2024-02-21
18856,Neha Singh,Female,27,Jalandhar,Punjab,Regular,2025-06-04
18857,Yash Bansal,Male,30,Dwarka,Delhi,Premium,2024-09-22
18858,Ananya Sharma,Female,35,Karnal,Haryana,Regular,2024-09-29
18859,Sneha Verma,Male,28,Nagpur,Maharashtra,Premium,2024-10-27
18860,Neha Yadav,Female,33,Thane,Maharashtra,New,2023-04-14
18861,Neha Arora,Female,18,Ajmer,Rajasthan,Premium,2023-09-27
18862,Vikas Chopra,Male,30,Surat,Gujarat,Premium,2023-03-11
18863,Vikas Yadav,Male,33,Vadodara,Gujarat,Premium,2023-06-26
18864,Riya Arora,Male,27,Nagpur,Maharashtra,New,2025-02-27
18865,Sneha Mishra,Female,47,Ambala,Haryana,Regular,2024-05-27
18866,Vikas Sharma,Male,38,Nagpur,Maharashtra,VIP,2023-04-26
18867,Kavya Chopra,Female,33,Lucknow,Uttar Pradesh,VIP,2025-01-30
18868,Karan Sharma,Male,28,Mumbai,Maharashtra,Regular,2023-09-08
18869,Arjun Bansal,Male,19,Pune,Maharashtra,Regular,2025-11-17
18870,Rahul Sharma,Female,27,Kanpur,Uttar Pradesh,New,2025-01-24
18871,Neha Mehta,Female,35,Siliguri,West Bengal,Regular,2023-04-16
18872,Aman Verma,Female,33,Patiala,Punjab,Regular,2023-01-02
18873,Rahul Agarwal,Female,27,Nashik,Maharashtra,New,2023-07-28
18874,Sneha Chopra,Female,51,Gurugram,Haryana,Regular,2024-09-16
18875,Yash Chopra,Female,45,Durgapur,West Bengal,Regular,2024-08-09
18876,Aman Verma,Male,30,Ludhiana,Punjab,VIP,2023-11-06
18877,Aditya Chopra,Female,40,Panipat,Haryana,Regular,2024-04-24
18878,Ananya Chopra,Female,47,Noida,Uttar Pradesh,Regular,2023-09-12
18879,Diya Mishra,Female,37,Kanpur,Uttar Pradesh,Premium,2025-05-31
18880,Sneha Agarwal,Female,32,Rohini,Delhi,Regular,2025-01-07
18881,Yash Yadav,Male,18,Thane,Maharashtra,New,2025-06-30
18882,Isha Agarwal,Male,33,Noida,Uttar Pradesh,Regular,2024-07-26
18883,Karan Saini,Male,26,Gurugram,Haryana,Regular,2023-06-16
18884,Aarav Saini,Female,28,Agra,Uttar Pradesh,Premium,2023-01-24
18885,Riya Kapoor,Male,31,Gandhinagar,Gujarat,Premium,2024-12-16
18886,Ananya Sharma,Male,32,Pune,Maharashtra,Regular,2023-11-30
18887,Rohan Bansal,Female,30,Thane,Maharashtra,Regular,2024-05-04
18888,Meera Saini,Female,21,Pune,Maharashtra,Regular,2023-05-06
18889,Aditi Mehta,Male,18,Agra,Uttar Pradesh,Regular,2025-07-26
18890,Riya Mishra,Female,42,Panipat,Haryana,New,2023-12-07
18891,Aditya Yadav,Male,51,New Delhi,Delhi,Premium,2025-07-15
18892,Yash Agarwal,Female,35,Surat,Gujarat,Premium,2023-07-25
18893,Diya Gupta,Female,23,Siliguri,West Bengal,Regular,2023-03-06
18894,Neha Arora,Male,44,Ajmer,Rajasthan,Regular,2025-02-04
18895,Kavya Kumar,Male,55,Faridabad,Haryana,Regular,2025-09-19
18896,Diya Mehta,Male,46,Amritsar,Punjab,Regular,2023-12-30
18897,Diya Chopra,Male,47,Noida,Uttar Pradesh,Premium,2023-09-28
18898,Riya Agarwal,Male,22,Thane,Maharashtra,Regular,2024-02-06
18899,Aman Sharma,Other,28,Faridabad,Haryana,Regular,2024-12-11
18900,Rahul Saini,Male,46,Howrah,West Bengal,Regular,2023-02-25
18901,Rahul Kumar,Female,22,Kanpur,Uttar Pradesh,Premium,2025-07-20
18902,Ananya Verma,Female,28,Kolkata,West Bengal,Premium,2023-04-13
18903,Vivaan Agarwal,Female,36,Gandhinagar,Gujarat,Premium,2024-03-04
18904,Neha Yadav,Male,39,Gandhinagar,Gujarat,Regular,2025-08-16
18905,Ananya Bansal,Male,31,Mumbai,Maharashtra,Regular,2025-05-14
18906,Rahul Singh,Female,34,Nashik,Maharashtra,Premium,2024-02-11
18907,Meera Agarwal,Female,36,Pune,Maharashtra,Regular,2025-01-17
18908,Ananya Agarwal,Male,32,Mumbai,Maharashtra,Premium,2025-04-13
18909,Vikas Saini,Female,29,Thane,Maharashtra,Premium,2023-11-14
18910,Aditi Yadav,Male,33,Kolkata,West Bengal,New,2025-04-08
18911,Kavya Chopra,Male,29,Rajkot,Gujarat,Regular,2023-05-29
18912,Diya Sharma,Female,43,Vadodara,Gujarat,Regular,2024-01-28
18913,Vivaan Verma,Female,37,Durgapur,West Bengal,Regular,2024-02-12
18914,Rahul Mishra,Male,33,Dwarka,Delhi,VIP,2025-11-10
18915,Arjun Chopra,Male,32,Panipat,Haryana,Regular,2025-01-20
18916,Yash Verma,Male,44,Kota,Rajasthan,Regular,2023-12-13
18917,Yash Mehta,Other,30,Udaipur,Rajasthan,VIP,2023-04-04
18918,Aman Arora,Male,41,Vadodara,Gujarat,Regular,2024-11-26
18919,Ananya Mishra,Male,46,Agra,Uttar Pradesh,Regular,2023-04-09
18920,Isha Mishra,Male,39,Nashik,Maharashtra,Regular,2023-05-11
18921,Diya Mishra,Male,18,Kota,Rajasthan,Premium,2023-10-31
18922,Meera Arora,Female,30,Karnal,Haryana,Regular,2024-10-30
18923,Karan Arora,Male,25,Pune,Maharashtra,New,2025-03-10
18924,Vikas Verma,Female,22,Gandhinagar,Gujarat,VIP,2023-06-07
18925,Neha Saini,Male,45,Jalandhar,Punjab,Regular,2025-11-19
18926,Aditi Chopra,Female,38,Pune,Maharashtra,Premium,2023-11-30
18927,Vivaan Kapoor,Male,18,Nagpur,Maharashtra,Regular,2024-05-15
18928,Kavya Singh,Female,34,Amritsar,Punjab,New,2024-07-02
18929,Vivaan Saini,Male,27,Mohali,Punjab,Premium,2023-06-20
18930,Karan Sharma,Female,43,Durgapur,West Bengal,New,2023-10-19
18931,Diya Agarwal,Female,27,Varanasi,Uttar Pradesh,Regular,2024-01-20
18932,Rohan Verma,Female,37,Rohini,Delhi,Premium,2025-07-15
18933,Yash Verma,Male,37,Ludhiana,Punjab,Regular,2023-12-22
18934,Sneha Mehta,Female,26,Mumbai,Maharashtra,Premium,2023-04-02
18935,Riya Verma,Male,24,Nagpur,Maharashtra,New,2024-08-07
18936,Neha Yadav,Female,54,Nagpur,Maharashtra,Premium,2023-09-11
18937,Rahul Gupta,Male,38,Ambala,Haryana,New,2024-10-20
18938,Aditya Kapoor,Male,35,Howrah,West Bengal,Premium,2025-01-08
18939,Vikas Kapoor,Male,46,Kanpur,Uttar Pradesh,Regular,2023-12-17
18940,Aditya Gupta,Male,52,Lucknow,Uttar Pradesh,Premium,2023-10-21
18941,Kavya Mishra,Male,49,Udaipur,Rajasthan,Regular,2025-01-23
18942,Neha Agarwal,Male,20,Lucknow,Uttar Pradesh,Regular,2025-05-22
18943,Rahul Gupta,Other,34,Ahmedabad,Gujarat,Premium,2024-12-11
18944,Rohan Kapoor,Female,31,Asansol,West Bengal,Premium,2023-10-26
18945,Isha Verma,Male,53,Noida,Uttar Pradesh,Regular,2025-04-29
18946,Neha Singh,Male,41,Siliguri,West Bengal,Premium,2025-05-19
18947,Arjun Arora,Female,21,Vadodara,Gujarat,New,2023-01-16
18948,Ananya Sharma,Male,18,Siliguri,West Bengal,Regular,2025-07-31
18949,Yash Mehta,Female,50,Rohini,Delhi,VIP,2023-02-10
18950,Arjun Mehta,Female,34,Thane,Maharashtra,VIP,2023-01-11
18951,Isha Mishra,Female,34,Saket,Delhi,Regular,2024-01-26
18952,Yash Saini,Female,31,Vadodara,Gujarat,Regular,2025-04-30
18953,Sneha Yadav,Female,26,Karnal,Haryana,New,2023-03-11
18954,Arjun Arora,Male,34,Pune,Maharashtra,Regular,2023-10-26
18955,Aditi Mehta,Male,42,Lucknow,Uttar Pradesh,New,2024-12-10
18956,Rohan Gupta,Male,34,Lucknow,Uttar Pradesh,Regular,2023-02-20
18957,Arjun Arora,Female,44,Nagpur,Maharashtra,New,2024-01-11
18958,Meera Saini,Male,41,Gandhinagar,Gujarat,Regular,2024-09-09
18959,Vivaan Arora,Female,43,Nagpur,Maharashtra,Premium,2024-05-13
18960,Rahul Sharma,Male,36,Ahmedabad,Gujarat,Regular,2024-07-01
18961,Vivaan Kapoor,Male,32,Dwarka,Delhi,New,2024-04-21
18962,Isha Saini,Male,22,Jodhpur,Rajasthan,Regular,2023-12-19
18963,Aditya Verma,Female,44,Lucknow,Uttar Pradesh,VIP,2023-07-30
18964,Meera Sharma,Female,37,Karnal,Haryana,Regular,2024-09-12
18965,Rahul Gupta,Female,31,Nashik,Maharashtra,Regular,2024-01-04
18966,Meera Chopra,Female,23,Nashik,Maharashtra,Premium,2024-07-31
18967,Karan Agarwal,Female,47,Nashik,Maharashtra,Regular,2024-01-24
18968,Ananya Mehta,Female,34,Surat,Gujarat,Premium,2025-08-16
18969,Kavya Mehta,Male,53,Nagpur,Maharashtra,Regular,2024-06-04
18970,Aarav Kumar,Male,18,Panipat,Haryana,VIP,2025-04-02
18971,Isha Singh,Male,37,Mohali,Punjab,Regular,2025-11-17
18972,Yash Saini,Other,20,Nagpur,Maharashtra,Premium,2024-02-01
18973,Ananya Sharma,Male,27,New Delhi,Delhi,Regular,2025-02-05
18974,Isha Singh,Male,31,Faridabad,Haryana,Premium,2025-05-09
18975,Aarav Gupta,Female,40,Kanpur,Uttar Pradesh,Regular,2023-08-21
18976,Aditi Kumar,Male,37,Nagpur,Maharashtra,Premium,2024-05-10
18977,Karan Sharma,Female,29,Agra,Uttar Pradesh,Regular,2025-11-14
18978,Aman Saini,Female,27,Mumbai,Maharashtra,New,2025-06-13
18979,Isha Mishra,Female,18,Pune,Maharashtra,New,2024-09-20
18980,Aman Agarwal,Female,28,Lucknow,Uttar Pradesh,Premium,2023-10-16
18981,Isha Yadav,Female,27,Vadodara,Gujarat,New,2024-12-22
18982,Arjun Singh,Female,46,Nashik,Maharashtra,Premium,2025-01-01
18983,Aditi Verma,Male,30,Thane,Maharashtra,Regular,2023-12-17
18984,Ananya Chopra,Female,30,Mumbai,Maharashtra,Regular,2024-04-28
18985,Neha Gupta,Female,36,Panipat,Haryana,New,2023-02-13
18986,Yash Kumar,Male,48,Mumbai,Maharashtra,Regular,2023-12-10
18987,Aarav Kumar,Male,47,Noida,Uttar Pradesh,Regular,2025-12-16
18988,Aditya Sharma,Male,58,Kolkata,West Bengal,Premium,2025-01-01
18989,Kavya Saini,Female,20,Rajkot,Gujarat,New,2024-06-03
18990,Karan Chopra,Male,36,Nashik,Maharashtra,Regular,2023-12-17
18991,Rohan Yadav,Female,33,Saket,Delhi,Regular,2023-02-03
18992,Diya Sharma,Male,18,Rohini,Delhi,Premium,2024-03-07
18993,Vivaan Kumar,Male,22,Agra,Uttar Pradesh,Regular,2023-01-08
18994,Sneha Yadav,Male,43,Jodhpur,Rajasthan,Regular,2025-01-20
18995,Isha Kumar,Female,39,Lucknow,Uttar Pradesh,VIP,2024-12-22
18996,Rohan Sharma,Male,39,Udaipur,Rajasthan,Premium,2024-08-09
18997,Rohan Arora,Male,38,Amritsar,Punjab,VIP,2024-03-03
18998,Kavya Singh,Female,18,Siliguri,West Bengal,Regular,2025-08-08
18999,Rahul Kapoor,Female,23,Amritsar,Punjab,New,2023-04-05
19000,Aditi Saini,Female,29,Howrah,West Bengal,Premium,2023-05-12
19001,Karan Mishra,Female,42,Asansol,West Bengal,Regular,2024-02-23
19002,Diya Agarwal,Female,35,Kota,Rajasthan,Regular,2024-07-03
19003,Rohan Arora,Female,43,Thane,Maharashtra,Regular,2025-02-06
19004,Aman Saini,Female,54,Agra,Uttar Pradesh,New,2025-07-11
19005,Yash Chopra,Male,18,Pune,Maharashtra,New,2025-07-30
19006,Isha Gupta,Male,33,Noida,Uttar Pradesh,Regular,2025-06-25
19007,Aditi Agarwal,Male,33,Varanasi,Uttar Pradesh,Premium,2024-04-01
19008,Neha Kumar,Female,26,Mumbai,Maharashtra,New,2024-04-30
19009,Meera Agarwal,Female,38,Udaipur,Rajasthan,New,2023-06-14
19010,Meera Saini,Male,63,Thane,Maharashtra,Premium,2024-01-07
19011,Arjun Bansal,Female,25,Noida,Uttar Pradesh,Regular,2024-02-09
19012,Riya Yadav,Female,40,Agra,Uttar Pradesh,VIP,2023-03-25
19013,Meera Singh,Female,24,Panipat,Haryana,Regular,2024-01-24
19014,Aditya Saini,Female,18,Faridabad,Haryana,Premium,2025-10-21
19015,Arjun Verma,Female,28,Saket,Delhi,Regular,2025-05-19
19016,Kavya Kapoor,Male,37,Panipat,Haryana,New,2024-09-05
19017,Vivaan Sharma,Male,38,Mohali,Punjab,Premium,2025-09-05
19018,Neha Yadav,Female,52,Vadodara,Gujarat,VIP,2024-09-01
19019,Vikas Arora,Female,37,Gurugram,Haryana,Premium,2024-01-13
19020,Aman Verma,Female,34,Pune,Maharashtra,Premium,2023-12-19
19021,Ananya Saini,Male,42,Rohini,Delhi,New,2024-07-10
19022,Aarav Kapoor,Male,36,Kolkata,West Bengal,Premium,2024-10-01
19023,Vikas Bansal,Male,34,Ajmer,Rajasthan,Regular,2024-06-09
19024,Sneha Arora,Female,32,Agra,Uttar Pradesh,Regular,2023-07-14
19025,Kavya Arora,Female,40,Kota,Rajasthan,Regular,2024-01-17
19026,Kavya Mehta,Female,39,Lucknow,Uttar Pradesh,Regular,2025-05-14
19027,Arjun Kapoor,Female,31,Nashik,Maharashtra,Premium,2023-04-17
19028,Aman Mehta,Male,48,Ludhiana,Punjab,Regular,2025-03-16
19029,Aman Singh,Male,42,Kolkata,West Bengal,Regular,2024-02-05
19030,Vikas Kapoor,Female,44,Lucknow,Uttar Pradesh,New,2024-05-29
19031,Riya Arora,Male,25,Agra,Uttar Pradesh,Premium,2024-05-11
19032,Aman Kapoor,Female,29,Nagpur,Maharashtra,Regular,2023-07-31
19033,Kavya Gupta,Female,49,Kanpur,Uttar Pradesh,New,2025-06-06
19034,Yash Agarwal,Male,44,Gandhinagar,Gujarat,New,2023-07-07
19035,Rahul Yadav,Male,20,Lucknow,Uttar Pradesh,New,2023-07-29
19036,Aarav Gupta,Male,37,Thane,Maharashtra,Regular,2023-10-21
19037,Aarav Mehta,Male,44,Jalandhar,Punjab,Regular,2025-11-06
19038,Vivaan Kapoor,Female,24,Vadodara,Gujarat,Regular,2025-06-28
19039,Vikas Mishra,Female,44,Vadodara,Gujarat,New,2023-05-04
19040,Meera Mishra,Female,35,Karol Bagh,Delhi,VIP,2023-07-02
19041,Aman Singh,Female,49,Amritsar,Punjab,New,2024-06-30
19042,Isha Sharma,Male,33,Noida,Uttar Pradesh,Premium,2024-12-31
19043,Vikas Arora,Female,20,Kolkata,West Bengal,Regular,2025-07-11
19044,Rahul Arora,Female,39,Rohini,Delhi,Regular,2024-06-05
19045,Aarav Yadav,Male,23,Udaipur,Rajasthan,New,2025-10-08
19046,Kavya Singh,Other,28,Panipat,Haryana,Regular,2025-05-04
19047,Karan Chopra,Female,18,Agra,Uttar Pradesh,Premium,2025-11-28
19048,Diya Chopra,Female,26,Nashik,Maharashtra,Regular,2024-03-07
19049,Arjun Mehta,Female,47,Asansol,West Bengal,Regular,2023-02-17
19050,Sneha Agarwal,Female,35,Kota,Rajasthan,Regular,2023-01-25
19051,Isha Bansal,Male,32,Gandhinagar,Gujarat,Regular,2024-06-26
19052,Aditya Kumar,Female,25,Mumbai,Maharashtra,Premium,2024-04-11
19053,Riya Gupta,Female,36,Gurugram,Haryana,Premium,2023-01-26
19054,Rohan Mishra,Female,32,Lucknow,Uttar Pradesh,Regular,2025-04-23
19055,Riya Sharma,Male,58,Mumbai,Maharashtra,Premium,2025-10-28
19056,Karan Kapoor,Male,34,Kolkata,West Bengal,Regular,2025-04-02
19057,Neha Gupta,Female,39,Gandhinagar,Gujarat,Regular,2025-12-05
19058,Yash Arora,Other,28,Rohini,Delhi,Premium,2024-09-14
19059,Ananya Yadav,Male,34,Karol Bagh,Delhi,Regular,2025-06-22
19060,Ananya Arora,Female,39,New Delhi,Delhi,Premium,2024-10-09
19061,Aarav Verma,Male,25,Siliguri,West Bengal,Regular,2024-05-31
19062,Arjun Verma,Female,40,Rajkot,Gujarat,Regular,2023-01-11
19063,Vivaan Mishra,Male,35,Gandhinagar,Gujarat,Premium,2023-07-09
19064,Karan Singh,Female,18,Noida,Uttar Pradesh,New,2023-01-16
19065,Riya Kapoor,Female,42,Kota,Rajasthan,Regular,2023-10-21
19066,Aditya Yadav,Male,39,Kota,Rajasthan,New,2024-10-10
19067,Arjun Sharma,Male,36,New Delhi,Delhi,New,2025-04-09
19068,Karan Verma,Male,28,Jodhpur,Rajasthan,Regular,2024-11-06
19069,Isha Kumar,Female,59,Karnal,Haryana,Regular,2024-06-11
19070,Kavya Mehta,Female,28,Amritsar,Punjab,Regular,2025-10-29
19071,Aditi Bansal,Female,18,Howrah,West Bengal,VIP,2023-08-15
19072,Aarav Verma,Female,39,Surat,Gujarat,Regular,2025-11-08
19073,Aarav Arora,Female,33,Varanasi,Uttar Pradesh,Regular,2025-07-04
19074,Arjun Verma,Female,20,Kota,Rajasthan,Regular,2023-05-26
19075,Yash Kumar,Female,31,Kanpur,Uttar Pradesh,New,2025-04-25
19076,Aditya Sharma,Male,33,Ahmedabad,Gujarat,Premium,2023-11-28
19077,Isha Agarwal,Female,26,Gandhinagar,Gujarat,Regular,2025-04-09
19078,Karan Kumar,Male,35,Surat,Gujarat,Regular,2023-08-22
19079,Rohan Saini,Other,38,Mumbai,Maharashtra,New,2025-02-15
19080,Arjun Kumar,Male,34,Rohini,Delhi,Regular,2024-09-17
19081,Diya Agarwal,Male,25,Noida,Uttar Pradesh,Premium,2023-02-04
19082,Sneha Saini,Male,39,Ajmer,Rajasthan,New,2023-11-06
19083,Aman Chopra,Female,18,Lucknow,Uttar Pradesh,Regular,2024-07-09
19084,Yash Chopra,Male,38,Gandhinagar,Gujarat,Regular,2025-03-15
19085,Vivaan Agarwal,Female,37,Noida,Uttar Pradesh,Premium,2025-01-19
19086,Rahul Sharma,Male,32,Mohali,Punjab,Premium,2023-01-21
19087,Vikas Arora,Male,29,Lucknow,Uttar Pradesh,Premium,2025-11-28
19088,Arjun Kumar,Male,22,Kolkata,West Bengal,Premium,2025-12-08
19089,Isha Kapoor,Male,29,Rohini,Delhi,VIP,2023-04-15
19090,Karan Sharma,Male,26,Nagpur,Maharashtra,Regular,2024-04-14
19091,Karan Gupta,Male,24,Agra,Uttar Pradesh,Regular,2024-07-20
19092,Aditya Bansal,Male,22,Ambala,Haryana,Premium,2024-08-31
19093,Riya Arora,Male,47,Udaipur,Rajasthan,Regular,2025-07-05
19094,Riya Sharma,Male,42,Thane,Maharashtra,New,2023-04-17
19095,Vikas Kapoor,Female,58,Jaipur,Rajasthan,Regular,2024-03-26
19096,Arjun Mehta,Male,36,Howrah,West Bengal,Premium,2024-05-05
19097,Aman Verma,Male,41,Lucknow,Uttar Pradesh,New,2025-05-13
19098,Arjun Arora,Male,33,Ambala,Haryana,Premium,2023-12-01
19099,Arjun Chopra,Female,49,Siliguri,West Bengal,Premium,2025-12-27
19100,Arjun Agarwal,Male,33,Noida,Uttar Pradesh,New,2025-01-31
19101,Diya Chopra,Female,44,Nashik,Maharashtra,New,2025-12-10
19102,Ananya Verma,Other,36,Surat,Gujarat,Regular,2024-12-03
19103,Meera Kapoor,Male,52,Noida,Uttar Pradesh,Regular,2023-01-21
19104,Kavya Yadav,Male,29,Nagpur,Maharashtra,Regular,2024-05-19
19105,Arjun Sharma,Male,45,Amritsar,Punjab,Regular,2023-11-29
19106,Diya Gupta,Male,33,Agra,Uttar Pradesh,Regular,2025-01-04
19107,Vivaan Chopra,Male,26,Amritsar,Punjab,New,2023-02-13
19108,Rahul Mehta,Male,33,Surat,Gujarat,Premium,2023-01-29
19109,Aarav Saini,Female,18,New Delhi,Delhi,Regular,2025-08-21
19110,Diya Mishra,Male,43,Thane,Maharashtra,Premium,2023-08-08
19111,Vikas Bansal,Male,41,Asansol,West Bengal,Regular,2024-11-27
19112,Aarav Kumar,Female,53,Udaipur,Rajasthan,Regular,2024-10-01
19113,Rahul Verma,Male,24,Kota,Rajasthan,New,2023-04-30
19114,Vikas Arora,Male,27,Kota,Rajasthan,New,2024-04-11
19115,Aman Mishra,Female,21,Noida,Uttar Pradesh,Regular,2024-06-13
19116,Vikas Yadav,Male,38,Udaipur,Rajasthan,Regular,2023-01-11
19117,Meera Yadav,Female,30,Pune,Maharashtra,New,2024-09-09
19118,Aditya Verma,Male,26,Asansol,West Bengal,Premium,2024-07-19
19119,Rohan Agarwal,Female,38,Kolkata,West Bengal,VIP,2024-09-11
19120,Meera Mehta,Female,45,Vadodara,Gujarat,Regular,2024-05-09
19121,Karan Singh,Male,35,Howrah,West Bengal,New,2024-08-28
19122,Sneha Singh,Male,29,Kota,Rajasthan,Premium,2025-07-20
19123,Rohan Agarwal,Male,46,Pune,Maharashtra,Regular,2024-07-31
19124,Ananya Kumar,Female,31,Kolkata,West Bengal,Premium,2024-11-01
19125,Yash Singh,Female,31,Kanpur,Uttar Pradesh,Regular,2025-09-19
19126,Rahul Kumar,Male,39,Howrah,West Bengal,New,2024-10-31
19127,Riya Bansal,Female,27,Noida,Uttar Pradesh,Regular,2023-03-06
19128,Isha Yadav,Female,44,Nagpur,Maharashtra,Regular,2023-03-26
19129,Riya Arora,Other,25,Pune,Maharashtra,Premium,2024-05-25
19130,Kavya Bansal,Male,28,Asansol,West Bengal,New,2025-02-26
19131,Kavya Chopra,Female,22,Saket,Delhi,Regular,2023-08-11
19132,Aditi Kumar,Male,43,Rajkot,Gujarat,New,2025-01-06
19133,Arjun Arora,Female,48,Jodhpur,Rajasthan,Regular,2023-02-22
19134,Aman Kumar,Male,32,Karol Bagh,Delhi,Regular,2025-01-06
19135,Karan Agarwal,Male,38,Ahmedabad,Gujarat,VIP,2024-08-24
19136,Ananya Saini,Female,38,Pune,Maharashtra,Premium,2023-12-07
19137,Meera Agarwal,Female,37,Mumbai,Maharashtra,Premium,2024-06-02
19138,Kavya Mehta,Male,22,Kanpur,Uttar Pradesh,New,2023-01-12
19139,Arjun Kumar,Female,27,Kota,Rajasthan,Regular,2024-04-02
19140,Kavya Sharma,Male,42,Nashik,Maharashtra,Regular,2023-08-18
19141,Neha Arora,Male,46,Noida,Uttar Pradesh,New,2024-12-16
19142,Arjun Kapoor,Male,43,Dwarka,Delhi,Premium,2023-03-04
19143,Neha Yadav,Male,34,Durgapur,West Bengal,Premium,2023-04-14
19144,Ananya Chopra,Female,42,Udaipur,Rajasthan,New,2024-12-07
19145,Sneha Mishra,Male,19,Vadodara,Gujarat,Premium,2023-10-16
19146,Meera Yadav,Male,18,Lucknow,Uttar Pradesh,New,2024-11-27
19147,Diya Bansal,Female,20,Noida,Uttar Pradesh,New,2024-07-07
19148,Rahul Chopra,Male,62,Varanasi,Uttar Pradesh,New,2024-08-03
19149,Aditi Verma,Female,55,Kanpur,Uttar Pradesh,Regular,2025-11-28
19150,Rahul Saini,Female,18,Jaipur,Rajasthan,Premium,2024-07-11
19151,Aditya Kumar,Male,32,Kota,Rajasthan,New,2025-08-11
19152,Aditi Mishra,Male,30,Kota,Rajasthan,Premium,2023-04-27
19153,Aditya Saini,Female,47,Amritsar,Punjab,Regular,2025-08-13
19154,Rohan Bansal,Female,41,Kota,Rajasthan,VIP,2023-02-23
19155,Neha Mishra,Female,30,Mohali,Punjab,Premium,2025-01-04
19156,Ananya Saini,Female,40,Jalandhar,Punjab,Premium,2024-02-21
19157,Meera Arora,Female,42,Siliguri,West Bengal,Regular,2025-04-18
19158,Vivaan Kapoor,Male,18,Nagpur,Maharashtra,Regular,2024-10-31
19159,Aman Mehta,Female,39,Nagpur,Maharashtra,New,2025-06-18
19160,Arjun Kumar,Male,34,Noida,Uttar Pradesh,Regular,2024-05-07
19161,Rohan Kapoor,Male,23,Howrah,West Bengal,Regular,2023-12-28
19162,Ananya Yadav,Male,28,Nagpur,Maharashtra,Premium,2025-06-21
19163,Meera Singh,Male,37,Gandhinagar,Gujarat,New,2024-05-06
19164,Sneha Agarwal,Female,35,Varanasi,Uttar Pradesh,Regular,2024-04-30
19165,Riya Arora,Male,32,Howrah,West Bengal,Premium,2025-05-10
19166,Rohan Mishra,Male,31,Rajkot,Gujarat,Regular,2023-04-25
19167,Yash Kumar,Male,35,Surat,Gujarat,Premium,2025-06-05
19168,Meera Arora,Male,18,Amritsar,Punjab,Regular,2024-03-02
19169,Aditya Yadav,Female,51,Dwarka,Delhi,New,2025-07-07
19170,Rahul Sharma,Female,30,Agra,Uttar Pradesh,Regular,2024-10-19
19171,Riya Yadav,Female,39,Rohini,Delhi,Regular,2025-05-22
19172,Vivaan Arora,Female,50,Ahmedabad,Gujarat,New,2024-03-13
19173,Rohan Agarwal,Female,45,Panipat,Haryana,Regular,2025-11-22
19174,Aditya Agarwal,Male,37,Karnal,Haryana,VIP,2023-01-19
19175,Aarav Agarwal,Female,33,Karol Bagh,Delhi,Premium,2024-05-04
19176,Meera Chopra,Male,34,Saket,Delhi,Regular,2024-04-17
19177,Aman Agarwal,Female,18,Karol Bagh,Delhi,Premium,2024-08-26
19178,Ananya Chopra,Female,22,Surat,Gujarat,VIP,2023-08-23
19179,Diya Arora,Female,36,Nagpur,Maharashtra,Regular,2024-08-07
19180,Rohan Bansal,Male,30,Panipat,Haryana,Premium,2023-07-28
19181,Ananya Kapoor,Male,19,Noida,Uttar Pradesh,VIP,2023-04-16
19182,Aditi Saini,Female,37,Lucknow,Uttar Pradesh,Premium,2024-03-20
19183,Isha Sharma,Female,42,Jalandhar,Punjab,Regular,2023-04-21
19184,Rahul Bansal,Female,46,Nagpur,Maharashtra,Regular,2024-08-23
19185,Neha Kapoor,Male,39,Nashik,Maharashtra,Regular,2023-03-28
19186,Neha Agarwal,Female,28,Nashik,Maharashtra,VIP,2025-01-08
19187,Aman Yadav,Female,41,Vadodara,Gujarat,New,2024-07-12
19188,Neha Kumar,Male,37,Gurugram,Haryana,Premium,2025-08-31
19189,Yash Bansal,Female,25,Kolkata,West Bengal,New,2024-06-11
19190,Aman Sharma,Male,24,Surat,Gujarat,New,2025-12-10
19191,Ananya Agarwal,Female,42,Howrah,West Bengal,VIP,2025-05-14
19192,Aman Yadav,Male,37,Karnal,Haryana,Premium,2023-05-26
19193,Sneha Gupta,Female,37,Siliguri,West Bengal,Regular,2023-08-24
19194,Aman Sharma,Male,35,Rajkot,Gujarat,VIP,2025-02-21
19195,Vivaan Mehta,Male,40,Ahmedabad,Gujarat,Premium,2023-12-20
19196,Sneha Chopra,Female,29,Ambala,Haryana,Premium,2024-03-28
19197,Neha Verma,Male,33,Gandhinagar,Gujarat,Regular,2024-08-12
19198,Kavya Arora,Female,41,Howrah,West Bengal,VIP,2024-03-08
19199,Vikas Mehta,Male,34,Mumbai,Maharashtra,Premium,2025-10-11
19200,Rahul Bansal,Female,27,Pune,Maharashtra,VIP,2025-06-16
19201,Isha Verma,Male,27,Siliguri,West Bengal,Regular,2023-10-11
19202,Rahul Sharma,Female,34,Noida,Uttar Pradesh,Regular,2024-08-07
19203,Karan Arora,Male,18,Thane,Maharashtra,Premium,2025-03-04
19204,Isha Kapoor,Male,52,Jaipur,Rajasthan,Regular,2024-12-12
19205,Neha Agarwal,Female,32,Asansol,West Bengal,Premium,2025-08-10
19206,Neha Mishra,Male,39,Ambala,Haryana,VIP,2023-07-04
19207,Arjun Kumar,Female,40,Udaipur,Rajasthan,Premium,2024-02-26
19208,Sneha Saini,Male,37,Nashik,Maharashtra,Regular,2025-05-16
19209,Vivaan Kapoor,Female,20,Vadodara,Gujarat,New,2023-01-11
19210,Neha Singh,Female,23,Mumbai,Maharashtra,Regular,2023-09-03
19211,Riya Yadav,Female,19,Asansol,West Bengal,Premium,2023-11-18
19212,Aditya Singh,Male,45,Kolkata,West Bengal,New,2023-07-13
19213,Meera Mehta,Male,19,Faridabad,Haryana,Regular,2024-10-14
19214,Vivaan Chopra,Male,27,Agra,Uttar Pradesh,Regular,2025-09-17
19215,Yash Yadav,Female,47,Gurugram,Haryana,Premium,2025-01-22
19216,Diya Saini,Female,23,Kanpur,Uttar Pradesh,New,2024-11-14
19217,Sneha Sharma,Female,35,Ajmer,Rajasthan,New,2023-09-08
19218,Yash Yadav,Female,42,Durgapur,West Bengal,Regular,2023-05-22
19219,Aman Saini,Male,33,Gandhinagar,Gujarat,New,2025-06-10
19220,Vivaan Yadav,Male,36,Amritsar,Punjab,Regular,2025-12-17
19221,Meera Saini,Male,39,Ambala,Haryana,Regular,2024-01-23
19222,Aarav Mehta,Female,52,Nagpur,Maharashtra,Regular,2023-04-25
19223,Aarav Mehta,Male,25,Jaipur,Rajasthan,New,2023-02-23
19224,Vivaan Yadav,Female,30,Rohini,Delhi,VIP,2025-08-05
19225,Neha Yadav,Male,40,Howrah,West Bengal,New,2025-08-11
19226,Aarav Yadav,Male,32,Durgapur,West Bengal,VIP,2023-02-20
19227,Ananya Verma,Female,28,Lucknow,Uttar Pradesh,Premium,2024-07-16
19228,Diya Verma,Male,44,Asansol,West Bengal,Premium,2025-01-21
19229,Aditi Bansal,Male,18,Agra,Uttar Pradesh,New,2024-08-13
19230,Karan Gupta,Female,45,Gandhinagar,Gujarat,Premium,2024-12-28
19231,Karan Kapoor,Male,50,Ajmer,Rajasthan,Premium,2024-05-25
19232,Kavya Singh,Male,32,Jalandhar,Punjab,Regular,2024-01-04
19233,Aditi Mehta,Female,21,Kolkata,West Bengal,Regular,2024-02-14
19234,Riya Mehta,Female,36,Agra,Uttar Pradesh,New,2024-06-06
19235,Yash Verma,Male,39,Surat,Gujarat,Regular,2023-08-30
19236,Rohan Kumar,Female,18,Lucknow,Uttar Pradesh,New,2024-09-19
19237,Rohan Yadav,Female,35,Karnal,Haryana,VIP,2025-04-03
19238,Aman Singh,Male,53,Karnal,Haryana,Premium,2023-12-12
19239,Diya Chopra,Female,47,Jodhpur,Rajasthan,New,2025-04-08
19240,Neha Arora,Female,39,Pune,Maharashtra,Regular,2023-10-30
19241,Rohan Mishra,Male,38,Agra,Uttar Pradesh,Regular,2025-04-05
19242,Arjun Bansal,Female,34,Mumbai,Maharashtra,New,2024-10-19
19243,Neha Gupta,Female,36,Mumbai,Maharashtra,Premium,2023-01-27
19244,Ananya Singh,Female,33,Mumbai,Maharashtra,New,2023-01-28
19245,Yash Chopra,Female,36,Kota,Rajasthan,Regular,2025-02-28
19246,Diya Chopra,Male,18,Siliguri,West Bengal,Regular,2023-05-07
19247,Aman Chopra,Male,18,Kota,Rajasthan,Regular,2025-09-26
19248,Yash Chopra,Female,26,Agra,Uttar Pradesh,Regular,2024-01-09
19249,Yash Sharma,Female,44,Rohini,Delhi,Premium,2024-10-14
19250,Meera Chopra,Male,40,Noida,Uttar Pradesh,Regular,2024-09-20
19251,Sneha Mishra,Male,42,Panipat,Haryana,Premium,2024-10-15
19252,Karan Agarwal,Female,35,Nagpur,Maharashtra,Premium,2025-08-22
19253,Vikas Kapoor,Female,46,Rohini,Delhi,New,2024-02-29
19254,Neha Mishra,Male,47,Varanasi,Uttar Pradesh,New,2023-04-23
19255,Aarav Yadav,Female,46,Ahmedabad,Gujarat,Premium,2024-05-27
19256,Ananya Mishra,Male,27,Lucknow,Uttar Pradesh,Regular,2023-03-06
19257,Arjun Bansal,Male,35,Dwarka,Delhi,Premium,2025-05-31
19258,Karan Mehta,Male,29,Amritsar,Punjab,Regular,2024-09-26
19259,Isha Arora,Female,49,Ahmedabad,Gujarat,Premium,2024-09-29
19260,Isha Mehta,Female,45,Amritsar,Punjab,New,2023-07-02
19261,Arjun Kumar,Male,39,Agra,Uttar Pradesh,Premium,2025-05-09
19262,Aditya Bansal,Male,41,Kota,Rajasthan,Premium,2024-12-24
19263,Riya Saini,Female,37,Mumbai,Maharashtra,Regular,2023-05-04
19264,Vivaan Saini,Male,25,Pune,Maharashtra,Regular,2023-02-13
19265,Aditi Chopra,Female,45,Gandhinagar,Gujarat,Regular,2024-02-22
19266,Vivaan Kumar,Female,54,Ambala,Haryana,Regular,2025-10-17
19267,Aarav Kumar,Male,39,Varanasi,Uttar Pradesh,Regular,2024-11-29
19268,Aditi Yadav,Male,33,Saket,Delhi,Premium,2025-02-17
19269,Aarav Kapoor,Female,27,Mohali,Punjab,VIP,2025-01-22
19270,Aditya Chopra,Female,31,Lucknow,Uttar Pradesh,Premium,2024-07-14
19271,Meera Yadav,Male,21,Lucknow,Uttar Pradesh,Regular,2023-10-27
19272,Yash Bansal,Female,25,Ajmer,Rajasthan,Premium,2025-01-04
19273,Sneha Yadav,Male,32,Nagpur,Maharashtra,New,2025-01-21
19274,Meera Sharma,Male,37,Varanasi,Uttar Pradesh,Regular,2024-02-14
19275,Diya Singh,Female,19,Nagpur,Maharashtra,Regular,2024-10-02
19276,Aditi Sharma,Female,36,Noida,Uttar Pradesh,VIP,2023-03-21
19277,Aditi Saini,Male,50,Noida,Uttar Pradesh,Regular,2023-07-21
19278,Kavya Kapoor,Male,38,Udaipur,Rajasthan,New,2023-08-05
19279,Neha Singh,Female,39,Faridabad,Haryana,New,2024-05-11
19280,Vivaan Bansal,Female,38,Panipat,Haryana,Premium,2025-05-31
19281,Yash Yadav,Female,18,Lucknow,Uttar Pradesh,Regular,2024-03-27
19282,Isha Mishra,Male,19,Howrah,West Bengal,Premium,2025-11-08
19283,Isha Kapoor,Female,40,Pune,Maharashtra,Regular,2025-04-06
19284,Sneha Kapoor,Male,41,Faridabad,Haryana,Regular,2025-08-22
19285,Vivaan Yadav,Female,44,Surat,Gujarat,Premium,2023-06-18
19286,Aditi Arora,Male,48,Ahmedabad,Gujarat,Regular,2023-02-23
19287,Rohan Mishra,Female,29,Nagpur,Maharashtra,Premium,2023-11-03
19288,Aman Verma,Female,44,Surat,Gujarat,Premium,2024-03-09
19289,Aditya Mishra,Female,44,Kanpur,Uttar Pradesh,Premium,2025-10-08
19290,Isha Chopra,Female,49,Karol Bagh,Delhi,Premium,2023-11-28
19291,Vivaan Saini,Female,50,Udaipur,Rajasthan,Premium,2023-04-25
19292,Meera Singh,Female,30,Mumbai,Maharashtra,Premium,2025-07-19
19293,Kavya Kumar,Female,33,Kota,Rajasthan,VIP,2023-05-05
19294,Rahul Bansal,Female,36,Mumbai,Maharashtra,New,2024-04-21
19295,Rohan Arora,Female,26,Durgapur,West Bengal,VIP,2025-09-08
19296,Vivaan Mehta,Male,45,Howrah,West Bengal,New,2023-02-15
19297,Rahul Mishra,Male,32,Kolkata,West Bengal,Regular,2023-01-27
19298,Arjun Kumar,Male,46,Ahmedabad,Gujarat,Premium,2024-06-14
19299,Riya Verma,Male,49,Kolkata,West Bengal,Regular,2024-12-03
19300,Vivaan Saini,Female,31,Faridabad,Haryana,Regular,2023-04-20
19301,Sneha Chopra,Male,18,New Delhi,Delhi,Regular,2023-09-13
19302,Rohan Yadav,Male,34,Jaipur,Rajasthan,Regular,2023-12-20
19303,Aman Chopra,Male,47,Vadodara,Gujarat,New,2023-08-25
19304,Neha Yadav,Male,47,Jaipur,Rajasthan,Regular,2023-11-11
19305,Karan Yadav,Male,33,Ahmedabad,Gujarat,Regular,2025-08-18
19306,Diya Arora,Female,35,Mohali,Punjab,Premium,2025-05-11
19307,Aarav Kapoor,Female,32,Saket,Delhi,Premium,2024-07-12
19308,Diya Kapoor,Male,28,Gandhinagar,Gujarat,Regular,2025-06-23
19309,Yash Singh,Male,18,Jalandhar,Punjab,VIP,2024-08-26
19310,Riya Kapoor,Female,39,Varanasi,Uttar Pradesh,Regular,2025-06-18
19311,Diya Mishra,Female,29,Dwarka,Delhi,New,2023-09-09
19312,Arjun Chopra,Male,36,Agra,Uttar Pradesh,VIP,2025-06-25
19313,Aditya Arora,Male,41,Mumbai,Maharashtra,Regular,2025-06-14
19314,Rohan Singh,Male,43,Varanasi,Uttar Pradesh,VIP,2024-04-04
19315,Kavya Agarwal,Male,27,Thane,Maharashtra,Regular,2023-05-15
19316,Rahul Mishra,Male,24,Karnal,Haryana,Premium,2023-07-11
19317,Aditya Bansal,Female,40,Ahmedabad,Gujarat,New,2024-05-01
19318,Meera Verma,Female,41,Kanpur,Uttar Pradesh,Premium,2025-09-24
19319,Aditya Agarwal,Male,28,Thane,Maharashtra,New,2023-04-06
19320,Aarav Kapoor,Female,44,Thane,Maharashtra,New,2025-08-06
19321,Vivaan Chopra,Other,34,Dwarka,Delhi,New,2024-05-08
19322,Meera Yadav,Female,27,Siliguri,West Bengal,Regular,2024-02-02
19323,Neha Mehta,Female,24,Thane,Maharashtra,Regular,2023-01-24
19324,Aditi Arora,Female,39,Lucknow,Uttar Pradesh,VIP,2025-08-18
19325,Yash Gupta,Male,36,Mohali,Punjab,Premium,2024-05-03
19326,Vivaan Kapoor,Male,38,Howrah,West Bengal,Premium,2025-08-25
19327,Ananya Kapoor,Other,23,Vadodara,Gujarat,Premium,2023-01-18
19328,Isha Chopra,Male,18,Dwarka,Delhi,Premium,2024-10-29
19329,Riya Kumar,Female,40,Varanasi,Uttar Pradesh,Premium,2025-11-16
19330,Rahul Yadav,Female,46,Surat,Gujarat,VIP,2025-01-03
19331,Karan Bansal,Male,18,Nagpur,Maharashtra,VIP,2024-08-16
19332,Diya Gupta,Female,30,Rajkot,Gujarat,Regular,2023-12-06
19333,Meera Singh,Female,60,Noida,Uttar Pradesh,Regular,2025-01-07
19334,Yash Chopra,Male,40,Mumbai,Maharashtra,Regular,2025-10-06
19335,Isha Arora,Male,47,Lucknow,Uttar Pradesh,New,2023-01-21
19336,Karan Yadav,Female,50,Karol Bagh,Delhi,Regular,2023-05-15
19337,Aditya Yadav,Male,29,Nagpur,Maharashtra,Premium,2024-08-29
19338,Yash Bansal,Male,57,Howrah,West Bengal,Regular,2025-04-14
19339,Ananya Mehta,Male,18,Agra,Uttar Pradesh,Premium,2023-02-15
19340,Vivaan Kapoor,Female,39,Kota,Rajasthan,VIP,2024-05-18
19341,Yash Bansal,Female,37,Mumbai,Maharashtra,Premium,2024-03-13
19342,Kavya Verma,Female,23,Jodhpur,Rajasthan,Regular,2024-11-26
19343,Diya Kumar,Male,27,Ahmedabad,Gujarat,Regular,2023-01-20
19344,Ananya Chopra,Other,28,Surat,Gujarat,Regular,2023-07-02
19345,Aditya Yadav,Male,20,Faridabad,Haryana,Regular,2023-12-29
19346,Arjun Chopra,Male,20,Durgapur,West Bengal,New,2025-02-04
19347,Vivaan Yadav,Male,31,Rajkot,Gujarat,Regular,2024-01-18
19348,Ananya Agarwal,Male,29,Kolkata,West Bengal,Premium,2024-08-05
19349,Riya Agarwal,Male,27,Mumbai,Maharashtra,Premium,2024-05-10
19350,Diya Mishra,Male,42,Ahmedabad,Gujarat,Regular,2024-09-27
19351,Vivaan Kapoor,Male,26,Patiala,Punjab,Premium,2023-09-24
19352,Vivaan Sharma,Female,37,Kanpur,Uttar Pradesh,Regular,2025-07-20
19353,Riya Agarwal,Male,34,Durgapur,West Bengal,Regular,2024-08-09
19354,Aman Chopra,Female,31,Dwarka,Delhi,New,2025-12-07
19355,Aarav Sharma,Female,20,Faridabad,Haryana,Premium,2024-05-21
19356,Aarav Kapoor,Male,32,Surat,Gujarat,Regular,2023-07-22
19357,Ananya Yadav,Female,28,Surat,Gujarat,New,2024-05-10
19358,Diya Agarwal,Male,44,Amritsar,Punjab,Regular,2025-01-27
19359,Aarav Sharma,Male,40,Surat,Gujarat,Premium,2025-02-06
19360,Karan Arora,Male,28,Mumbai,Maharashtra,New,2023-11-07
19361,Aditya Agarwal,Female,25,Udaipur,Rajasthan,VIP,2024-04-13
19362,Karan Arora,Female,25,Vadodara,Gujarat,Regular,2024-09-14
19363,Riya Sharma,Female,32,Lucknow,Uttar Pradesh,Regular,2024-08-11
19364,Yash Chopra,Male,44,New Delhi,Delhi,Regular,2023-10-06
19365,Aarav Chopra,Male,46,Varanasi,Uttar Pradesh,Regular,2023-03-21
19366,Meera Gupta,Female,18,Ajmer,Rajasthan,Regular,2025-02-07
19367,Yash Agarwal,Female,49,Ajmer,Rajasthan,Regular,2023-05-31
19368,Aditi Mehta,Female,33,Rajkot,Gujarat,Regular,2024-07-28
19369,Sneha Verma,Male,20,Vadodara,Gujarat,Regular,2023-03-10
19370,Sneha Kapoor,Male,33,Mumbai,Maharashtra,Regular,2025-09-04
19371,Rahul Chopra,Male,26,Gandhinagar,Gujarat,Regular,2023-04-30
19372,Meera Kapoor,Female,51,Ludhiana,Punjab,Regular,2025-01-30
19373,Karan Saini,Male,28,Karnal,Haryana,Regular,2024-06-21
19374,Karan Kapoor,Male,24,Howrah,West Bengal,New,2024-03-31
19375,Aditi Arora,Female,55,Ambala,Haryana,Premium,2023-09-26
19376,Vivaan Gupta,Male,38,Dwarka,Delhi,Premium,2023-12-19
19377,Rahul Yadav,Female,29,Mumbai,Maharashtra,Regular,2023-01-28
19378,Aditya Bansal,Female,53,Varanasi,Uttar Pradesh,Regular,2023-07-03
19379,Arjun Bansal,Male,47,Kolkata,West Bengal,VIP,2024-04-01
19380,Ananya Yadav,Female,28,Agra,Uttar Pradesh,New,2025-10-29
19381,Kavya Gupta,Female,26,Faridabad,Haryana,Premium,2025-09-04
19382,Ananya Mishra,Male,35,Lucknow,Uttar Pradesh,Regular,2024-02-24
19383,Aarav Mehta,Female,32,Nashik,Maharashtra,Regular,2025-11-18
19384,Meera Verma,Female,27,Varanasi,Uttar Pradesh,Premium,2023-02-09
19385,Sneha Arora,Female,34,Kota,Rajasthan,Regular,2025-02-13
19386,Neha Sharma,Female,51,Siliguri,West Bengal,Regular,2023-12-15
19387,Neha Gupta,Male,44,Durgapur,West Bengal,Premium,2025-04-01
19388,Riya Verma,Male,38,New Delhi,Delhi,Premium,2025-10-15
19389,Arjun Sharma,Female,31,Jaipur,Rajasthan,Regular,2024-08-06
19390,Vikas Singh,Male,33,Thane,Maharashtra,Regular,2023-05-16
19391,Sneha Chopra,Female,41,Siliguri,West Bengal,Regular,2025-02-11
19392,Ananya Saini,Male,40,Siliguri,West Bengal,Premium,2024-09-08
19393,Sneha Yadav,Female,35,Dwarka,Delhi,New,2023-11-15
19394,Meera Chopra,Male,45,Mumbai,Maharashtra,Premium,2025-07-05
19395,Rahul Singh,Female,22,Agra,Uttar Pradesh,New,2023-07-23
19396,Diya Yadav,Female,44,Karnal,Haryana,Regular,2024-04-10
19397,Vivaan Mehta,Female,40,Karnal,Haryana,Regular,2025-06-11
19398,Riya Mehta,Male,20,Jaipur,Rajasthan,Premium,2023-08-11
19399,Meera Arora,Male,27,Kota,Rajasthan,New,2025-06-24
19400,Aditya Sharma,Female,49,Gurugram,Haryana,Regular,2024-02-05
19401,Diya Gupta,Female,39,Thane,Maharashtra,Premium,2024-10-05
19402,Karan Gupta,Male,33,Kanpur,Uttar Pradesh,Regular,2025-07-20
19403,Aditi Bansal,Male,37,Nagpur,Maharashtra,New,2023-10-20
19404,Isha Mishra,Male,34,Noida,Uttar Pradesh,New,2023-09-24
19405,Vivaan Verma,Female,38,Jalandhar,Punjab,Regular,2024-04-13
19406,Ananya Agarwal,Male,43,Noida,Uttar Pradesh,New,2025-03-06
19407,Meera Sharma,Male,52,New Delhi,Delhi,New,2025-07-09
19408,Aditya Yadav,Male,24,Ajmer,Rajasthan,Regular,2025-04-18
19409,Aarav Verma,Female,46,Dwarka,Delhi,Regular,2023-01-08
19410,Sneha Mehta,Female,30,Jaipur,Rajasthan,Regular,2025-09-03
19411,Yash Yadav,Male,22,Jalandhar,Punjab,Regular,2023-08-09
19412,Yash Yadav,Male,47,Thane,Maharashtra,Regular,2025-11-28
19413,Aditya Verma,Female,27,Vadodara,Gujarat,Regular,2025-01-10
19414,Aarav Saini,Male,44,Amritsar,Punjab,Regular,2025-07-08
19415,Yash Mishra,Male,45,Kota,Rajasthan,Regular,2023-04-05
19416,Meera Gupta,Female,53,Panipat,Haryana,New,2023-11-14
19417,Aman Chopra,Female,46,Thane,Maharashtra,Premium,2025-05-06
19418,Rohan Agarwal,Female,47,Dwarka,Delhi,Regular,2023-06-24
19419,Riya Yadav,Male,46,Udaipur,Rajasthan,Regular,2025-04-22
19420,Aditya Bansal,Male,36,Ajmer,Rajasthan,Regular,2023-05-06
19421,Aarav Sharma,Female,48,Asansol,West Bengal,VIP,2024-08-18
19422,Kavya Mehta,Male,31,Nagpur,Maharashtra,VIP,2025-05-01
19423,Ananya Agarwal,Male,28,Mumbai,Maharashtra,Regular,2024-03-25
19424,Neha Agarwal,Male,40,Agra,Uttar Pradesh,New,2024-02-27
19425,Meera Sharma,Female,46,Howrah,West Bengal,Regular,2025-09-12
19426,Aman Bansal,Female,32,Rajkot,Gujarat,New,2025-01-21
19427,Aman Mishra,Male,30,Lucknow,Uttar Pradesh,Regular,2023-01-23
19428,Aarav Gupta,Male,20,Gandhinagar,Gujarat,Premium,2024-01-21
19429,Sneha Kumar,Female,26,Varanasi,Uttar Pradesh,Regular,2025-03-21
19430,Meera Kapoor,Female,27,Gandhinagar,Gujarat,Regular,2023-01-21
19431,Karan Sharma,Female,46,Ahmedabad,Gujarat,New,2025-10-26
19432,Rohan Arora,Male,30,Mohali,Punjab,New,2023-10-14
19433,Diya Sharma,Male,39,Thane,Maharashtra,VIP,2023-03-25
19434,Isha Chopra,Female,19,Lucknow,Uttar Pradesh,Regular,2025-04-02
19435,Yash Singh,Female,47,Kanpur,Uttar Pradesh,Regular,2023-01-18
19436,Vikas Mishra,Male,36,Agra,Uttar Pradesh,Regular,2023-10-30
19437,Vivaan Agarwal,Female,20,Pune,Maharashtra,Premium,2025-06-01
19438,Kavya Chopra,Male,29,Dwarka,Delhi,Regular,2023-12-01
19439,Yash Gupta,Male,26,Panipat,Haryana,Regular,2024-05-13
19440,Sneha Arora,Male,36,Nashik,Maharashtra,Regular,2025-10-13
19441,Rohan Agarwal,Female,30,Amritsar,Punjab,Regular,2024-05-26
19442,Rahul Singh,Male,31,Jalandhar,Punjab,New,2023-06-19
19443,Vikas Singh,Male,26,Karol Bagh,Delhi,Regular,2025-03-17
19444,Aarav Chopra,Male,22,Kanpur,Uttar Pradesh,New,2024-05-10
19445,Vikas Kapoor,Female,42,Ajmer,Rajasthan,Premium,2023-07-04
19446,Ananya Kumar,Female,44,Ambala,Haryana,Regular,2024-02-23
19447,Meera Mehta,Male,27,Siliguri,West Bengal,VIP,2024-01-27
19448,Aditi Arora,Male,39,Pune,Maharashtra,Regular,2025-07-26
19449,Rohan Chopra,Female,25,Agra,Uttar Pradesh,Regular,2025-05-23
19450,Rahul Chopra,Male,42,Noida,Uttar Pradesh,Regular,2023-09-06
19451,Isha Singh,Male,33,Kanpur,Uttar Pradesh,Premium,2023-05-10
19452,Riya Mehta,Female,27,Nashik,Maharashtra,Regular,2024-02-19
19453,Vivaan Singh,Male,24,Patiala,Punjab,Regular,2024-08-29
19454,Sneha Bansal,Female,45,Jalandhar,Punjab,New,2025-02-19
19455,Riya Yadav,Male,20,Vadodara,Gujarat,Premium,2024-06-20
19456,Sneha Singh,Male,33,Karol Bagh,Delhi,Premium,2023-06-18
19457,Karan Kapoor,Male,18,Noida,Uttar Pradesh,Regular,2023-05-23
19458,Isha Sharma,Female,24,Siliguri,West Bengal,Premium,2024-03-28
19459,Aditi Singh,Male,21,Mumbai,Maharashtra,New,2025-06-20
19460,Kavya Chopra,Female,18,Noida,Uttar Pradesh,Regular,2023-06-21
19461,Isha Mishra,Male,29,Pune,Maharashtra,Regular,2025-07-15
19462,Yash Verma,Male,31,Karnal,Haryana,Regular,2025-08-17
19463,Neha Arora,Female,22,Rajkot,Gujarat,Regular,2023-09-06
19464,Aditi Kapoor,Female,28,Kota,Rajasthan,Regular,2024-06-28
19465,Aditi Saini,Female,32,Surat,Gujarat,New,2025-09-10
19466,Aman Saini,Female,18,Siliguri,West Bengal,New,2023-04-06
19467,Sneha Yadav,Male,34,Durgapur,West Bengal,New,2025-06-17
19468,Diya Mishra,Male,40,Durgapur,West Bengal,VIP,2025-07-21
19469,Diya Sharma,Male,37,Jaipur,Rajasthan,Regular,2024-05-06
19470,Kavya Yadav,Female,37,Noida,Uttar Pradesh,Premium,2025-08-01
19471,Sneha Mishra,Female,32,Udaipur,Rajasthan,Regular,2025-10-17
19472,Aditi Kumar,Male,37,Mumbai,Maharashtra,Regular,2023-04-16
19473,Karan Agarwal,Male,45,Asansol,West Bengal,Regular,2023-04-08
19474,Kavya Mishra,Male,59,Saket,Delhi,Regular,2023-06-01
19475,Karan Mehta,Male,24,Kolkata,West Bengal,Regular,2023-09-25
19476,Arjun Sharma,Male,26,Ahmedabad,Gujarat,Regular,2024-11-25
19477,Kavya Saini,Male,24,Durgapur,West Bengal,Premium,2025-11-26
19478,Rahul Verma,Male,47,Asansol,West Bengal,Regular,2025-11-16
19479,Arjun Mehta,Male,50,New Delhi,Delhi,New,2024-05-05
19480,Rohan Agarwal,Female,42,Patiala,Punjab,Premium,2025-12-18
19481,Yash Saini,Female,21,Ludhiana,Punjab,Regular,2025-06-26
19482,Neha Singh,Male,31,Lucknow,Uttar Pradesh,Regular,2025-07-11
19483,Aditi Yadav,Female,37,Thane,Maharashtra,Premium,2025-08-18
19484,Isha Kapoor,Male,37,Ahmedabad,Gujarat,New,2023-04-22
19485,Aditi Mehta,Male,53,Asansol,West Bengal,Premium,2025-03-16
19486,Aman Mishra,Female,45,Mumbai,Maharashtra,Regular,2023-11-26
19487,Neha Sharma,Male,44,Faridabad,Haryana,Regular,2023-08-17
19488,Diya Saini,Male,30,Patiala,Punjab,Premium,2023-11-09
19489,Kavya Mehta,Female,38,Ambala,Haryana,Regular,2025-01-24
19490,Riya Mishra,Male,18,Kanpur,Uttar Pradesh,Premium,2025-02-24
19491,Rahul Saini,Male,35,Jodhpur,Rajasthan,Regular,2025-12-08
19492,Vikas Singh,Female,36,Panipat,Haryana,Regular,2025-07-14
19493,Meera Arora,Male,21,Kanpur,Uttar Pradesh,Regular,2025-07-27
19494,Ananya Arora,Female,31,Mohali,Punjab,Premium,2025-11-13
19495,Rohan Chopra,Male,49,Nagpur,Maharashtra,New,2023-03-19
19496,Rahul Agarwal,Male,34,Udaipur,Rajasthan,Premium,2023-09-22
19497,Meera Singh,Female,40,Jaipur,Rajasthan,Regular,2024-11-01
19498,Aditi Gupta,Male,58,Kanpur,Uttar Pradesh,Regular,2025-08-04
19499,Riya Bansal,Female,29,Asansol,West Bengal,New,2023-08-28
19500,Riya Saini,Female,43,Karol Bagh,Delhi,VIP,2025-07-11
19501,Riya Gupta,Male,32,Udaipur,Rajasthan,Premium,2023-09-10
19502,Diya Saini,Female,45,Surat,Gujarat,Regular,2025-05-10
19503,Karan Singh,Male,34,Nashik,Maharashtra,VIP,2025-11-08
19504,Rohan Saini,Male,45,Howrah,West Bengal,VIP,2024-02-06
19505,Diya Kapoor,Female,48,Agra,Uttar Pradesh,Regular,2024-04-29
19506,Yash Verma,Male,32,Jaipur,Rajasthan,Regular,2025-05-20
19507,Sneha Singh,Male,45,Ambala,Haryana,Regular,2025-10-26
19508,Vikas Singh,Female,18,Nashik,Maharashtra,Regular,2025-05-25
19509,Kavya Agarwal,Male,35,Varanasi,Uttar Pradesh,Regular,2025-04-15
19510,Karan Gupta,Male,47,Amritsar,Punjab,Premium,2024-02-04
19511,Riya Yadav,Female,58,Jaipur,Rajasthan,Regular,2023-04-20
19512,Diya Verma,Female,21,Udaipur,Rajasthan,Premium,2023-07-21
19513,Yash Gupta,Male,23,Ambala,Haryana,VIP,2025-06-26
19514,Aarav Agarwal,Male,29,Nashik,Maharashtra,Premium,2024-04-19
19515,Isha Mishra,Male,36,Pune,Maharashtra,Regular,2025-11-04
19516,Rohan Kapoor,Male,28,Jalandhar,Punjab,Regular,2024-08-03
19517,Sneha Verma,Female,43,Jaipur,Rajasthan,Premium,2024-02-11
19518,Sneha Sharma,Female,31,Thane,Maharashtra,New,2024-01-18
19519,Karan Mishra,Female,27,Kota,Rajasthan,Premium,2024-09-08
19520,Aman Mehta,Female,24,Lucknow,Uttar Pradesh,Regular,2024-11-13
19521,Vivaan Kapoor,Female,35,Noida,Uttar Pradesh,Regular,2023-11-02
19522,Aditi Saini,Male,39,Nashik,Maharashtra,Premium,2023-10-03
19523,Sneha Kapoor,Male,43,Siliguri,West Bengal,Regular,2024-07-18
19524,Rahul Mehta,Male,30,Thane,Maharashtra,Premium,2024-04-14
19525,Yash Gupta,Female,39,Gurugram,Haryana,Premium,2025-06-12
19526,Ananya Gupta,Male,50,Jodhpur,Rajasthan,Regular,2024-02-27
19527,Arjun Kumar,Female,46,Asansol,West Bengal,Regular,2024-06-18
19528,Arjun Mishra,Male,30,Karnal,Haryana,Regular,2023-09-09
19529,Yash Yadav,Female,41,Asansol,West Bengal,Regular,2025-08-23
19530,Sneha Mehta,Female,32,Siliguri,West Bengal,Premium,2024-11-09
19531,Karan Saini,Male,30,Karnal,Haryana,New,2025-12-20
19532,Aman Kapoor,Female,25,Durgapur,West Bengal,Regular,2025-06-19
19533,Isha Agarwal,Male,52,Lucknow,Uttar Pradesh,Premium,2024-12-05
19534,Aditya Saini,Female,27,Rajkot,Gujarat,Regular,2024-08-20
19535,Ananya Gupta,Male,32,Agra,Uttar Pradesh,Regular,2024-08-06
19536,Rahul Saini,Male,18,Agra,Uttar Pradesh,Regular,2025-08-09
19537,Aman Sharma,Male,45,Nagpur,Maharashtra,Regular,2025-04-05
19538,Arjun Chopra,Male,34,Gandhinagar,Gujarat,Premium,2025-07-23
19539,Vikas Singh,Female,46,Karnal,Haryana,Regular,2024-04-21
19540,Aditi Kumar,Female,38,Nagpur,Maharashtra,Regular,2023-03-27
19541,Aditi Bansal,Male,35,Amritsar,Punjab,New,2023-04-11
19542,Vikas Agarwal,Male,42,Lucknow,Uttar Pradesh,Regular,2025-10-07
19543,Rahul Kumar,Female,34,Agra,Uttar Pradesh,Premium,2024-07-22
19544,Arjun Kapoor,Male,18,Jaipur,Rajasthan,New,2025-11-10
19545,Aditya Arora,Male,37,Agra,Uttar Pradesh,Regular,2025-03-19
19546,Rohan Kumar,Male,45,Amritsar,Punjab,Regular,2025-07-04
19547,Aditi Mishra,Female,25,Amritsar,Punjab,New,2024-12-05
19548,Riya Chopra,Female,18,Ambala,Haryana,Regular,2025-11-01
19549,Vikas Kapoor,Female,27,Ajmer,Rajasthan,Regular,2025-08-10
19550,Aditi Yadav,Male,37,Asansol,West Bengal,Premium,2024-08-07
19551,Arjun Singh,Female,22,Patiala,Punjab,Regular,2025-07-04
19552,Neha Singh,Female,33,Kolkata,West Bengal,Premium,2024-02-18
19553,Aman Gupta,Male,38,Gandhinagar,Gujarat,Regular,2023-10-25
19554,Rohan Yadav,Female,25,Nagpur,Maharashtra,Premium,2025-02-22
19555,Rohan Kumar,Other,47,Thane,Maharashtra,Premium,2023-04-07
19556,Arjun Agarwal,Female,41,Rajkot,Gujarat,Premium,2025-12-24
19557,Karan Chopra,Female,24,Ludhiana,Punjab,Regular,2025-03-03
19558,Karan Saini,Female,41,Ajmer,Rajasthan,VIP,2025-04-30
19559,Aarav Saini,Female,26,Mumbai,Maharashtra,New,2025-03-02
19560,Karan Singh,Female,29,Nagpur,Maharashtra,Regular,2025-04-29
19561,Neha Mehta,Male,34,Surat,Gujarat,Premium,2023-09-14
19562,Aditi Yadav,Male,42,Karnal,Haryana,Premium,2025-05-22
19563,Aditi Kumar,Female,34,Thane,Maharashtra,Premium,2024-01-23
19564,Neha Chopra,Female,38,Kota,Rajasthan,Premium,2024-05-01
19565,Diya Singh,Male,48,Agra,Uttar Pradesh,Regular,2023-09-21
19566,Aman Agarwal,Female,37,Agra,Uttar Pradesh,VIP,2023-06-24
19567,Rohan Chopra,Male,28,Nashik,Maharashtra,Regular,2025-09-10
19568,Arjun Saini,Female,41,Kolkata,West Bengal,VIP,2024-08-07
19569,Meera Kumar,Female,29,Kota,Rajasthan,Regular,2025-09-07
19570,Kavya Arora,Female,31,Surat,Gujarat,New,2025-04-21
19571,Karan Arora,Female,40,Kanpur,Uttar Pradesh,Premium,2023-11-17
19572,Rahul Chopra,Female,40,Ludhiana,Punjab,Regular,2023-03-22
19573,Rahul Mehta,Female,32,Karnal,Haryana,Regular,2025-06-17
19574,Sneha Yadav,Female,31,Faridabad,Haryana,New,2025-05-23
19575,Aman Agarwal,Male,52,Agra,Uttar Pradesh,New,2024-05-07
19576,Ananya Agarwal,Male,18,Noida,Uttar Pradesh,Premium,2023-06-01
19577,Diya Singh,Female,38,Nashik,Maharashtra,Regular,2024-12-30
19578,Isha Mehta,Female,34,Rajkot,Gujarat,VIP,2023-01-02
19579,Aditya Mishra,Male,30,Faridabad,Haryana,Regular,2023-05-06
19580,Kavya Gupta,Male,37,Saket,Delhi,Premium,2024-02-04
19581,Arjun Mehta,Male,24,Saket,Delhi,VIP,2023-02-12
19582,Riya Singh,Male,21,Thane,Maharashtra,New,2024-12-31
19583,Karan Verma,Female,44,Mohali,Punjab,New,2024-02-27
19584,Arjun Verma,Male,27,Mohali,Punjab,Regular,2024-09-24
19585,Riya Yadav,Male,33,Kolkata,West Bengal,Premium,2025-02-27
19586,Vikas Yadav,Female,18,Vadodara,Gujarat,Premium,2023-07-03
19587,Yash Kapoor,Male,18,Ludhiana,Punjab,Regular,2024-09-28
19588,Vikas Singh,Female,37,Varanasi,Uttar Pradesh,Regular,2023-02-20
19589,Aman Saini,Male,45,Noida,Uttar Pradesh,Premium,2023-06-27
19590,Vivaan Agarwal,Female,27,Vadodara,Gujarat,Regular,2023-07-13
19591,Arjun Kumar,Male,50,Kota,Rajasthan,New,2025-04-07
19592,Yash Arora,Male,47,Amritsar,Punjab,Premium,2025-10-14
19593,Rohan Agarwal,Male,43,Gandhinagar,Gujarat,VIP,2024-09-27
19594,Vivaan Kumar,Female,45,Varanasi,Uttar Pradesh,New,2025-02-06
19595,Aditi Arora,Female,47,Rohini,Delhi,Regular,2024-04-07
19596,Vivaan Kapoor,Male,29,Agra,Uttar Pradesh,Premium,2025-11-01
19597,Riya Saini,Female,29,Kota,Rajasthan,Regular,2024-12-18
19598,Vivaan Yadav,Male,41,Lucknow,Uttar Pradesh,VIP,2024-06-08
19599,Ananya Agarwal,Female,22,Saket,Delhi,Premium,2023-03-06
19600,Aman Kapoor,Male,37,Kanpur,Uttar Pradesh,New,2023-04-02
19601,Sneha Mishra,Male,39,Faridabad,Haryana,Premium,2024-10-08
19602,Vivaan Chopra,Male,41,Vadodara,Gujarat,Premium,2023-05-28
19603,Aarav Sharma,Female,40,Mohali,Punjab,New,2024-10-19
19604,Aditya Saini,Male,21,Ambala,Haryana,New,2023-06-05
19605,Kavya Bansal,Male,18,Thane,Maharashtra,Regular,2024-11-21
19606,Isha Mehta,Male,35,Ahmedabad,Gujarat,Regular,2024-03-27
19607,Arjun Singh,Female,58,Gandhinagar,Gujarat,Regular,2023-08-24
19608,Karan Verma,Female,24,Jodhpur,Rajasthan,Regular,2025-04-06
19609,Yash Verma,Female,31,Dwarka,Delhi,Regular,2024-01-23
19610,Arjun Chopra,Female,37,Rajkot,Gujarat,Regular,2025-08-15
19611,Aarav Sharma,Female,29,Thane,Maharashtra,Premium,2023-04-11
19612,Aditi Gupta,Male,41,New Delhi,Delhi,Regular,2025-07-16
19613,Aditya Kapoor,Female,41,Kolkata,West Bengal,Premium,2024-05-01
19614,Aditi Gupta,Male,49,Jalandhar,Punjab,Regular,2024-05-02
19615,Arjun Saini,Female,39,Siliguri,West Bengal,Regular,2024-02-21
19616,Isha Agarwal,Female,31,Gandhinagar,Gujarat,Regular,2025-06-28
19617,Riya Yadav,Female,43,Thane,Maharashtra,Premium,2024-12-14
19618,Aditya Kumar,Female,34,Kolkata,West Bengal,Premium,2024-10-14
19619,Vikas Sharma,Male,30,Nagpur,Maharashtra,Premium,2024-10-20
19620,Neha Mishra,Female,30,Ludhiana,Punjab,Regular,2025-04-24
19621,Rahul Mishra,Female,29,Noida,Uttar Pradesh,Regular,2025-01-19
19622,Aditi Mishra,Male,45,Panipat,Haryana,Regular,2024-09-19
19623,Isha Agarwal,Male,45,Kanpur,Uttar Pradesh,VIP,2024-11-28
19624,Ananya Agarwal,Female,37,Surat,Gujarat,Regular,2023-05-18
19625,Aman Arora,Male,30,Kanpur,Uttar Pradesh,VIP,2023-03-20
19626,Karan Gupta,Male,36,Varanasi,Uttar Pradesh,Regular,2023-09-07
19627,Kavya Yadav,Male,27,Nashik,Maharashtra,Premium,2024-12-09
19628,Rahul Verma,Female,33,Howrah,West Bengal,Premium,2025-08-18
19629,Neha Kapoor,Female,19,Gurugram,Haryana,Premium,2023-12-16
19630,Aditya Bansal,Male,33,Agra,Uttar Pradesh,Premium,2025-12-04
19631,Karan Sharma,Female,43,Ludhiana,Punjab,Regular,2023-01-27
19632,Aman Arora,Male,29,Thane,Maharashtra,Premium,2023-05-12
19633,Aditi Gupta,Male,44,Mohali,Punjab,VIP,2025-09-28
19634,Aditya Agarwal,Female,40,Nashik,Maharashtra,Regular,2024-05-06
19635,Aditya Kapoor,Male,38,Kanpur,Uttar Pradesh,VIP,2024-02-12
19636,Ananya Yadav,Male,28,New Delhi,Delhi,New,2023-06-09
19637,Neha Kumar,Female,25,Durgapur,West Bengal,New,2024-01-19
19638,Vivaan Agarwal,Male,44,Faridabad,Haryana,Regular,2024-06-04
19639,Aarav Singh,Female,22,Varanasi,Uttar Pradesh,Premium,2023-08-20
19640,Sneha Yadav,Female,30,Ambala,Haryana,Regular,2024-10-23
19641,Aditi Gupta,Male,36,Jodhpur,Rajasthan,Premium,2025-12-27
19642,Arjun Verma,Male,58,Udaipur,Rajasthan,Regular,2023-03-15
19643,Aarav Mishra,Male,41,Kanpur,Uttar Pradesh,Regular,2025-03-12
19644,Rohan Verma,Male,27,Amritsar,Punjab,Regular,2024-10-29
19645,Isha Agarwal,Male,34,Kanpur,Uttar Pradesh,New,2024-02-21
19646,Aditya Kapoor,Female,32,Pune,Maharashtra,Regular,2024-04-19
19647,Karan Saini,Female,37,Surat,Gujarat,Regular,2024-09-11
19648,Ananya Bansal,Male,44,Udaipur,Rajasthan,Regular,2023-06-25
19649,Kavya Kapoor,Female,28,Pune,Maharashtra,VIP,2024-08-06
19650,Aman Kapoor,Male,36,New Delhi,Delhi,Premium,2023-09-23
19651,Rohan Bansal,Female,44,Lucknow,Uttar Pradesh,Regular,2023-07-08
19652,Arjun Sharma,Male,22,Amritsar,Punjab,Regular,2023-11-28
19653,Rohan Sharma,Male,33,Karol Bagh,Delhi,Regular,2025-10-03
19654,Aditi Sharma,Female,30,New Delhi,Delhi,Regular,2025-02-22
19655,Aarav Arora,Male,34,Udaipur,Rajasthan,VIP,2025-01-05
19656,Vivaan Bansal,Female,18,Nashik,Maharashtra,Premium,2024-07-14
19657,Kavya Bansal,Male,27,Kolkata,West Bengal,New,2025-06-14
19658,Riya Gupta,Male,18,Karol Bagh,Delhi,New,2023-01-22
19659,Rohan Mishra,Female,23,Nagpur,Maharashtra,VIP,2024-03-13
19660,Arjun Mishra,Female,35,Gandhinagar,Gujarat,Regular,2023-09-30
19661,Karan Yadav,Male,38,Thane,Maharashtra,Regular,2023-07-25
19662,Yash Kumar,Male,30,New Delhi,Delhi,New,2023-11-20
19663,Riya Sharma,Female,18,New Delhi,Delhi,Premium,2023-05-07
19664,Rohan Kumar,Female,28,Faridabad,Haryana,New,2025-06-12
19665,Rohan Kumar,Female,21,Agra,Uttar Pradesh,Regular,2025-07-28
19666,Sneha Verma,Female,31,Ahmedabad,Gujarat,New,2023-03-04
19667,Yash Agarwal,Female,35,Karnal,Haryana,New,2025-08-08
19668,Riya Singh,Male,18,New Delhi,Delhi,Regular,2024-01-09
19669,Karan Agarwal,Female,30,Nagpur,Maharashtra,New,2024-09-10
19670,Rohan Saini,Female,18,Gandhinagar,Gujarat,Regular,2025-03-02
19671,Ananya Kumar,Female,32,Kota,Rajasthan,New,2025-07-23
19672,Sneha Kapoor,Male,32,Nashik,Maharashtra,New,2023-11-09
19673,Sneha Mishra,Female,19,Lucknow,Uttar Pradesh,VIP,2024-10-12
19674,Neha Bansal,Female,20,Jalandhar,Punjab,Regular,2025-08-07
19675,Vivaan Bansal,Female,52,Noida,Uttar Pradesh,Premium,2025-09-17
19676,Ananya Singh,Male,37,Mumbai,Maharashtra,Regular,2023-09-29
19677,Ananya Chopra,Female,27,Durgapur,West Bengal,New,2024-11-28
19678,Karan Sharma,Female,31,Faridabad,Haryana,Premium,2025-01-11
19679,Rohan Mehta,Female,22,Jaipur,Rajasthan,New,2023-08-06
19680,Sneha Bansal,Female,36,Lucknow,Uttar Pradesh,Regular,2024-09-12
19681,Meera Bansal,Female,33,Kota,Rajasthan,New,2024-06-30
19682,Kavya Mishra,Male,41,Ambala,Haryana,Premium,2025-06-10
19683,Vikas Arora,Male,44,Kanpur,Uttar Pradesh,Premium,2023-05-01
19684,Meera Verma,Male,47,Rajkot,Gujarat,VIP,2024-01-01
19685,Vikas Kapoor,Female,43,Thane,Maharashtra,Regular,2023-09-07
19686,Yash Kumar,Male,32,Lucknow,Uttar Pradesh,Regular,2023-04-15
19687,Vivaan Kumar,Female,20,Kanpur,Uttar Pradesh,New,2025-06-10
19688,Sneha Verma,Female,31,Noida,Uttar Pradesh,Premium,2024-09-27
19689,Isha Yadav,Female,34,Noida,Uttar Pradesh,VIP,2023-02-19
19690,Riya Kumar,Female,38,Gandhinagar,Gujarat,Regular,2023-07-13
19691,Riya Mishra,Female,28,Howrah,West Bengal,Premium,2024-02-06
19692,Aarav Bansal,Female,22,Lucknow,Uttar Pradesh,Premium,2023-10-31
19693,Rahul Mishra,Male,37,Varanasi,Uttar Pradesh,Premium,2023-06-15
19694,Neha Sharma,Male,58,Surat,Gujarat,Premium,2025-05-13
19695,Ananya Mishra,Male,48,Lucknow,Uttar Pradesh,Regular,2023-08-10
19696,Yash Agarwal,Male,46,Pune,Maharashtra,Premium,2025-03-21
19697,Meera Saini,Female,30,Rohini,Delhi,New,2024-04-09
19698,Aditya Sharma,Male,26,Gandhinagar,Gujarat,Premium,2025-04-26
19699,Vivaan Bansal,Female,42,Jodhpur,Rajasthan,New,2025-09-10
19700,Yash Yadav,Male,47,Rajkot,Gujarat,Premium,2025-12-15
19701,Aarav Bansal,Female,31,Rajkot,Gujarat,Premium,2024-08-20
19702,Aditi Chopra,Male,28,New Delhi,Delhi,Premium,2025-03-10
19703,Rohan Arora,Male,29,Mumbai,Maharashtra,New,2024-12-30
19704,Isha Kumar,Male,36,Ahmedabad,Gujarat,Premium,2023-12-24
19705,Rohan Singh,Female,33,Agra,Uttar Pradesh,Premium,2025-03-21
19706,Vikas Bansal,Male,34,Amritsar,Punjab,Premium,2024-08-24
19707,Rahul Kumar,Female,46,Panipat,Haryana,VIP,2025-01-25
19708,Aman Sharma,Female,43,Varanasi,Uttar Pradesh,New,2025-09-09
19709,Karan Chopra,Male,32,Agra,Uttar Pradesh,Premium,2023-06-20
19710,Meera Mehta,Male,34,Mumbai,Maharashtra,Regular,2025-10-10
19711,Aman Singh,Female,44,Patiala,Punjab,New,2023-09-25
19712,Vivaan Sharma,Male,39,Surat,Gujarat,Premium,2024-11-03
19713,Aditya Saini,Female,50,Dwarka,Delhi,Premium,2024-01-12
19714,Isha Mishra,Male,41,Rohini,Delhi,New,2024-01-21
19715,Diya Sharma,Female,37,Jodhpur,Rajasthan,Premium,2023-12-30
19716,Aman Mehta,Female,29,Ajmer,Rajasthan,New,2025-11-07
19717,Yash Sharma,Female,18,Saket,Delhi,Regular,2023-01-20
19718,Diya Kumar,Male,45,Rohini,Delhi,Premium,2025-06-27
19719,Aarav Verma,Female,45,Jalandhar,Punjab,New,2025-06-07
19720,Sneha Verma,Female,48,Mumbai,Maharashtra,Regular,2023-11-12
19721,Rohan Chopra,Female,22,Surat,Gujarat,Regular,2025-03-02
19722,Karan Kumar,Female,38,Ajmer,Rajasthan,Regular,2023-05-21
19723,Vivaan Bansal,Female,27,Thane,Maharashtra,Regular,2023-08-18
19724,Aman Arora,Female,33,Gandhinagar,Gujarat,Regular,2023-03-25
19725,Karan Kumar,Female,18,Jalandhar,Punjab,Regular,2023-07-17
19726,Neha Saini,Male,27,Siliguri,West Bengal,Premium,2023-08-04
19727,Neha Verma,Male,33,Gandhinagar,Gujarat,New,2025-08-09
19728,Diya Arora,Other,38,Saket,Delhi,New,2023-06-04
19729,Arjun Yadav,Male,41,Mohali,Punjab,New,2025-08-21
19730,Arjun Bansal,Female,50,Ludhiana,Punjab,New,2024-10-12
19731,Yash Yadav,Female,33,Amritsar,Punjab,New,2023-10-17
19732,Sneha Agarwal,Male,29,Ahmedabad,Gujarat,New,2025-05-31
19733,Aditya Mehta,Male,37,Udaipur,Rajasthan,Regular,2025-06-22
19734,Riya Kapoor,Male,37,Rajkot,Gujarat,Regular,2023-01-24
19735,Kavya Singh,Female,23,Vadodara,Gujarat,New,2024-11-29
19736,Aarav Saini,Male,22,Nagpur,Maharashtra,New,2023-10-28
19737,Yash Kapoor,Male,57,Pune,Maharashtra,Regular,2023-05-23
19738,Meera Kapoor,Female,37,Ambala,Haryana,Premium,2025-08-28
19739,Yash Yadav,Male,42,Noida,Uttar Pradesh,Regular,2023-01-16
19740,Sneha Mehta,Female,40,Nashik,Maharashtra,Regular,2023-05-30
19741,Meera Arora,Female,39,Ambala,Haryana,Regular,2025-01-17
19742,Aman Agarwal,Male,47,Gurugram,Haryana,Regular,2025-12-30
19743,Aditi Gupta,Male,56,Gandhinagar,Gujarat,Premium,2025-09-16
19744,Arjun Agarwal,Male,40,Mumbai,Maharashtra,Regular,2023-08-21
19745,Sneha Arora,Male,35,Rohini,Delhi,New,2023-11-23
19746,Neha Kapoor,Male,44,Pune,Maharashtra,Regular,2024-06-15
19747,Aditya Mehta,Female,32,Rajkot,Gujarat,Regular,2024-08-02
19748,Meera Mehta,Female,22,Agra,Uttar Pradesh,Regular,2023-11-17
19749,Arjun Gupta,Female,41,Gurugram,Haryana,Regular,2024-09-07
19750,Vivaan Singh,Male,25,Siliguri,West Bengal,Premium,2023-12-07
19751,Vivaan Kapoor,Male,26,Noida,Uttar Pradesh,New,2023-05-31
19752,Riya Sharma,Male,21,Patiala,Punjab,Regular,2024-05-28
19753,Sneha Saini,Male,18,Jodhpur,Rajasthan,Premium,2025-12-24
19754,Aditi Kumar,Female,21,Rajkot,Gujarat,Regular,2023-10-18
19755,Sneha Sharma,Male,35,Dwarka,Delhi,New,2024-11-26
19756,Vivaan Kapoor,Male,46,New Delhi,Delhi,Premium,2025-04-23
19757,Arjun Arora,Female,29,Dwarka,Delhi,VIP,2025-04-09
19758,Aarav Chopra,Female,27,Asansol,West Bengal,Premium,2023-11-03
19759,Aarav Sharma,Female,33,Dwarka,Delhi,Regular,2023-09-14
19760,Arjun Sharma,Male,33,Pune,Maharashtra,Regular,2023-09-25
19761,Rohan Agarwal,Male,33,Howrah,West Bengal,Regular,2023-10-24
19762,Karan Kapoor,Male,45,Amritsar,Punjab,Premium,2025-09-10
19763,Vikas Arora,Male,31,Durgapur,West Bengal,Premium,2025-10-12
19764,Neha Yadav,Female,29,Howrah,West Bengal,Regular,2023-07-09
19765,Arjun Kapoor,Female,34,Howrah,West Bengal,Premium,2024-05-06
19766,Aditya Yadav,Female,41,Karol Bagh,Delhi,Premium,2024-03-24
19767,Arjun Bansal,Male,63,Nagpur,Maharashtra,Regular,2023-12-16
19768,Meera Mishra,Male,51,Surat,Gujarat,New,2024-01-26
19769,Ananya Arora,Female,36,Asansol,West Bengal,Regular,2024-03-10
19770,Ananya Kumar,Male,29,Jalandhar,Punjab,Regular,2024-07-12
19771,Aarav Agarwal,Female,33,Gandhinagar,Gujarat,Premium,2023-03-26
19772,Kavya Kumar,Female,27,Noida,Uttar Pradesh,Regular,2024-12-02
19773,Karan Gupta,Other,36,Amritsar,Punjab,Regular,2025-11-30
19774,Diya Chopra,Female,37,Varanasi,Uttar Pradesh,Premium,2025-06-10
19775,Sneha Sharma,Male,40,Ahmedabad,Gujarat,Regular,2024-10-16
19776,Rahul Kumar,Female,18,Udaipur,Rajasthan,New,2024-05-26
19777,Aarav Sharma,Male,25,Ajmer,Rajasthan,Premium,2024-04-23
19778,Karan Singh,Male,49,Asansol,West Bengal,Premium,2024-05-08
19779,Sneha Arora,Male,23,Varanasi,Uttar Pradesh,Regular,2025-08-26
19780,Neha Singh,Male,26,Thane,Maharashtra,VIP,2023-10-02
19781,Isha Arora,Male,31,Agra,Uttar Pradesh,Regular,2025-08-31
19782,Meera Kumar,Male,48,Varanasi,Uttar Pradesh,VIP,2023-11-16
19783,Aditya Mishra,Female,41,Nashik,Maharashtra,Regular,2023-05-29
19784,Riya Singh,Female,31,Howrah,West Bengal,Regular,2024-11-12
19785,Aditya Saini,Female,29,Jaipur,Rajasthan,Regular,2024-03-04
19786,Vivaan Agarwal,Male,27,Surat,Gujarat,VIP,2023-11-17
19787,Arjun Bansal,Male,21,Faridabad,Haryana,Regular,2024-08-22
19788,Karan Singh,Male,26,Rohini,Delhi,New,2025-01-28
19789,Aditi Agarwal,Female,52,Kota,Rajasthan,Premium,2024-11-27
19790,Rahul Verma,Female,49,Gurugram,Haryana,New,2024-07-03
19791,Aman Sharma,Male,31,New Delhi,Delhi,Premium,2024-11-02
19792,Arjun Saini,Female,29,Jodhpur,Rajasthan,New,2025-05-01
19793,Kavya Chopra,Female,45,Karnal,Haryana,Regular,2024-09-03
19794,Rahul Mishra,Male,28,New Delhi,Delhi,Premium,2025-10-27
19795,Aditya Arora,Male,41,Jaipur,Rajasthan,Regular,2025-12-17
19796,Ananya Singh,Female,23,Nagpur,Maharashtra,Premium,2025-02-14
19797,Kavya Kapoor,Female,36,Durgapur,West Bengal,Regular,2025-10-25
19798,Yash Chopra,Male,29,Mumbai,Maharashtra,Regular,2023-09-02
19799,Karan Gupta,Male,39,Noida,Uttar Pradesh,Regular,2024-11-11
19800,Vikas Mehta,Female,47,Siliguri,West Bengal,New,2023-11-11
19801,Vikas Agarwal,Male,28,Ahmedabad,Gujarat,Regular,2025-09-05
19802,Vikas Saini,Female,23,Karol Bagh,Delhi,Regular,2024-11-13
19803,Aman Chopra,Male,31,Amritsar,Punjab,Regular,2023-08-24
19804,Aman Saini,Male,47,Pune,Maharashtra,VIP,2024-03-25
19805,Aarav Kumar,Male,35,Pune,Maharashtra,Regular,2025-03-16
19806,Sneha Kapoor,Female,33,Gandhinagar,Gujarat,Premium,2025-06-16
19807,Vikas Sharma,Female,46,Surat,Gujarat,VIP,2024-07-18
19808,Arjun Singh,Female,39,Pune,Maharashtra,Premium,2023-09-30
19809,Neha Saini,Male,57,Durgapur,West Bengal,New,2025-07-08
19810,Kavya Gupta,Female,23,Jodhpur,Rajasthan,Premium,2023-12-07
19811,Yash Kapoor,Female,34,Ludhiana,Punjab,Regular,2025-09-13
19812,Vivaan Bansal,Male,20,Ahmedabad,Gujarat,Regular,2023-11-21
19813,Karan Mehta,Other,23,Saket,Delhi,VIP,2025-10-03
19814,Meera Verma,Female,47,Gandhinagar,Gujarat,Regular,2025-05-25
19815,Meera Gupta,Female,25,Durgapur,West Bengal,Premium,2025-02-11
19816,Meera Yadav,Female,50,Mumbai,Maharashtra,Regular,2024-02-28
19817,Aditya Saini,Female,23,Thane,Maharashtra,Regular,2025-01-05
19818,Ananya Kapoor,Female,33,Udaipur,Rajasthan,Regular,2025-08-25
19819,Meera Kumar,Male,22,Varanasi,Uttar Pradesh,VIP,2025-07-09
19820,Vikas Saini,Female,41,Kanpur,Uttar Pradesh,Regular,2023-04-23
19821,Ananya Verma,Male,36,Nashik,Maharashtra,Regular,2025-12-25
19822,Kavya Chopra,Female,47,Vadodara,Gujarat,New,2023-10-30
19823,Arjun Yadav,Female,42,Mumbai,Maharashtra,Regular,2024-07-17
19824,Aman Agarwal,Female,35,New Delhi,Delhi,Regular,2024-10-10
19825,Karan Kumar,Female,35,Ajmer,Rajasthan,New,2025-12-30
19826,Riya Kumar,Male,21,Vadodara,Gujarat,Regular,2023-10-27
19827,Karan Agarwal,Female,38,Jaipur,Rajasthan,New,2023-11-08
19828,Kavya Singh,Male,33,Udaipur,Rajasthan,Regular,2024-11-05
19829,Aditi Agarwal,Male,41,Surat,Gujarat,Regular,2024-06-19
19830,Ananya Agarwal,Female,41,Nashik,Maharashtra,VIP,2023-09-22
19831,Rohan Mishra,Female,28,Varanasi,Uttar Pradesh,Regular,2023-05-06
19832,Diya Chopra,Male,27,Kolkata,West Bengal,New,2025-11-16
19833,Kavya Chopra,Male,35,Patiala,Punjab,Premium,2024-02-13
19834,Isha Singh,Male,31,Siliguri,West Bengal,Regular,2023-12-20
19835,Isha Singh,Female,19,Patiala,Punjab,Premium,2023-02-10
19836,Yash Chopra,Female,24,Faridabad,Haryana,Regular,2024-06-21
19837,Kavya Singh,Male,45,Kolkata,West Bengal,Regular,2024-02-03
19838,Rahul Sharma,Female,38,New Delhi,Delhi,Regular,2023-08-21
19839,Sneha Agarwal,Male,34,Ahmedabad,Gujarat,Regular,2024-02-07
19840,Yash Verma,Female,47,Gandhinagar,Gujarat,Regular,2023-01-02
19841,Sneha Singh,Male,33,Rajkot,Gujarat,Regular,2024-11-03
19842,Aditya Gupta,Other,41,Howrah,West Bengal,Premium,2024-07-27
19843,Ananya Kumar,Male,34,Varanasi,Uttar Pradesh,Regular,2024-06-15
19844,Meera Kapoor,Female,35,Pune,Maharashtra,Premium,2025-04-08
19845,Kavya Bansal,Female,65,Jalandhar,Punjab,Premium,2025-10-04
19846,Ananya Yadav,Male,27,Lucknow,Uttar Pradesh,Premium,2023-12-16
19847,Vikas Agarwal,Male,40,Gandhinagar,Gujarat,Regular,2025-03-08
19848,Aditi Singh,Male,39,Agra,Uttar Pradesh,New,2025-06-13
19849,Riya Kapoor,Female,45,Nashik,Maharashtra,Premium,2023-09-07
19850,Diya Bansal,Male,33,Jaipur,Rajasthan,Premium,2024-06-02
19851,Diya Gupta,Female,54,Mumbai,Maharashtra,Premium,2023-02-25
19852,Diya Saini,Female,30,Howrah,West Bengal,Regular,2024-09-23
19853,Karan Arora,Male,30,Faridabad,Haryana,Regular,2023-03-27
19854,Ananya Gupta,Male,42,Mumbai,Maharashtra,Regular,2024-02-11
19855,Meera Mehta,Female,46,Ahmedabad,Gujarat,VIP,2025-03-14
19856,Yash Bansal,Male,22,Udaipur,Rajasthan,New,2024-05-12
19857,Karan Kumar,Male,26,Faridabad,Haryana,New,2023-06-02
19858,Aarav Gupta,Female,36,Nashik,Maharashtra,VIP,2023-08-27
19859,Aditya Yadav,Male,40,Varanasi,Uttar Pradesh,Regular,2024-09-06
19860,Arjun Kumar,Male,47,Amritsar,Punjab,Regular,2023-07-17
19861,Meera Saini,Male,35,Vadodara,Gujarat,Premium,2024-01-24
19862,Vikas Mishra,Other,46,Jodhpur,Rajasthan,Premium,2023-02-27
19863,Yash Yadav,Male,18,Durgapur,West Bengal,Regular,2024-12-25
19864,Sneha Kapoor,Other,22,Ahmedabad,Gujarat,Regular,2024-11-24
19865,Riya Gupta,Male,34,Nagpur,Maharashtra,Regular,2023-02-12
19866,Yash Chopra,Male,44,Ambala,Haryana,Premium,2023-04-03
19867,Aditi Bansal,Female,31,Noida,Uttar Pradesh,Premium,2023-05-27
19868,Aditya Bansal,Male,31,New Delhi,Delhi,New,2023-05-20
19869,Meera Mishra,Male,38,Durgapur,West Bengal,Regular,2025-01-21
19870,Aditi Arora,Male,32,Ludhiana,Punjab,Regular,2024-07-05
19871,Arjun Yadav,Female,48,Lucknow,Uttar Pradesh,Premium,2025-08-09
19872,Yash Mehta,Male,35,Udaipur,Rajasthan,Regular,2024-10-03
19873,Yash Verma,Female,59,Rohini,Delhi,Regular,2025-08-31
19874,Sneha Singh,Female,36,Karol Bagh,Delhi,New,2023-08-19
19875,Aditya Singh,Male,30,Mumbai,Maharashtra,Premium,2023-02-25
19876,Aarav Verma,Male,35,Faridabad,Haryana,Regular,2024-10-19
19877,Arjun Chopra,Female,45,Gurugram,Haryana,Regular,2023-02-09
19878,Arjun Kumar,Female,32,Noida,Uttar Pradesh,Regular,2024-12-28
19879,Aditi Arora,Female,18,Nagpur,Maharashtra,New,2023-10-29
19880,Kavya Bansal,Male,29,Nagpur,Maharashtra,Regular,2024-07-21
19881,Meera Saini,Male,18,Varanasi,Uttar Pradesh,Premium,2025-10-08
19882,Riya Singh,Female,39,Nashik,Maharashtra,Premium,2024-05-09
19883,Meera Yadav,Female,23,Noida,Uttar Pradesh,Premium,2024-04-29
19884,Diya Kapoor,Female,34,Durgapur,West Bengal,Regular,2025-08-16
19885,Neha Kapoor,Male,19,Gurugram,Haryana,Regular,2024-10-09
19886,Meera Yadav,Other,33,Mumbai,Maharashtra,Premium,2025-12-01
19887,Kavya Mehta,Male,36,Durgapur,West Bengal,New,2024-10-12
19888,Karan Mehta,Male,29,Vadodara,Gujarat,Premium,2024-01-23
19889,Riya Verma,Female,34,Jalandhar,Punjab,Premium,2024-12-31
19890,Yash Arora,Female,18,Lucknow,Uttar Pradesh,Regular,2023-10-11
19891,Rahul Saini,Male,34,Pune,Maharashtra,Regular,2025-06-05
19892,Meera Bansal,Female,28,Faridabad,Haryana,Regular,2024-04-29
19893,Riya Verma,Male,35,Gandhinagar,Gujarat,Regular,2025-03-28
19894,Sneha Yadav,Male,33,Mumbai,Maharashtra,Premium,2024-06-30
19895,Ananya Agarwal,Female,32,Gandhinagar,Gujarat,Regular,2025-04-11
19896,Aditya Verma,Male,30,Ambala,Haryana,Regular,2025-04-05
19897,Neha Agarwal,Male,37,Pune,Maharashtra,Premium,2024-03-14
19898,Rohan Yadav,Male,51,Nashik,Maharashtra,Regular,2023-09-26
19899,Sneha Mehta,Male,33,Gandhinagar,Gujarat,Premium,2024-03-26
19900,Vikas Kapoor,Male,39,Ambala,Haryana,Regular,2023-08-04
19901,Rahul Yadav,Female,50,Gurugram,Haryana,Premium,2025-11-07
19902,Rahul Yadav,Female,38,Noida,Uttar Pradesh,Regular,2025-04-07
19903,Meera Saini,Male,42,Patiala,Punjab,Regular,2025-08-09
19904,Rahul Arora,Female,25,Mumbai,Maharashtra,Regular,2025-11-20
19905,Aarav Mishra,Female,38,Siliguri,West Bengal,Regular,2025-01-14
19906,Kavya Sharma,Female,38,Varanasi,Uttar Pradesh,Regular,2024-04-02
19907,Neha Kapoor,Male,52,Gandhinagar,Gujarat,Regular,2025-09-01
19908,Aditi Yadav,Male,22,Karnal,Haryana,Premium,2025-04-14
19909,Riya Mehta,Female,56,Amritsar,Punjab,Premium,2025-10-15
19910,Kavya Yadav,Male,45,Gurugram,Haryana,Premium,2024-06-23
19911,Arjun Sharma,Male,44,Kanpur,Uttar Pradesh,Premium,2024-07-24
19912,Rahul Sharma,Female,23,Asansol,West Bengal,New,2025-12-02
19913,Riya Bansal,Male,25,Ambala,Haryana,Regular,2025-05-11
19914,Isha Kapoor,Other,40,Nashik,Maharashtra,New,2025-01-04
19915,Kavya Mishra,Female,18,Noida,Uttar Pradesh,New,2024-12-07
19916,Ananya Arora,Female,19,Asansol,West Bengal,Premium,2025-08-12
19917,Aditi Singh,Female,42,Amritsar,Punjab,Premium,2024-08-21
19918,Arjun Verma,Male,46,New Delhi,Delhi,Premium,2023-06-10
19919,Aditi Gupta,Female,55,Faridabad,Haryana,Premium,2025-04-17
19920,Yash Yadav,Female,31,Kanpur,Uttar Pradesh,Regular,2023-04-15
19921,Karan Verma,Male,25,Saket,Delhi,VIP,2023-07-24
19922,Diya Bansal,Female,26,Kolkata,West Bengal,Regular,2024-12-08
19923,Vivaan Yadav,Female,39,Nagpur,Maharashtra,Premium,2023-01-31
19924,Meera Kapoor,Female,32,Pune,Maharashtra,New,2024-11-07
19925,Aarav Kumar,Female,20,Jodhpur,Rajasthan,New,2024-01-01
19926,Rahul Gupta,Male,39,Gurugram,Haryana,Regular,2023-04-11
19927,Rohan Gupta,Male,24,Lucknow,Uttar Pradesh,New,2024-04-25
19928,Riya Mehta,Male,41,Asansol,West Bengal,New,2024-10-09
19929,Riya Gupta,Male,41,Gandhinagar,Gujarat,Regular,2024-06-05
19930,Aarav Verma,Male,31,Durgapur,West Bengal,Premium,2023-07-19
19931,Arjun Kumar,Female,37,Vadodara,Gujarat,VIP,2024-07-16
19932,Sneha Agarwal,Female,31,Patiala,Punjab,Regular,2025-11-01
19933,Aman Saini,Male,33,Karol Bagh,Delhi,VIP,2024-04-26
19934,Arjun Singh,Female,21,Panipat,Haryana,Premium,2025-05-01
19935,Arjun Singh,Male,18,Kanpur,Uttar Pradesh,Regular,2023-07-31
19936,Meera Verma,Female,33,Jalandhar,Punjab,Regular,2024-02-01
19937,Isha Arora,Other,24,Kota,Rajasthan,VIP,2024-07-22
19938,Isha Agarwal,Female,25,Nashik,Maharashtra,Premium,2023-07-02
19939,Vikas Agarwal,Male,25,Howrah,West Bengal,Regular,2023-11-03
19940,Arjun Kumar,Male,44,Ahmedabad,Gujarat,Regular,2023-03-19
19941,Karan Kapoor,Female,45,Siliguri,West Bengal,Premium,2024-05-02
19942,Kavya Agarwal,Female,37,Karnal,Haryana,Regular,2024-05-27
19943,Aman Saini,Female,31,Gurugram,Haryana,New,2024-07-01
19944,Aditya Mishra,Male,37,Nashik,Maharashtra,Regular,2025-06-17
19945,Yash Sharma,Male,45,Agra,Uttar Pradesh,Premium,2023-03-08
19946,Aman Yadav,Male,51,Saket,Delhi,New,2023-11-11
19947,Isha Arora,Female,26,Varanasi,Uttar Pradesh,Premium,2024-03-21
19948,Aman Gupta,Female,19,Dwarka,Delhi,Premium,2025-06-11
19949,Kavya Chopra,Male,37,Jaipur,Rajasthan,Regular,2024-12-15
19950,Aditi Chopra,Male,18,Lucknow,Uttar Pradesh,Regular,2025-07-25
19951,Rohan Arora,Female,37,Kota,Rajasthan,VIP,2024-02-22
19952,Rohan Singh,Other,36,Nagpur,Maharashtra,Premium,2024-03-02
19953,Isha Sharma,Male,33,Varanasi,Uttar Pradesh,Premium,2024-06-09
19954,Rohan Sharma,Male,52,Dwarka,Delhi,Regular,2023-10-16
19955,Riya Chopra,Male,35,Jalandhar,Punjab,Regular,2023-07-24
19956,Ananya Agarwal,Male,40,Agra,Uttar Pradesh,Regular,2024-12-06
19957,Neha Mishra,Female,46,Rajkot,Gujarat,Premium,2023-06-12
19958,Isha Singh,Male,33,Rajkot,Gujarat,New,2025-06-09
19959,Meera Gupta,Female,30,Nashik,Maharashtra,New,2025-12-04
19960,Diya Kapoor,Female,30,Karol Bagh,Delhi,Regular,2025-03-22
19961,Sneha Verma,Male,38,Thane,Maharashtra,Regular,2024-02-10
19962,Aman Singh,Female,37,Pune,Maharashtra,VIP,2025-10-29
19963,Aarav Arora,Female,51,Kota,Rajasthan,New,2024-05-31
19964,Aditi Saini,Male,28,Thane,Maharashtra,Regular,2023-07-14
19965,Rahul Sharma,Male,32,Jodhpur,Rajasthan,Premium,2024-03-28
19966,Aditi Bansal,Female,44,Thane,Maharashtra,Regular,2024-07-09
19967,Aman Chopra,Female,41,Thane,Maharashtra,Regular,2024-07-17
19968,Karan Sharma,Male,33,Amritsar,Punjab,Premium,2024-02-02
19969,Meera Kapoor,Male,32,Gandhinagar,Gujarat,New,2025-10-25
19970,Kavya Chopra,Female,29,Jalandhar,Punjab,VIP,2023-08-06
19971,Arjun Agarwal,Male,25,Faridabad,Haryana,Regular,2023-11-06
19972,Aditi Arora,Female,34,Kolkata,West Bengal,New,2023-05-21
19973,Yash Saini,Female,40,Siliguri,West Bengal,Regular,2024-03-08
19974,Aarav Kapoor,Female,38,Gurugram,Haryana,Premium,2025-07-10
19975,Rohan Kumar,Female,33,Lucknow,Uttar Pradesh,Regular,2024-08-14
19976,Aarav Mehta,Female,37,Patiala,Punjab,New,2024-05-31
19977,Isha Singh,Female,24,Ajmer,Rajasthan,New,2023-07-14
19978,Aditi Yadav,Male,40,Gandhinagar,Gujarat,Regular,2024-04-23
19979,Isha Saini,Female,20,Durgapur,West Bengal,New,2023-09-21
19980,Arjun Mishra,Female,37,Nashik,Maharashtra,Regular,2025-05-04
19981,Rahul Gupta,Female,40,Noida,Uttar Pradesh,New,2025-08-08
19982,Rahul Agarwal,Female,35,Mumbai,Maharashtra,Regular,2025-08-01
19983,Meera Kumar,Female,34,Varanasi,Uttar Pradesh,Regular,2023-07-17
19984,Yash Mehta,Male,23,Howrah,West Bengal,Premium,2023-06-20
19985,Vivaan Saini,Female,34,Howrah,West Bengal,Regular,2023-11-11
19986,Meera Kumar,Male,54,Nagpur,Maharashtra,Regular,2023-04-24
19987,Diya Singh,Female,33,Noida,Uttar Pradesh,Premium,2025-03-27
19988,Riya Gupta,Male,31,Kanpur,Uttar Pradesh,VIP,2023-07-08
19989,Yash Saini,Male,18,Panipat,Haryana,Regular,2023-03-29
19990,Rahul Singh,Female,38,Rajkot,Gujarat,Regular,2024-06-18
19991,Yash Yadav,Female,38,Noida,Uttar Pradesh,Regular,2023-03-22
19992,Riya Kapoor,Female,29,Kanpur,Uttar Pradesh,Regular,2024-12-20
19993,Rahul Bansal,Male,32,Ajmer,Rajasthan,New,2024-05-23
19994,Ananya Gupta,Female,21,Surat,Gujarat,Regular,2023-08-15
19995,Ananya Bansal,Female,35,Jalandhar,Punjab,VIP,2023-03-06
19996,Aarav Kumar,Male,39,Gandhinagar,Gujarat,Regular,2025-06-21
19997,Isha Mishra,Female,18,Kolkata,West Bengal,Regular,2023-11-09
19998,Vivaan Sharma,Female,34,Kolkata,West Bengal,VIP,2023-06-02
19999,Kavya Kapoor,Male,51,Lucknow,Uttar Pradesh,Regular,2024-11-29
20000,Riya Gupta,Female,36,Karol Bagh,Delhi,Regular,2024-01-29
